# File generated by ImageToStl.com - Free Image and 3D model conversion tools

mtllib Duck.mtl

o obj1
v -0.23936399 0.11535299 0.30612499
v -0.187264 0.10108001 0.26681398
v -0.15699199 0.114278 0.34232097
v -0.11459 0.100413 0.29824298
v -0.24532598 0.10114699 0.22206899
v -0.30519599 0.116272 0.25132598
v -0.35152797 0.11683599 0.17719099
v -0.28550399 0.101785 0.15799499
v -0.31114198 0.10170299 0.0638486
v -0.37927199 0.11779999 0.06997279
v 0.47767699 0.14116199 0.336212
v 0.61547198 0.14272599 0.25208198
v 0.51841098 0.17705499 0.36560199
v 0.65720595 0.18372001 0.27086198
v 0.56011698 0.11434499 0.22696298
v 0.43685397 0.11429999 0.30016399
v -0.28646699 0.14412 0.33979297
v -0.19459001 0.14309001 0.379267
v -0.36067001 0.14505399 0.27681598
v -0.32929198 0.18557399 0.36724799
v -0.40921798 0.186322 0.29638198
v -0.23234298 0.18148799 0.41042899
v -0.409463 0.146426 0.19221899
v -0.44171397 0.146552 0.0727827
v -0.46173297 0.186604 0.20524599
v -0.50267497 0.18389 0.0736354
v 0.68618193 0.142022 0.14075699
v 0.62448699 0.113989 0.12980599
v 0.73341795 0.18346799 0.14919399
v 0.55780299 0.224988 0.38546496
v 0.68873198 0.23410699 0.28420799
v 0.60232596 0.28194398 0.39594897
v 0.71298399 0.29035899 0.29333499
v -0.36981898 0.23743598 0.38584399
v -0.27017099 0.234671 0.43036597
v -0.45230197 0.23662799 0.30924598
v -0.41073096 0.29332498 0.39476298
v -0.4895 0.28935798 0.31410199
v -0.32973697 0.29691398 0.43477
v 0.76984396 0.234678 0.15574899
v 0.79461493 0.29189399 0.16067199
v 0.72886496 0.35122298 0.29836898
v 0.63240595 0.34557399 0.39830699
v 0.65251296 0.41395499 0.39884002
v 0.73811796 0.41742499 0.29858398
v 0.80931799 0.35387698 0.16409
v 0.818608 0.42114001 0.167292
v 0.64626296 0.55484896 0.38264796
v 0.66081694 0.48555499 0.39244899
v 0.72659697 0.55003001 0.29246799
v 0.73998694 0.48534697 0.29685699
v 0.81589399 0.48838698 0.16962799
v 0.80168799 0.55185298 0.16948
v 0.55517897 0.67734 0.35735797
v 0.61192698 0.62005698 0.37295001
v 0.665829 0.66416495 0.27921798
v 0.70169997 0.61015196 0.28639499
v 0.77787398 0.61019599 0.16761098
v 0.74864699 0.66326796 0.16601001
v 0.43497096 0.75699194 0.31869899
v 0.48508399 0.72152899 0.339029
v 0.56934001 0.75003699 0.257495
v 0.61763697 0.71037001 0.26855699
v 0.71632094 0.71177199 0.16667001
v 0.67183493 0.75449293 0.166366
v -0.12124799 0.73999098 0.28919099
v 0.0193642 0.72838698 0.338763
v -0.0740039 0.76158095 0.263759
v 0.0364763 0.75914198 0.30548002
v -0.0337962 0.78057593 0.23195299
v 0.0531806 0.78426893 0.26963899
v 0.148335 0.76314497 0.32047099
v 0.147016 0.78846495 0.28888599
v 0.14760099 0.738701 0.35157397
v -0.14704199 0.76609595 0.19720899
v -0.192017 0.77811499 0.07336109
v -0.20947 0.75005896 0.21399499
v -0.247824 0.78230398 0.0765121
v -0.13279899 0.78281599 0.0678078
v -0.09309569 0.78091696 0.17663499
v 0.0233308 0.81265799 0.107014
v 0.0065596 0.81072294 0.0399376
v 0.0494216 0.81426695 0.158195
v -0.55305499 0.81482298 0.20186498
v -0.49515002 0.83877798 0.20767799
v -0.54725699 0.89976095 0.08844909
v -0.485489 0.92265592 0.0906511
v -0.485489 0.92265592 0.0906511
v -0.49515002 0.83877798 0.20767799
v -0.42421699 0.91530096 0.0902211
v -0.44102496 0.82878393 0.21079999
v -0.48399798 0.77260596 0.26959499
v -0.44171397 0.77893797 0.26126798
v -0.48399798 0.77260596 0.26959499
v -0.53656596 0.74737494 0.26973499
v -0.63834097 0.69835898 0.17705
v -0.60333895 0.76363493 0.190618
v -0.64758696 0.73899695 0.0715297
v -0.60159598 0.84405699 0.0828143
v -0.58257899 0.70639593 0.26417499
v -0.61569098 0.65695799 0.25225299
v -0.58145896 0.60410899 0.31584499
v -0.54552199 0.64876494 0.32924297
v -0.50191798 0.68783095 0.33096999
v -0.42929599 0.61250197 0.39449599
v -0.46397197 0.55562003 0.40334098
v -0.48959597 0.49256099 0.39821799
v -0.53555697 0.46159198 0.34992797
v -0.60815798 0.55995696 0.28572799
v -0.58369795 0.43946799 0.28036001
v -0.63069003 0.52729003 0.24055299
v -0.649663 0.57267298 0.21739799
v -0.63649497 0.60788298 0.23365798
v -0.50644198 0.23497499 0.21243799
v -0.55757003 0.23043001 0.0773055
v -0.54426097 0.28539199 0.21638198
v -0.60109198 0.28235898 0.07927759
v -0.0466971 0.35733298 0.52217696
v -0.0518279 0.39355098 0.52868697
v -0.103735 0.36316001 0.51833598
v -0.124228 0.39245399 0.51941897
v -0.0595461 0.43385497 0.53166003
v -0.14264499 0.43476699 0.51889197
v -0.45138297 0.35182399 0.39080299
v -0.52176596 0.34100597 0.30998698
v -0.53555697 0.46159198 0.34992797
v -0.58369795 0.43946799 0.28036001
v -0.48959597 0.49256099 0.39821799
v -0.39358199 0.371753 0.42824496
v -0.57747 0.33544597 0.2151
v -0.63204695 0.33356197 0.0777354
v -0.62483199 0.42773799 0.19605299
v -0.66251898 0.42375003 0.0759116
v -0.0634459 0.47534499 0.53092597
v -0.062067 0.51429297 0.52475001
v -0.14968899 0.48097297 0.51571196
v -0.14504699 0.52274497 0.51045497
v -0.24162599 0.66801299 0.39629798
v -0.21096 0.64579199 0.417131
v -0.132184 0.68158797 0.38548797
v -0.10609299 0.65575697 0.41267596
v -0.29201299 0.79656096 0.08085689
v -0.27553098 0.73687697 0.22894199
v -0.20841001 0.71931197 0.31587499
v -0.20841001 0.71931197 0.31587499
v -0.27553098 0.73687697 0.22894199
v -0.31799299 0.70839796 0.33436599
v -0.34081397 0.73657294 0.23168498
v -0.29201299 0.79656096 0.08085689
v -0.33115298 0.82334898 0.0862471
v 0.34122497 0.80571798 0.26647298
v 0.39086398 0.77653593 0.29495899
v 0.48245196 0.81078894 0.22327001
v 0.52286002 0.78290495 0.242985
v 0.28675199 0.75046698 0.34739997
v 0.26620698 0.76955893 0.31914399
v 0.24528398 0.79424795 0.29097699
v 0.62586695 0.78858397 0.16119798
v 0.58245597 0.81645399 0.14937199
v 0.0876422 0.81560095 0.20242898
v 0.155527 0.81380697 0.24423
v -0.40058002 0.733058 0.29016898
v -0.39393001 0.77908598 0.22264699
v -0.37106399 0.88175199 0.0891461
v -0.62483199 0.42773799 0.19605299
v -0.65592795 0.51665797 0.17259399
v -0.66251898 0.42375003 0.0759116
v -0.68004599 0.51578299 0.0715372
v -0.66254195 0.57767699 0.16013799
v -0.67975798 0.58511397 0.0699802
v -0.44833598 0.71333594 0.32121299
v -0.38081397 0.66612196 0.37636798
v -0.38081397 0.66612196 0.37636798
v -0.44833598 0.71333594 0.32121299
v -0.65568999 0.63550898 0.16556499
v -0.66914694 0.65618002 0.0707735
v 0.55167197 0.83732496 0.13221599
v 0.46140296 0.83292799 0.20059
v 0.53373698 0.85557196 0.12367399
v 0.44865096 0.85199003 0.18757799
v 0.25305499 0.83159399 0.23781002
v 0.175457 0.83229895 0.21656799
v 0.24395698 0.81241293 0.26414499
v 0.19049999 0.85009298 0.204734
v 0.26055 0.84941 0.22327798
v 0.35196098 0.83043005 0.23511098
v 0.35258399 0.84975897 0.22008899
v 0.12119199 0.832358 0.18075
v 0.08650039 0.83153395 0.13712399
v 0.102211 0.84964094 0.13144499
v 0.138638 0.85024794 0.17284599
v 0.39271697 0.100042 0.25989698
v 0.49741397 0.0999683 0.19706798
v 0.14615599 0.10012399 0.31795799
v 0.25963098 0.10025699 0.30039298
v 0.151798 0.1141 0.364164
v 0.28211898 0.114278 0.34579097
v -0.00679352 0.100168 0.31829898
v -0.0269678 0.11342499 0.36465297
v 0.55179 0.100309 0.114214
v 0.30528798 0.140969 0.382233
v 0.161259 0.13979799 0.40217696
v 0.172973 0.17367399 0.43297599
v 0.33079299 0.17733598 0.41376498
v -0.0521985 0.14079099 0.40254798
v -0.08320499 0.17872299 0.43371699
v 0.189195 0.36204097 0.52589198
v 0.18462799 0.39992 0.53299399
v 0.112191 0.35624297 0.52598796
v 0.10604399 0.39652396 0.53431399
v 0.182523 0.44311599 0.53795497
v 0.101522 0.43826697 0.53925196
v 0.18462799 0.39992 0.53299399
v 0.25953498 0.39999396 0.52774497
v 0.182523 0.44311599 0.53795497
v 0.27024799 0.44558497 0.52883498
v 0.24568498 0.36924697 0.52469096
v 0.189195 0.36204097 0.52589198
v 0.17691 0.48986297 0.53822097
v 0.0973549 0.48091399 0.53881499
v 0.0935439 0.52179599 0.53505599
v 0.16923599 0.53600898 0.53289798
v 0.16923599 0.53600898 0.53289798
v 0.17691 0.48986297 0.53822097
v 0.25437398 0.55085196 0.52072398
v 0.26872098 0.49869296 0.52695197
v 0.161429 0.57600196 0.52317099
v 0.0912603 0.55867499 0.52718097
v 0.09231319 0.59258002 0.51211497
v 0.15978299 0.60870596 0.50854197
v 0.15978299 0.60870596 0.50854197
v 0.161429 0.57600196 0.52317099
v 0.21275098 0.61641696 0.50394496
v 0.23242799 0.59208296 0.51199698
v 0.32261497 0.71409994 0.37972697
v 0.15200599 0.70934798 0.38490897
v 0.43864898 0.67794096 0.39867698
v 0.51440799 0.62676001 0.41461799
v 0.55983496 0.56162497 0.42780799
v 0.57640597 0.48915099 0.43843299
v 0.56418696 0.41764796 0.44437098
v 0.52917697 0.35058597 0.44577296
v 0.46956599 0.29008498 0.44239898
v 0.36217002 0.231483 0.43905597
v 0.18041 0.21337001 0.45415797
v -0.13067899 0.23553098 0.45645698
v -0.24263399 0.29759599 0.46469397
v -0.31768098 0.36617797 0.45776896
v -0.37134597 0.44647399 0.44431197
v -0.37829997 0.51572398 0.43692698
v -0.35866798 0.57895297 0.42733298
v -0.46397197 0.55562003 0.40334098
v -0.42929599 0.61250197 0.39449599
v -0.31474498 0.63294299 0.41295001
v -0.38081397 0.66612196 0.37636798
v -0.31799299 0.70839796 0.33436599
v -0.0573514 0.54684096 0.51816596
v -0.12933699 0.55435897 0.50659198
v -0.0554756 0.57467497 0.50645896
v -0.110645 0.57332499 0.50303298
v 0.013848 0.69260596 0.38587298
v -0.27949798 0.364747 0.46635497
v -0.32007598 0.43319499 0.45756198
v -0.23853399 0.36651897 0.48762599
v -0.27298099 0.428866 0.48068698
v -0.25957599 0.36564399 0.47277598
v -0.29809299 0.42968097 0.46535399
v -0.16443599 0.32224799 0.49305396
v -0.18661199 0.31176399 0.47825499
v -0.20603698 0.30610698 0.47064002
v -0.33328899 0.50128798 0.44856799
v -0.32136699 0.56488799 0.43832896
v -0.28752 0.49271003 0.47286399
v -0.27889699 0.55043002 0.46516097
v -0.31266198 0.49649096 0.45658297
v -0.30266 0.55842299 0.44703299
v 0.29934898 0.259004 0.46523597
v 0.164046 0.23930499 0.47058097
v 0.136265 0.28063899 0.49998599
v 0.14947699 0.25712099 0.48390399
v 0.23961198 0.29545299 0.49912597
v 0.26754199 0.27511598 0.48116099
v 0.23961198 0.29545299 0.49912597
v 0.26754199 0.27511598 0.48116099
v 0.32386798 0.32717098 0.49871096
v 0.36289699 0.31221698 0.48060496
v 0.40111796 0.30266 0.46513896
v -0.0984192 0.261273 0.47153003
v -0.0715942 0.29397798 0.49707896
v -0.0842801 0.27461898 0.48234698
v 0.46821696 0.35817001 0.46576198
v 0.38155097 0.37512698 0.49781398
v 0.42664496 0.365214 0.48059798
v 0.413922 0.43435199 0.49468497
v 0.46511001 0.42777598 0.47789897
v 0.50775698 0.42275599 0.46347796
v 0.52056899 0.49305098 0.45765098
v 0.42270099 0.49912299 0.48877597
v 0.47734397 0.49637999 0.47182696
v 0.40469897 0.56344897 0.48034499
v 0.45663596 0.56467299 0.46257399
v 0.50127696 0.56399001 0.44758197
v 0.26485099 0.69258398 0.41299399
v 0.37117099 0.66937697 0.42345599
v 0.20505498 0.66243002 0.45903697
v 0.28973298 0.65038893 0.463945
v 0.23210199 0.67812598 0.43553397
v 0.32852397 0.66170294 0.44295497
v 0.11052299 0.65662398 0.45690898
v 0.20505498 0.66243002 0.45903697
v 0.12357899 0.67260199 0.43217498
v 0.23210199 0.67812598 0.43553397
v 0.13708799 0.68774199 0.41108199
v 0.45063796 0.62555098 0.43564498
v 0.358278 0.61688399 0.47141898
v 0.40555099 0.62254897 0.45237197
v -0.28270099 0.61599398 0.42678496
v -0.18584798 0.62386096 0.45599002
v -0.20177398 0.63842295 0.42599196
v -0.24696399 0.59531596 0.45888896
v -0.26747899 0.60754199 0.43669799
v -0.0895663 0.63261698 0.455834
v -0.09811519 0.64578497 0.42534698
v 0.0132251 0.641537 0.45660499
v 0.0156273 0.65451895 0.43026198
v -0.22388299 0.43329898 0.49848796
v -0.19149 0.38151797 0.50400496
v -0.13343699 0.34446899 0.50771899
v -0.22833898 0.53817397 0.48604697
v -0.23662799 0.48882499 0.49219397
v 0.21104499 0.327401 0.51478499
v 0.12303099 0.31636899 0.51468097
v 0.21104499 0.327401 0.51478499
v 0.282 0.34970298 0.51491099
v -0.0570251 0.32444999 0.51108496
v 0.32426799 0.38965098 0.51459998
v 0.349314 0.44155898 0.51258296
v 0.35246497 0.50041297 0.50777098
v 0.33728099 0.55899298 0.50047499
v 0.24849498 0.63369998 0.486114
v 0.17920099 0.63783698 0.48437098
v 0.09961619 0.62887297 0.48403796
v 0.17920099 0.63783698 0.48437098
v 0.30018001 0.60597003 0.49245299
v -0.20423599 0.57642398 0.48125697
v -0.15019299 0.59748797 0.48010898
v -0.0711345 0.60551097 0.48208098
v 0.0152196 0.61500098 0.483586
v 0.0176736 0.58016097 0.51009898
v 0.0170287 0.54829497 0.52480197
v 0.0163762 0.51386298 0.53303199
v 0.0175772 0.47519 0.53787299
v 0.0211362 0.43438899 0.53826598
v 0.0261333 0.39403297 0.53300898
v 0.0303002 0.35457397 0.52467498
v 0.0311009 0.31636098 0.51326499
v 0.0307525 0.28229299 0.49935599
v 0.0309452 0.25896001 0.48475699
v 0.0312344 0.24063899 0.47280497
v 0.0302928 0.21447399 0.45896296
v 0.0408211 0.173859 0.43941897
v 0.0448174 0.13922001 0.40962798
v 0.0463076 0.113477 0.37059898
v 0.0495551 0.0999831 0.32390399
v 0.706407 0.14391299 0.0292833
v 0.75825598 0.18392799 0.0293945
v 0.64275595 0.11657599 0.0265993
v 0.79935293 0.23413001 0.0293945
v 0.82812796 0.29136798 0.0293945
v 0.84580297 0.353544 0.0293945
v 0.85872595 0.42138396 0.0293945
v 0.85963095 0.48859496 0.0325752
v 0.84914694 0.55209098 0.0325752
v 0.82825399 0.61022597 0.0325826
v 0.79936003 0.66200697 0.0325752
v 0.76754599 0.71343298 0.032553
v 0.72920698 0.75656897 0.0311665
v 0.69013296 0.79147497 0.0300989
v 0.649644 0.82121397 0.02892
v 0.61558299 0.84206297 0.0251758
v 0.59150096 0.858263 0.0211721
v 0.57075598 0.101525 0.0228551
v 0.0664003 0.83073393 0.0864102
v 0.0566061 0.83019293 0.0297282
v 0.0791973 0.84747496 0.08183559
v 0.0673344 0.84526594 0.0283788
v 0.10347899 0.87400297 0.13994899
v 0.0767061 0.86759001 0.0863805
v 0.0616626 0.86352697 0.033376
v 0.0433048 0.88700796 0.0457726
v 0.0599276 0.89569799 0.10109799
v 0.0922909 0.91542692 0.17103698
v 0.19523799 0.87099394 0.20648399
v 0.14398299 0.87270597 0.17874799
v 0.14531799 0.90472799 0.205795
v 0.195676 0.89717298 0.22487899
v 0.26209998 0.86943693 0.22165399
v 0.2584 0.89316198 0.23559299
v 0.35022597 0.89387396 0.23373199
v 0.35030799 0.86949598 0.21917799
v 0.45057097 0.89417799 0.19824001
v 0.44429099 0.87174192 0.18659898
v 0.52847197 0.87516005 0.12330399
v 0.54148398 0.90199194 0.13139299
v 0.58577796 0.87595297 0.0223361
v 0.59103396 0.90032392 0.0337689
v 0.0158052 0.66813895 0.41235698
v -0.31802198 0.100858 -0.0197102
v -0.38800597 0.11688 -0.0194433
v -0.45245799 0.14541 -0.019814
v -0.51564299 0.18203699 -0.021067
v 0.70781599 0.14225899 -0.10513699
v 0.759308 0.18273399 -0.10619
v 0.64371298 0.11526399 -0.101319
v 0.79936796 0.23364799 -0.10642
v 0.82695593 0.29129398 -0.10748
v 0.843683 0.35367 -0.110661
v 0.85613897 0.42137 -0.115317
v 0.85803694 0.48926196 -0.12025499
v 0.84792395 0.55345496 -0.12413299
v 0.82711195 0.61214598 -0.12692099
v 0.79634298 0.66397894 -0.129219
v 0.71668394 0.756332 -0.12706099
v 0.76016798 0.71427794 -0.13394899
v -0.19731 0.779019 -0.0194433
v -0.20260398 0.77992399 -0.112248
v -0.250219 0.78692297 -0.0182199
v -0.252621 0.79154196 -0.11295199
v -0.13821099 0.78324499 -0.0189985
v -0.143624 0.78367598 -0.10581199
v 0.00599609 0.81096693 -0.0111393
v 0.00543259 0.81120497 -0.06221619
v -0.55446398 0.92477697 -0.0338715
v -0.48967002 0.94380094 -0.0343312
v -0.49384497 0.92981092 -0.15318199
v -0.48967002 0.94380094 -0.0343312
v -0.43191298 0.92022398 -0.149719
v -0.42743499 0.92750494 -0.0324479
v -0.66314894 0.75478194 -0.0211857
v -0.61625395 0.86677496 -0.029586
v -0.56839499 0.22922899 -0.0204294
v -0.61043398 0.28045398 -0.11312299
v -0.61327296 0.28167001 -0.0200068
v -0.64353095 0.342467 -0.111677
v -0.64683005 0.34159198 -0.0192802
v -0.29166398 0.80371595 -0.0167964
v -0.29130899 0.81087095 -0.11445
v -0.32863197 0.83511595 -0.0195249
v -0.32611099 0.84687498 -0.12530399
v -0.29166398 0.80371595 -0.0167964
v -0.29130899 0.81087095 -0.11445
v 0.675801 0.79108893 -0.12265
v 0.63485198 0.82005697 -0.115406
v -0.37138297 0.88952894 -0.0297714
v -0.37317699 0.89302099 -0.145323
v -0.67724394 0.42676002 -0.0188947
v -0.69298499 0.52035796 -0.0198363
v -0.690782 0.59067397 -0.0198585
v -0.68012793 0.66587004 -0.0196361
v 0.59998297 0.84013495 -0.10740599
v 0.57762896 0.85609793 -0.10350599
v 0.0568803 0.83027395 -0.0072765
v 0.0571547 0.83035597 -0.0442811
v 0.06509539 0.84439093 -0.00967133
v 0.0635532 0.84378294 -0.0372153
v 0.57091899 0.10091699 -0.09592899
v 0.0572511 0.86210394 -0.00331726
v 0.0545968 0.86121397 -0.0326036
v 0.0373808 0.88530294 0.0110886
v 0.0324726 0.88584394 -0.0272431
v 0.56928 0.89784796 -0.105352
v 0.56493598 0.87461897 -0.1008
v -0.24340499 0.11435899 -0.38360297
v -0.161893 0.11413 -0.41824199
v -0.191772 0.09970139 -0.34562698
v -0.12051399 0.0999387 -0.37469798
v -0.31106 0.114775 -0.32968597
v -0.25119001 0.0992937 -0.30186
v -0.35474498 0.11632399 -0.25677398
v -0.29009298 0.10052399 -0.23968399
v -0.37844096 0.117199 -0.17936199
v -0.30966699 0.10157699 -0.16999799
v 0.65416693 0.18372001 -0.34667197
v 0.60999999 0.14303 -0.32691299
v 0.51114497 0.17827001 -0.43776397
v 0.46972197 0.14213299 -0.40794398
v 0.55538596 0.114663 -0.30236499
v 0.42982596 0.11509299 -0.37420898
v -0.19519699 0.14354899 -0.45389697
v -0.28996599 0.14378699 -0.41640399
v -0.36488002 0.14459499 -0.353605
v -0.41225799 0.186322 -0.37219997
v -0.33188697 0.18572198 -0.44230899
v -0.227101 0.18381599 -0.48172297
v -0.41434096 0.14431299 -0.27135099
v -0.44123298 0.14444699 -0.18697599
v -0.49906398 0.18128099 -0.19454599
v -0.46661899 0.18392799 -0.28284299
v 0.62094397 0.11419599 -0.20539299
v 0.68265295 0.142141 -0.21655899
v 0.73037794 0.18346799 -0.22501098
v 0.70927695 0.29035199 -0.368544
v 0.68569197 0.23410699 -0.36002498
v 0.59314002 0.28460599 -0.46539699
v 0.54839499 0.22709299 -0.457182
v -0.26881399 0.23691699 -0.50140097
v -0.37172397 0.23751001 -0.458917
v -0.45535003 0.23662799 -0.38506297
v -0.49361499 0.28878002 -0.39024596
v -0.41371799 0.29344398 -0.46770297
v -0.331991 0.29873 -0.50710898
v 0.76680395 0.234678 -0.23156599
v 0.79157499 0.29189399 -0.23648099
v 0.72563299 0.351268 -0.37388297
v 0.62517001 0.34810897 -0.46660598
v 0.734812 0.41755897 -0.37345298
v 0.64622595 0.41590499 -0.46593097
v 0.80627798 0.35387698 -0.23989898
v 0.81556799 0.42114001 -0.24311
v 0.63926398 0.55223098 -0.45573596
v 0.72906599 0.55097098 -0.37030898
v 0.65208296 0.48551097 -0.46114898
v 0.73839995 0.48562899 -0.37299998
v 0.81674002 0.48898799 -0.24628299
v 0.80687094 0.55347697 -0.24807001
v 0.55802596 0.66766394 -0.44169398
v 0.67308005 0.66432799 -0.36116
v 0.60796095 0.61445197 -0.45031596
v 0.70779394 0.61119002 -0.36790698
v 0.78612593 0.61265002 -0.24804
v 0.75547499 0.66521796 -0.24624599
v 0.43956099 0.746649 -0.39815002
v 0.57829695 0.75238005 -0.34139297
v 0.49193499 0.70950293 -0.42348399
v 0.62988497 0.71049002 -0.35195098
v 0.714756 0.71200896 -0.244489
v 0.66864699 0.75464796 -0.244251
v -0.12217399 0.73881895 -0.36438499
v -0.0685692 0.76130697 -0.33299297
v 0.0220258 0.72876494 -0.412252
v 0.040999 0.75837797 -0.37445399
v -0.020421 0.78412001 -0.29475002
v 0.0618702 0.785203 -0.33435001
v 0.15397799 0.78799795 -0.35514697
v 0.153904 0.76123999 -0.38918597
v 0.15540099 0.73189398 -0.42511497
v -0.24787599 0.76579199 -0.19726699
v -0.18659 0.77177595 -0.18969699
v -0.206749 0.749933 -0.28818799
v -0.14564799 0.76613295 -0.27007499
v -0.12534 0.78289694 -0.17667799
v -0.08319 0.78354895 -0.24270198
v 0.0196458 0.81256193 -0.183514
v 0.00727875 0.81187193 -0.12414799
v 0.0434457 0.81122694 -0.24164199
v -0.55843001 0.81314001 -0.28550399
v -0.55816298 0.87242399 -0.22075599
v -0.49891597 0.83610899 -0.28987199
v -0.49625399 0.89346594 -0.22464799
v -0.49625399 0.89346594 -0.22464799
v -0.43703597 0.88349394 -0.22315799
v -0.49891597 0.83610899 -0.28987199
v -0.44445098 0.82604796 -0.28968599
v -0.44488799 0.77875197 -0.33664798
v -0.48680796 0.77232397 -0.345316
v -0.54130297 0.74792395 -0.346324
v -0.48680796 0.77232397 -0.345316
v -0.64313094 0.69657294 -0.25898399
v -0.65505293 0.72589598 -0.185049
v -0.61122698 0.76111395 -0.27267099
v -0.61710696 0.81899 -0.209783
v -0.58783496 0.70712294 -0.34109698
v -0.61961299 0.657536 -0.32955299
v -0.58446898 0.60387896 -0.39173598
v -0.55060096 0.65033698 -0.405186
v -0.50507697 0.68780898 -0.40681697
v -0.43463397 0.60448001 -0.47489398
v -0.46719001 0.55354396 -0.480974
v -0.49208697 0.49199797 -0.47372298
v -0.54183001 0.45993098 -0.42282397
v -0.58968897 0.43719897 -0.35585799
v -0.61302897 0.55834796 -0.362984
v -0.63854895 0.52571097 -0.32006297
v -0.65195395 0.57072299 -0.29514299
v -0.63933497 0.60729003 -0.31165498
v -0.51201697 0.23172698 -0.29078298
v -0.54957 0.22813098 -0.19976598
v -0.59265399 0.27911899 -0.20236099
v -0.55152003 0.282115 -0.29549899
v -0.0396387 0.36040897 -0.59508002
v -0.09326629 0.36666698 -0.59050498
v -0.0437907 0.39576797 -0.59840895
v -0.11203199 0.39413699 -0.59029002
v -0.130864 0.43344699 -0.58848097
v -0.0522208 0.43471499 -0.59880896
v -0.45846396 0.35435897 -0.463143
v -0.53076003 0.34281497 -0.38524898
v -0.58968897 0.43719897 -0.35585799
v -0.54183001 0.45993098 -0.42282397
v -0.49208697 0.49199797 -0.47372298
v -0.39753299 0.37337699 -0.50197898
v -0.58694499 0.33690597 -0.29414899
v -0.63128298 0.33463001 -0.20146398
v -0.66344595 0.42194797 -0.194391
v -0.63132796 0.42552199 -0.27851299
v -0.14219999 0.51903003 -0.58049597
v -0.060065 0.51355098 -0.59049002
v -0.142141 0.47724398 -0.58491496
v -0.058419 0.47514499 -0.59598399
v -0.111349 0.65489005 -0.48695697
v -0.217418 0.64009795 -0.49290297
v -0.139368 0.678282 -0.45920596
v -0.25058198 0.65913794 -0.47287799
v -0.30069499 0.77315497 -0.205683
v -0.27306199 0.73887793 -0.30329099
v -0.21575698 0.71292799 -0.39388599
v -0.21575698 0.71292799 -0.39388599
v -0.331287 0.69385199 -0.41471297
v -0.27306199 0.73887793 -0.30329099
v -0.34257899 0.73902594 -0.30839999
v -0.344892 0.80025396 -0.215618
v -0.30069499 0.77315497 -0.205683
v 0.34238197 0.80570295 -0.34249797
v 0.48699 0.81186499 -0.30868898
v 0.39216098 0.77645399 -0.37083598
v 0.52793898 0.78476599 -0.32868499
v 0.29705098 0.73733595 -0.42051097
v 0.27127899 0.76727499 -0.38884498
v 0.25218 0.79313597 -0.35808299
v 0.62387896 0.789177 -0.24244199
v 0.57939398 0.81717299 -0.23221099
v 0.09524179 0.81070799 -0.28796598
v 0.16575899 0.81115294 -0.31895002
v -0.40394698 0.73317 -0.36583099
v -0.39642798 0.78068693 -0.29833898
v -0.38625598 0.84633398 -0.22151199
v -0.63132796 0.42552199 -0.27851299
v -0.66344595 0.42194797 -0.194391
v -0.66132597 0.51337298 -0.25825698
v -0.68039496 0.51255 -0.18387001
v -0.68018004 0.58213297 -0.178183
v -0.666864 0.57589099 -0.246884
v -0.45136798 0.71286894 -0.39693397
v -0.39194297 0.64805396 -0.45713798
v -0.39194297 0.64805396 -0.45713798
v -0.45136798 0.71286894 -0.39693397
v -0.65846396 0.63417395 -0.25009399
v -0.670838 0.65104193 -0.17911001
v 0.54467299 0.83661299 -0.215529
v 0.46095797 0.83249899 -0.28641698
v 0.44194098 0.85119001 -0.267866
v 0.52190299 0.85359198 -0.20402898
v 0.179216 0.83203894 -0.29015298
v 0.25251298 0.81070799 -0.33360099
v 0.25847398 0.83135695 -0.30877
v 0.190219 0.85034498 -0.27484298
v 0.26163299 0.85064093 -0.29327499
v 0.347653 0.85042593 -0.29420898
v 0.35031497 0.83066694 -0.31265598
v 0.12145099 0.83203894 -0.25585498
v 0.08375709 0.83182394 -0.21112499
v 0.0994086 0.84923193 -0.20069299
v 0.13724399 0.84978895 -0.24246499
v 0.49392199 0.100272 -0.27324098
v 0.38796496 0.10050199 -0.33612899
v 0.14187 0.0993604 -0.395629
v 0.147802 0.113848 -0.44017398
v 0.25484899 0.0993826 -0.37999198
v 0.27742498 0.114278 -0.42153399
v -0.0325877 0.11387 -0.43971396
v -0.00926239 0.0996272 -0.39574699
v 0.55035899 0.100176 -0.190023
v 0.15637199 0.13954599 -0.47863097
v 0.30078 0.14104299 -0.45766398
v 0.169221 0.174452 -0.50806598
v 0.32795299 0.17799598 -0.48809897
v -0.059761 0.14211099 -0.47591697
v -0.0906415 0.18157699 -0.50572299
v 0.18851299 0.36274497 -0.60564498
v 0.113896 0.35743598 -0.60277598
v 0.18448 0.40062499 -0.61234698
v 0.10861 0.39790298 -0.60899699
v 0.104495 0.43909698 -0.61085799
v 0.18387899 0.44321898 -0.61328196
v 0.26591798 0.44646697 -0.61007098
v 0.25570899 0.40151397 -0.60924899
v 0.18387899 0.44321898 -0.61328196
v 0.18448 0.40062499 -0.61234698
v 0.24246 0.37063399 -0.60551898
v 0.18851299 0.36274497 -0.60564498
v 0.179876 0.48761599 -0.61060496
v 0.09984609 0.48041697 -0.60780299
v 0.0945597 0.51998 -0.60027697
v 0.17172001 0.53025599 -0.60166396
v 0.17172001 0.53025599 -0.60166396
v 0.25462598 0.54492896 -0.59527297
v 0.179876 0.48761599 -0.61060496
v 0.26705299 0.49701796 -0.60623099
v 0.162348 0.56772696 -0.58867396
v 0.0902446 0.55628001 -0.58875498
v 0.09006659 0.58994795 -0.57280799
v 0.15970899 0.59969 -0.57328898
v 0.15970899 0.59969 -0.57328898
v 0.21336599 0.60555499 -0.57205897
v 0.162348 0.56772696 -0.58867396
v 0.23277599 0.58232596 -0.58209002
v 0.15586099 0.70044295 -0.46078498
v 0.32916198 0.70048697 -0.45599597
v 0.44137698 0.664765 -0.47442
v 0.51248 0.61659499 -0.48746199
v 0.55540099 0.55524199 -0.49771499
v 0.57073397 0.48809096 -0.50569297
v 0.56006499 0.419561 -0.51280299
v 0.52566298 0.353329 -0.51602896
v 0.46513198 0.29225002 -0.51505
v 0.175056 0.21401498 -0.53141398
v 0.35752898 0.23258001 -0.51424899
v -0.13585399 0.239342 -0.52611197
v -0.248654 0.30357898 -0.52877398
v -0.32387897 0.37056003 -0.52637896
v -0.37595 0.44680098 -0.51763099
v -0.43463397 0.60448001 -0.47489398
v -0.36317496 0.56545096 -0.50609397
v -0.46719001 0.55354396 -0.480974
v -0.38094699 0.50861296 -0.51419001
v -0.39194297 0.64805396 -0.45713798
v -0.32276698 0.62015399 -0.49205096
v -0.331287 0.69385199 -0.41471297
v -0.130315 0.55228297 -0.57569895
v -0.0575739 0.54706397 -0.58255698
v -0.0565804 0.57551196 -0.57076098
v -0.111972 0.57272498 -0.56970797
v 0.0138182 0.689774 -0.45956897
v -0.32289397 0.43143798 -0.53136199
v -0.27833398 0.36860198 -0.53862002
v -0.21693599 0.37494899 -0.56284198
v -0.24868398 0.37043399 -0.54851096
v -0.26219299 0.42687099 -0.55600596
v -0.29599399 0.42733096 -0.54050399
v -0.15087499 0.33342197 -0.56792796
v -0.17719598 0.32105399 -0.55399699
v -0.20391698 0.31234298 -0.54283099
v -0.32829799 0.55373698 -0.51433097
v -0.337448 0.49298396 -0.52395396
v -0.285177 0.48553298 -0.54776896
v -0.31525001 0.48831298 -0.53174002
v -0.28591899 0.54455798 -0.53886496
v -0.31045198 0.54951796 -0.52156699
v 0.29503398 0.26045799 -0.54082896
v 0.15889299 0.23916398 -0.54731002
v 0.13361799 0.27784398 -0.57717398
v 0.23749898 0.29456298 -0.57672198
v 0.14481399 0.25644699 -0.55976596
v 0.26425798 0.27507099 -0.55663699
v 0.23749898 0.29456298 -0.57672198
v 0.31812198 0.331212 -0.57682597
v 0.26425798 0.27507099 -0.55663699
v 0.35659499 0.31626498 -0.55647296
v 0.396795 0.30561799 -0.53880599
v -0.10050299 0.26585498 -0.54508498
v -0.068028 0.30102899 -0.57211096
v -0.08336059 0.28158799 -0.55754897
v 0.46253001 0.36209998 -0.53790099
v 0.370326 0.38112498 -0.57722697
v 0.41694697 0.37049297 -0.55669596
v 0.39805499 0.43952002 -0.57543898
v 0.45078597 0.43237197 -0.55483496
v 0.50012797 0.42553599 -0.53543898
v 0.51139003 0.49254699 -0.52959697
v 0.406137 0.50159896 -0.57028598
v 0.46106898 0.49764796 -0.54959399
v 0.38915099 0.56149199 -0.56087798
v 0.44268199 0.56130599 -0.54071799
v 0.49321002 0.55834098 -0.52084796
v 0.371431 0.65794394 -0.49831599
v 0.26732 0.68026099 -0.48784697
v 0.20438699 0.65786299 -0.53141398
v 0.23255399 0.67017004 -0.50884497
v 0.28530698 0.643375 -0.53873099
v 0.32613002 0.653459 -0.51809798
v 0.10882499 0.65257597 -0.52860396
v 0.12263799 0.66666396 -0.50323897
v 0.20438699 0.65786299 -0.53141398
v 0.23255399 0.67017004 -0.50884497
v 0.13633899 0.67866698 -0.48637099
v 0.44624099 0.61620196 -0.51012698
v 0.34858001 0.61184199 -0.54919997
v 0.39661002 0.61561598 -0.52944899
v -0.29239898 0.60794299 -0.50255698
v -0.18825 0.61990897 -0.52891497
v -0.25463798 0.59176497 -0.53191001
v -0.204769 0.63199397 -0.50304599
v -0.27628002 0.60130599 -0.51121699
v -0.0918353 0.63106799 -0.52822497
v -0.10156299 0.64454695 -0.50044398
v 0.0109637 0.63909003 -0.52869998
v 0.0147894 0.65028494 -0.50272799
v -0.20345699 0.43068896 -0.57306697
v -0.16878799 0.38553599 -0.57781199
v -0.121122 0.35037097 -0.58168898
v -0.22243799 0.53125598 -0.56020297
v -0.22277898 0.48163298 -0.56692
v 0.20961399 0.32763797 -0.59397498
v 0.12290399 0.31718398 -0.59197299
v 0.20961399 0.32763797 -0.59397498
v 0.27758098 0.35200198 -0.59496096
v -0.0515608 0.32898799 -0.58568598
v 0.31789199 0.392914 -0.59630297
v 0.33897098 0.44496898 -0.59527297
v 0.34246299 0.50171099 -0.58992697
v 0.32748599 0.55599097 -0.57996897
v 0.24569198 0.62526198 -0.55824599
v 0.177651 0.63137896 -0.55404898
v 0.177651 0.63137896 -0.55404898
v 0.0969026 0.62316397 -0.55258898
v 0.29395898 0.59927497 -0.56794398
v -0.19992799 0.57080397 -0.55480498
v -0.14922199 0.59377398 -0.55221797
v -0.0723875 0.60359797 -0.55204001
v 0.0124614 0.61216899 -0.55229899
v 0.0154494 0.58121398 -0.57199896
v 0.0164281 0.54917697 -0.58655299
v 0.018074 0.51435199 -0.59645896
v 0.0215143 0.47625003 -0.60279795
v 0.0263558 0.43633197 -0.60521498
v 0.0314198 0.39616897 -0.60430297
v 0.0345486 0.35675399 -0.59904696
v 0.033214 0.31826698 -0.58908099
v 0.0281797 0.25931598 -0.56007697
v 0.0301964 0.28327098 -0.57528399
v 0.025518 0.216054 -0.53393397
v 0.02729 0.24178098 -0.54828898
v 0.036239 0.175846 -0.51251498
v 0.0427933 0.140176 -0.48351001
v 0.0456625 0.114122 -0.44541499
v 0.0459888 0.09976809 -0.40090797
v -0.38787196 0.11781399 -0.103899
v -0.31792598 0.10166599 -0.09977699
v -0.45286597 0.14501699 -0.10832599
v -0.51380397 0.18208099 -0.111306
v -0.55417399 0.91137899 -0.151558
v -0.49384497 0.92981092 -0.15318199
v -0.65540198 0.74790198 -0.111558
v -0.60872897 0.85604597 -0.14223799
v -0.56485099 0.22876199 -0.112211
v -0.67283293 0.42483897 -0.10914099
v -0.67283293 0.42483897 -0.10914099
v -0.69009299 0.51631697 -0.10622
v -0.68880194 0.58684096 -0.104374
v -0.676547 0.66183699 -0.10487799
v 0.0517719 0.83006697 -0.10496699
v 0.0631009 0.84621496 -0.09590669
v 0.0603725 0.83074194 -0.16133001
v 0.0746301 0.84815695 -0.15135799
v 0.0553085 0.86667799 -0.09244429
v 0.0239314 0.90370497 -0.09856849
v 0.0991936 0.86939894 -0.19954299
v 0.07120479 0.86896193 -0.15014899
v 0.0525504 0.89820394 -0.16202001
v 0.0867525 0.89566793 -0.20993799
v 0.191716 0.86982893 -0.27184799
v 0.13886699 0.86938498 -0.24059598
v 0.129607 0.89423002 -0.24907798
v 0.18350099 0.89417097 -0.27972099
v 0.25980899 0.87096395 -0.28959001
v 0.25048198 0.89564596 -0.29954
v 0.32799098 0.89715094 -0.30423299
v 0.340372 0.87116392 -0.29028699
v 0.41363299 0.90171797 -0.28705398
v 0.42832099 0.87239393 -0.26583499
v 0.50952899 0.87314299 -0.20603799
v 0.50872798 0.90670797 -0.23645898
v -0.11298099 1.22692006 0.0969681
v -0.104921 1.27767003 0.10446399
v -0.11604299 1.22781003 0.08684769
v -0.11102299 1.27944005 0.0841562
v -0.10977 1.22366002 0.106888
v -0.0985971 1.27122006 0.12423
v -0.106656 1.21819997 0.11586
v -0.09246549 1.26037 0.142114
v -0.103765 1.21078 0.12344499
v -0.08680819 1.24561002 0.15727599
v -0.101237 1.20175 0.12930199
v -0.0818628 1.22764005 0.168946
v -0.0991827 1.19156003 0.13314199
v -0.0778964 1.20733007 0.17663499
v -0.09772219 1.18067006 0.134803
v -0.07493059 1.18563001 0.17971899
v -0.09687679 1.16959996 0.13418799
v -0.073344 1.16363004 0.178451
v -0.0967062 1.15887006 0.131341
v -0.0730846 1.14232999 0.172735
v -0.09723269 1.14899 0.12635799
v -0.0741818 1.12273 0.162733
v -0.0985822 1.14021001 0.11890699
v -0.0769992 1.10534002 0.14786
v -0.10142899 1.13254003 0.10708899
v -0.082775 1.09033002 0.124727
v -0.107227 1.12914007 0.0871887
v -0.09357759 1.08079992 0.08542399
v -0.10438 1.13006002 0.0967531
v -0.0884988 1.08395002 0.10418199
v -0.0904932 1.32736997 0.10981001
v -0.0995609 1.32997998 0.0796262
v -0.08111419 1.31781003 0.13910299
v -0.0720317 1.30173001 0.16560199
v -0.063661 1.27988004 0.18807499
v -0.0564024 1.25328 0.20546798
v -0.0505821 1.22318006 0.216961
v -0.0464821 1.19099004 0.22202499
v -0.0442282 1.15824003 0.22023799
v -0.0439761 1.12649991 0.21184499
v -0.0456294 1.09746 0.196875
v -0.0497073 1.07211004 0.17389099
v -0.0583078 1.04989996 0.14022299
v -0.067205 1.03892004 0.10976499
v -0.07014099 1.37536999 0.112983
v -0.0820483 1.3787901 0.0733685
v -0.0578555 1.36284009 0.15137399
v -0.0459557 1.34176007 0.18611
v -0.0349826 1.31313001 0.21555898
v -0.0254626 1.27827001 0.238351
v -0.0178407 1.23883 0.25341699
v -0.0124654 1.19664006 0.26006
v -0.00958862 1.15367002 0.25795398
v -0.00932175 1.11202001 0.24701799
v -0.0115683 1.07411001 0.22697698
v -0.0171957 1.04093999 0.19680898
v -0.0285619 1.01143003 0.15319799
v -0.0401207 0.99665792 0.11321299
v -0.0587453 1.42516003 0.0654797
v -0.0441762 1.42098004 0.113954
v -0.0291623 1.40566006 0.160879
v -0.0146082 1.37989011 0.20334098
v -0.00119568 1.34489011 0.23933698
v 0.0104373 1.30229001 0.26719999
v 0.0197571 1.25407003 0.28561698
v 0.0263261 1.20249005 0.29372798
v 0.0298405 1.14998006 0.29116298
v 0.0301297 1.09897001 0.27802499
v 0.0272233 1.05248006 0.25381
v 0.0200388 1.01315 0.21490699
v 0.00690811 0.97916692 0.16320699
v -0.00806137 0.95834097 0.113643
v -0.0299854 1.46839993 0.056071
v -0.0129695 1.46353009 0.11269399
v 0.0045578 1.44564007 0.16747799
v 0.0215439 1.41555997 0.21703498
v 0.0372029 1.37469998 0.25905898
v 0.0507858 1.32497006 0.29158498
v 0.0616626 1.26869 0.31307899
v 0.0693364 1.20848005 0.322555
v 0.073429 1.14718 0.31955198
v 0.0737701 1.08764005 0.30421899
v 0.0702557 1.03335004 0.27592698
v 0.0615958 0.98814596 0.22921699
v 0.0467302 0.94868795 0.16905698
v 0.0273864 0.92577795 0.10975
v 0.0038089 1.50788998 0.0452833
v 0.0230194 1.5023901 0.10923099
v 0.0428081 1.48219998 0.17106599
v 0.0619814 1.44825009 0.22700698
v 0.07964959 1.4021301 0.27444398
v 0.0949823 1.34600003 0.31115199
v 0.107268 1.28245999 0.335419
v 0.11592001 1.21449994 0.34610999
v 0.120547 1.14531003 0.34272197
v 0.12093199 1.07809995 0.32541698
v 0.116995 1.01628004 0.29449199
v 0.10746099 0.96473898 0.24172399
v 0.0421408 1.54305004 0.0332648
v 0.0632714 1.53699994 0.103604
v 0.0850323 1.51480999 0.17159299
v 0.106111 1.47749005 0.23310199
v 0.12553699 1.42676999 0.285254
v 0.14239699 1.36505002 0.32561698
v 0.155905 1.2951901 0.35230098
v 0.16541799 1.22048001 0.36405299
v 0.17050399 1.14439 0.36033099
v 0.17091899 1.07049993 0.34130599
v 0.16658899 1.00258001 0.30739999
v 0.157233 0.94727896 0.25791
v 0.084454 1.57338009 0.0202082
v 0.10720099 1.56687008 0.0959079
v 0.13060799 1.54299008 0.16905698
v 0.15328799 1.50283001 0.23522899
v 0.17418899 1.44827008 0.29134799
v 0.192332 1.38186002 0.33477397
v 0.206856 1.30669995 0.36348098
v 0.21710298 1.22631002 0.376123
v 0.22257499 1.14445005 0.37211898
v 0.22301898 1.06495 0.35164798
v 0.21825899 0.99220892 0.31488799
v 0.20825 0.93398496 0.26596198
v 0.130133 1.59842007 0.00628418
v 0.15416299 1.59154003 0.0862471
v 0.17887498 1.56633007 0.16348899
v 0.20283 1.5239201 0.23336898
v 0.22490299 1.46631009 0.29262298
v 0.24405399 1.39618008 0.33848098
v 0.25939399 1.31682004 0.36879001
v 0.27021098 1.23193006 0.38215098
v 0.27598699 1.14549001 0.37791698
v 0.27646098 1.06153005 0.35629699
v 0.27156099 0.98420194 0.31806899
v 0.26202598 0.92335295 0.26794898
v 0.178512 1.61781002 -0.00829224
v 0.20346799 1.61066998 0.07475489
v 0.22913599 1.58449002 0.15497
v 0.254011 1.5404501 0.22753398
v 0.27692899 1.48063 0.28907199
v 0.29681398 1.40779996 0.33668597
v 0.31274698 1.32538999 0.36816798
v 0.32397197 1.23724004 0.38203197
v 0.33037799 1.14732 0.37777598
v 0.331394 1.06004003 0.35551097
v 0.32586299 0.97969396 0.31591899
v 0.31965001 0.91373693 0.26229898
v 0.25469999 1.63494 -0.0309354
v 0.280317 1.62760998 0.0543213
v 0.30665199 1.60074002 0.13662699
v 0.33218002 1.55556012 0.211096
v 0.35569797 1.49415997 0.27423599
v 0.376109 1.41943005 0.32310298
v 0.39245799 1.33486997 0.35540797
v 0.40377898 1.24439992 0.368931
v 0.410778 1.15182004 0.36364497
v 0.41368499 1.06251005 0.343441
v 0.40571399 0.98012396 0.30096399
v 0.39483001 0.90842794 0.24586898
v 0.33264697 1.63969998 -0.0538011
v 0.35818099 1.63241009 0.0311665
v 0.38442 1.60564007 0.11317599
v 0.40985198 1.56062008 0.18737001
v 0.45560496 1.50163998 0.241539
v 0.46959597 1.43512005 0.28531299
v 0.48773097 1.36143002 0.30983899
v 0.48127299 1.25112004 0.34169799
v 0.49529399 1.16289006 0.34246898
v 0.49917899 1.07113004 0.32426002
v 0.48689299 0.98820593 0.27825399
v 0.47224299 0.91628004 0.22178001
v 0.38453197 1.63454998 -0.0688224
v 0.40950297 1.62742001 0.0142916
v 0.43517097 1.60122998 0.0945065
v 0.47796698 1.55173001 0.173906
v 0.53191298 1.29392011 0.30460498
v 0.57443396 1.20187001 0.30353
v 0.57755496 1.08881002 0.29197099
v 0.56501002 1.00349004 0.24890098
v 0.54440596 0.93489698 0.18651001
v 0.43540099 1.62322003 -0.08341369
v 0.45945296 1.61635998 -0.00335434
v 0.50415397 1.58124005 0.09951859
v 0.48452098 1.60589001 -0.09734509
v 0.50730498 1.59939007 -0.0215119
v 0.54318198 1.5761401 0.0623138
v 0.63910098 1.10059995 0.24722598
v 0.63803298 1.19565 0.25386098
v 0.62901003 1.02218999 0.209027
v 0.60767897 0.96087599 0.14705899
v 0.53117099 1.58279995 -0.11041599
v 0.55234698 1.57675 -0.0399215
v 0.58189997 1.55872006 0.0280748
v 0.67296896 1.19573003 0.21035499
v 0.67753699 1.11249998 0.200049
v 0.67373297 1.03919996 0.17145898
v 0.65043005 0.98140699 0.11522199
v 0.57467097 1.55428997 -0.12245001
v 0.59394 1.5487901 -0.0583163
v 0.62191496 1.52982006 0.00103493
v 0.708076 1.12269002 0.15649001
v 0.69697699 1.19848005 0.16597299
v 0.70441298 1.06038999 0.128968
v 0.68544699 1.00725004 0.0819913
v 0.61438197 1.52077008 -0.13326
v 0.63145697 1.51589993 -0.076422
v 0.65779997 1.49426999 -0.0204368
v 0.72821295 1.19940999 0.109157
v 0.729933 1.13559995 0.10189899
v 0.72609297 1.09123006 0.0723009
v 0.71650595 1.04986005 0.00684029
v 0.66336096 0.95235792 0.00153168
v 0.71420798 1.02691999 -0.0593692
v 0.64352698 0.94804296 -0.12505199
v 0.60036898 0.91403295 -0.11082399
v 0.62305697 0.92587393 0.029313
v 0.66115797 1.46314007 -0.14556
v 0.67630598 1.45656003 -0.08873709
v 0.68937003 1.44641003 -0.0473136
v 0.67967894 1.43189007 -0.150231
v 0.69843001 1.41836011 -0.09308189
v 0.69991293 1.40169003 -0.155436
v 0.71876005 1.38749005 -0.0969077
v -0.11375899 1.17634 0.0877818
v 0.61768897 1.38738003 0.169517
v 0.63450396 1.40109006 0.152998
v 0.60765696 1.40445004 0.16664798
v 0.62354598 1.41447003 0.15187799
v 0.59612795 1.39749997 0.175893
v 0.60562598 1.37576001 0.18003799
v 0.60119197 1.42066006 0.15982599
v 0.59179003 1.41814999 0.16543899
v 0.61447096 1.42587002 0.14915001
v 0.64106596 1.35619992 0.16420099
v 0.65590895 1.37242001 0.14984699
v 0.62941798 1.37100003 0.168738
v 0.64568495 1.38672009 0.15216699
v 0.61745799 1.35583005 0.17821399
v 0.63038096 1.33984006 0.17145198
v 0.65946005 1.33389996 0.14722199
v 0.66799399 1.34635007 0.141328
v 0.65115698 1.34361005 0.15649699
v 0.66346396 1.35861005 0.145969
v 0.64336394 1.3286601 0.16125
v 0.654233 1.32096997 0.14909099
v 0.67388899 1.33650998 0.131986
v 0.66949194 1.33714002 0.13816899
v 0.67290297 1.32939008 0.12865699
v 0.66604399 1.32831998 0.13803599
v 0.66369399 1.31790997 0.13673799
v 0.67215399 1.3201901 0.124453
v 0.67965697 1.32894009 0.113154
v 0.68515097 1.34305997 0.10324799
v 0.67909399 1.33728009 0.12053799
v 0.68279295 1.35009 0.11495499
v 0.67790694 1.34283002 0.12741899
v 0.67741003 1.3528201 0.128723
v 0.66885397 1.38187009 0.12969499
v 0.67491194 1.36673001 0.12925699
v 0.67763297 1.38355008 0.107993
v 0.68246001 1.36622006 0.110736
v 0.68673796 1.36094006 0.09514419
v 0.68288199 1.38059003 0.0896576
v 0.64818396 1.41126004 0.13151899
v 0.659438 1.39693005 0.13034699
v 0.65651694 1.4168501 0.109157
v 0.66872099 1.40078 0.10735499
v 0.67361494 1.40038998 0.0878485
v 0.66014998 1.4189201 0.09061399
v 0.62522898 1.43342999 0.13249699
v 0.63609095 1.42365002 0.13230499
v 0.62861002 1.43967007 0.11734299
v 0.64259299 1.43014996 0.112634
v 0.64419394 1.43374005 0.0969681
v 0.62783099 1.44363003 0.105976
v 0.61067397 1.43946011 0.138533
v 0.61784396 1.44005002 0.13140699
v 0.60611498 1.44197003 0.13617499
v 0.61620497 1.44400998 0.12439299
v 0.61321799 1.44772 0.11768399
v 0.60109599 1.44464001 0.13340899
v 0.60036097 1.43344998 0.149402
v 0.60802798 1.43341 0.146881
v 0.59331797 1.43456998 0.15078799
v 0.59954596 1.37579007 0.21202299
v 0.61527197 1.34531003 0.20655099
v 0.60463896 1.37464001 0.20042001
v 0.61876296 1.34831006 0.19588199
v 0.63584597 1.33449002 0.177798
v 0.62216696 1.35129987 0.185205
v 0.63484496 1.32857007 0.18767398
v 0.60595896 1.48729001 0.14562799
v 0.59505198 1.47331006 0.17314199
v 0.60747897 1.47029995 0.141165
v 0.59764796 1.45792004 0.165098
v 0.59600196 1.42393002 0.173936
v 0.60023497 1.44253003 0.15706099
v 0.59193099 1.43585004 0.184382
v 0.58786097 1.44777005 0.19483598
v 0.58832797 1.41204007 0.20805599
v 0.59408099 1.40566006 0.196623
v 0.60973296 1.37349988 0.18882398
v 0.59983496 1.39926999 0.18519001
v 0.65369894 1.30706006 0.18630298
v 0.65165297 1.31503003 0.176961
v 0.63364398 1.32244 0.19779499
v 0.66137297 1.31523007 0.15497
v 0.64925795 1.32279996 0.16792299
v 0.66574004 1.30654004 0.16177599
v 0.67012198 1.29764005 0.16879799
v 0.68304495 1.29387006 0.147556
v 0.67742598 1.30322003 0.143856
v 0.67177596 1.31236005 0.14017899
v 0.68097701 1.31471997 0.12480099
v 0.687983 1.30581006 0.125261
v 0.68904395 1.32335004 0.109928
v 0.69823004 1.31736005 0.106896
v 0.69534499 1.33885007 0.09648619
v 0.70620695 1.33635999 0.0899838
v 0.70757094 1.31098996 0.10312899
v 0.69504897 1.29704999 0.12573499
v 0.71439299 1.36083997 0.0666586
v 0.70648894 1.3597601 0.07708299
v 0.71580099 1.33393002 0.0820432
v 0.69769598 1.35952008 0.0850682
v 0.694233 1.38273007 0.07761689
v 0.700306 1.38529004 0.0687865
v 0.69183798 1.41704007 0.0563008
v 0.68791594 1.41109006 0.066273
v 0.706155 1.38855008 0.0583472
v 0.68379393 1.4057301 0.0755853
v 0.66835799 1.42631009 0.0799524
v 0.67079001 1.43509991 0.0713741
v 0.652209 1.46715008 0.0763861
v 0.65104598 1.45464001 0.08283649
v 0.67319197 1.44395001 0.0627661
v 0.64987395 1.44212002 0.08928699
v 0.63339896 1.45241009 0.10190599
v 0.63408099 1.46812008 0.0984286
v 0.61952696 1.49098004 0.11815799
v 0.61974196 1.47354001 0.11783899
v 0.63475596 1.48383008 0.09495149
v 0.61995696 1.45611004 0.117513
v 0.60899897 1.45329999 0.13670099
v 0.64193999 1.32051999 0.16366699
v 0.65384795 1.3132301 0.15030599
v 0.62819499 1.33184003 0.17464
v 0.59207198 1.39484997 0.18062299
v 0.60165896 1.37059994 0.184575
v 0.58806098 1.41770001 0.16843399
v 0.61412196 1.34887006 0.18194299
v 0.66408698 1.31047009 0.13613001
v 0.67310294 1.31311002 0.12187299
v 0.59041098 1.43572003 0.151678
v 0.59899699 1.44627011 0.13209699
v 0.68694495 1.33697003 0.0963008
v 0.68082098 1.32189008 0.10829
v 0.61149001 1.44974011 0.11425799
v 0.62677897 1.4457301 0.100134
v 0.68594397 1.37783002 0.0794185
v 0.68954794 1.35624005 0.08616549
v 0.643898 1.43534009 0.0886493
v 0.66137297 1.41971997 0.080323
v 0.675801 1.3994801 0.0772906
v 0.64193999 1.32051999 0.16366699
v 0.65384795 1.3132301 0.15030599
v 0.62819499 1.33184003 0.17464
v 0.59207198 1.39484997 0.18062299
v 0.60165896 1.37059994 0.184575
v 0.58806098 1.41770001 0.16843399
v 0.61412196 1.34887006 0.18194299
v 0.66408698 1.31047009 0.13613001
v 0.67310294 1.31311002 0.12187299
v 0.59041098 1.43572003 0.151678
v 0.59899699 1.44627011 0.13209699
v 0.68082098 1.32189008 0.10829
v 0.68694495 1.33697003 0.0963008
v 0.61149001 1.44974011 0.11425799
v 0.62677897 1.4457301 0.100134
v 0.68954794 1.35624005 0.08616549
v 0.68594397 1.37783002 0.0794185
v 0.643898 1.43534009 0.0886493
v 0.66137297 1.41971997 0.080323
v 0.675801 1.3994801 0.0772906
v 0.71747694 1.30025006 0.09567059
v 0.72523299 1.32982999 0.0670811
v 0.703049 1.28193997 0.12729999
v 0.72117697 1.36319989 0.0477299
v 0.70887595 1.39701001 0.0388477
v 0.62354598 1.3115701 0.22754098
v 0.59293196 1.34201001 0.23821699
v 0.57323199 1.38167996 0.24474899
v 0.650801 1.49359005 0.0597188
v 0.62685198 1.51575009 0.0816354
v 0.673926 1.46279004 0.0441341
v 0.56008696 1.47327008 0.21699001
v 0.56945899 1.50409008 0.18539798
v 0.58535498 1.52152005 0.14789699
v 0.56130297 1.42947003 0.23792798
v 0.67416296 1.28203 0.185732
v 0.652135 1.29283002 0.209902
v 0.68956198 1.27783002 0.15798799
v 0.69298796 1.42988003 0.0369571
v 0.60547003 1.52609997 0.11186299
v 0.72602598 1.27566007 0.08475679
v 0.72953299 1.31626004 0.0433482
v 0.71359198 1.25339994 0.12609899
v 0.72396498 1.36096997 0.0170497
v 0.70895796 1.40288007 0.0080043
v 0.56524699 1.32614011 0.27694898
v 0.60414198 1.28484998 0.25347598
v 0.53356597 1.37368008 0.28099
v 0.63692896 1.51685009 0.0308774
v 0.60178496 1.54454007 0.0565604
v 0.66852095 1.48152005 0.0154631
v 0.52022002 1.53008999 0.189305
v 0.50459899 1.49321011 0.23457
v 0.54477698 1.55189999 0.14095699
v 0.51124896 1.4422601 0.26835599
v 0.63986498 1.26508 0.22515399
v 0.66808295 1.25609998 0.19637899
v 0.69220198 1.25238004 0.16534999
v 0.69054098 1.44316998 0.00692924
v 0.57218699 1.55661007 0.09561129
v 0.73955 1.29872006 0.00956131
v 0.73822195 1.24051 0.0688754
v 0.72930296 1.35432004 -0.0325369
v 0.71124899 1.40238003 -0.0387204
v 0.759205 1.17527005 -0.0942607
v 0.76164396 1.16572004 -0.08831449
v 0.74963293 1.16553006 -0.0973895
v 0.75971594 1.16037 -0.09923569
v 0.75084898 1.16366002 -0.09041269
v 0.74676298 1.17226003 -0.13302299
v 0.75418493 1.15882001 -0.13851599
v 0.74041693 1.17157003 -0.161597
v 0.74865393 1.15813001 -0.163999
v 0.75705397 1.15895002 -0.11708899
v 0.74751196 1.16959996 -0.112522
v 0.76048796 1.19438001 -0.12662399
v 0.75744002 1.18732 -0.10871099
v 0.778207 1.21529004 -0.173927
v 0.78798002 1.21528005 -0.13656699
v 0.75045599 1.19162 -0.16437
v 0.78170698 1.27109998 -0.0445851
v 0.76610693 1.27495 -0.0381347
v 0.769644 1.22205007 0.0294316
v 0.75626898 1.21857 0.0365715
v 0.74987005 1.20808004 0.0620024
v 0.75225798 1.28379987 -0.0275545
v 0.72503195 1.08223005 -0.0209484
v 0.73043005 1.06875005 -0.10314299
v 0.75835898 1.08157003 -0.0445555
v 0.75871496 1.07338003 -0.109986
v 0.75206496 1.06524999 -0.16276899
v 0.72320097 1.05968999 -0.152641
v 0.75654295 1.31456998 -0.07418289
v 0.74294493 1.31787 -0.0683849
v 0.74174399 1.34769009 -0.11958799
v 0.73008894 1.34723004 -0.11626599
v 0.75989393 1.34176007 -0.12440699
v 0.77667296 1.30919995 -0.0797213
v 0.817666 1.27621007 -0.0591393
v 0.79950895 1.27383 -0.0512654
v 0.81597593 1.22873006 0.00828606
v 0.79595694 1.22783002 0.0199635
v 0.76423895 1.17364003 0.0749699
v 0.79498594 1.17656003 0.0672963
v 0.76634497 1.20205007 0.0607716
v 0.79609793 1.20359998 0.0488643
v 0.82187697 1.17111005 0.0466623
v 0.82391699 1.19936002 0.0328125
v 0.79546797 1.14305005 0.0590663
v 0.76680395 1.14045003 0.0719746
v 0.78347899 1.08471006 -0.0580049
v 0.79032194 1.10008001 0.0165974
v 0.764373 1.09876005 0.0338505
v 0.81461195 1.10902006 -0.00296883
v 0.80725599 1.08785001 -0.0712913
v 0.78012793 1.07635 -0.120211
v 0.80116896 1.08117002 -0.13623299
v 0.77347693 1.06901006 -0.16910799
v 0.79863394 1.07308004 -0.17655199
v 0.77846693 1.33564008 -0.12945599
v 0.79526793 1.30758008 -0.0847779
v 0.80125097 1.32842008 -0.13580299
v 0.81335096 1.30611005 -0.0906203
v 0.83507498 1.17685003 0.0246864
v 0.83483 1.16148999 0.0262879
v 0.83001097 1.14026006 0.0350368
v 0.90378294 1.10634 -0.09157679
v 0.91761 1.08672002 -0.14126
v 0.91170896 1.12257001 -0.101186
v 0.92426092 1.11042005 -0.14802199
v 0.89261 1.07896001 -0.12782499
v 0.88858396 1.09104001 -0.0927186
v 0.92126592 1.09889005 -0.18008098
v 0.91317694 1.07267004 -0.17678899
v 0.91386694 1.09457006 -0.21101299
v 0.90470198 1.07066999 -0.20735099
v 0.88300093 1.06163999 -0.20080398
v 0.88976293 1.06666006 -0.16745498
v 0.94397596 1.38398999 -0.17175499
v 0.94352293 1.35803998 -0.113701
v 0.96098394 1.36788998 -0.174832
v 0.96179899 1.34037 -0.114887
v 0.93884496 1.31645001 -0.0745462
v 0.95403692 1.29402005 -0.075814
v 0.79199003 1.16397001 -0.0774822
v 0.78983297 1.18659002 -0.0933636
v 0.81969793 1.17706006 -0.0657603
v 0.82340498 1.19579 -0.0926593
v 0.82386496 1.15792005 -0.0339975
v 0.81623495 1.16026006 -0.0537269
v 0.78273695 1.15773 -0.097916
v 0.80841299 1.15369001 -0.09653689
v 0.79869299 1.14493001 -0.14893399
v 0.77415999 1.15064 -0.14395899
v 0.80317099 1.14815 -0.12481499
v 0.77809599 1.15265004 -0.12080399
v 0.76832396 1.14944005 -0.16959699
v 0.79299093 1.14295003 -0.17659599
v 0.83183493 1.23375005 -0.00566017
v 0.83537199 1.28009992 -0.0678511
v 0.84827192 1.29209989 -0.0748057
v 0.85262495 1.24587003 -0.0181087
v 0.83537199 1.16896001 -0.0309725
v 0.84131796 1.18571004 -0.0636101
v 0.85745092 1.17806005 -0.0352579
v 0.86268599 1.19313001 -0.0665833
v 0.84770094 1.20477002 -0.0937344
v 0.86823194 1.21414006 -0.0952765
v 0.83388098 1.17034002 -0.0032283
v 0.85715498 1.17814 -0.0109836
v 0.82875097 1.15658002 -0.00544518
v 0.82833593 1.16065 -0.002435
v 0.84037596 1.18309995 0.0124899
v 0.85909697 1.18886007 0.00325172
v 0.85071196 1.23225003 -0.11870599
v 0.82480597 1.22049993 -0.115955
v 0.87118193 1.24405004 -0.12001799
v 0.84645597 1.24017003 -0.151551
v 0.86441298 1.24909993 -0.15605099
v 0.82475393 1.23009992 -0.14510799
v 0.88819097 1.28275006 -0.0456676
v 0.90195898 1.30708005 -0.0646555
v 0.87199003 1.31775998 -0.0916064
v 0.88099897 1.33229001 -0.102009
v 0.88751593 1.34415997 -0.11109899
v 0.91196798 1.33419003 -0.0901013
v 0.92289694 1.23818006 -0.0720253
v 0.91807005 1.24332006 -0.0903386
v 0.94251493 1.26991002 -0.0962626
v 0.93424093 1.26819997 -0.108934
v 0.91566099 1.253 -0.110513
v 0.92775297 1.26838002 -0.118772
v 0.89956396 1.23624005 -0.102795
v 0.89939398 1.22249997 -0.0790022
v 0.90100294 1.21341001 -0.0578863
v 0.90480596 1.21459005 -0.0405592
v 0.92970297 1.24047002 -0.0559067
v 0.90812796 1.22536 -0.029371
v 0.93442594 1.25358007 -0.0455564
v 0.95053694 1.27861005 -0.084207
v 0.86606695 1.33598004 -0.115288
v 0.87554197 1.3478201 -0.12309499
v 0.85946005 1.34022 -0.153694
v 0.86872793 1.35107999 -0.15851299
v 0.88570692 1.35852002 -0.129256
v 0.88021299 1.36327008 -0.16405899
v 0.91394003 1.27808003 -0.132948
v 0.89820692 1.26465001 -0.12637199
v 0.92911695 1.28816998 -0.13911699
v 0.90975195 1.28478009 -0.168885
v 0.92843595 1.30018002 -0.17535799
v 0.89292799 1.26974004 -0.16356899
v 0.91542394 1.3654501 -0.122591
v 0.91310293 1.38581998 -0.16933
v 0.94089094 1.29464002 -0.13832399
v 0.94371595 1.3125401 -0.17944299
v 0.95040396 1.30344006 -0.132941
v 0.95396192 1.32764005 -0.17879798
v 0.82929899 1.09010999 -0.0836213
v 0.83690596 1.11069997 -0.0207482
v 0.85739195 1.10723005 -0.0363627
v 0.84831694 1.08856 -0.09638119
v 0.836929 1.13909002 0.00096817
v 0.85670195 1.13376005 -0.0209262
v 0.83964193 1.14926999 -0.00734322
v 0.86013494 1.14746 -0.0276731
v 0.83640196 1.15586004 -0.0622978
v 0.832265 1.15122007 -0.10341699
v 0.85180899 1.14135 -0.135766
v 0.82737196 1.14618001 -0.130324
v 0.85532293 1.14683004 -0.10762899
v 0.82229193 1.08145002 -0.14018499
v 0.84151098 1.07994001 -0.146242
v 0.81866003 1.06977003 -0.18232
v 0.83594999 1.07064001 -0.18727298
v 0.82262594 1.14107999 -0.15381199
v 0.81826696 1.13709005 -0.18317298
v 0.84669294 1.13829992 -0.160203
v 0.84113195 1.13461004 -0.18987499
v 0.86579199 1.08162 -0.11060899
v 0.87563093 1.10072004 -0.0637584
v 0.88159994 1.12314 -0.0520661
v 0.88659697 1.13949994 -0.0564331
v 0.88535093 1.13906003 -0.14361001
v 0.88216299 1.14084005 -0.11246299
v 0.85396696 1.06488004 -0.192404
v 0.85947493 1.07439001 -0.15359699
v 0.88257795 1.13456006 -0.17112499
v 0.87599394 1.13172002 -0.200641
v 0.83116797 1.30614011 -0.09816069
v 0.84492895 1.31425 -0.10288399
v 0.82056494 1.32387998 -0.141586
v 0.83944197 1.32484998 -0.146398
v 0.87888594 1.25817006 -0.15958099
v 0.88523298 1.25332006 -0.12228699
v 0.88471395 1.22412 -0.0979086
v 0.90737097 1.25097005 -0.0253673
v 0.88559599 1.22718 -0.00990116
v 0.88442396 1.20148 -0.01065
v 0.85999495 1.21323003 0.00560211
v 0.87210897 1.26227002 -0.0303349
v 0.861099 1.30434003 -0.08260549
v 0.87834494 1.18872007 -0.0442515
v 0.88123594 1.20568006 -0.0714322
v 0.92409796 1.28085004 -0.0446593
v 0.83742598 1.20625005 0.0177541
v 0.74367193 1.17295003 0.07880309
v 0.80160696 1.12304006 0.0414649
v 0.71660895 1.36111005 -0.15935799
v 0.72851698 1.3646301 -0.164526
v 0.74356795 1.35883008 -0.167173
v 0.766211 1.35167996 -0.17361599
v 0.78961096 1.34305005 -0.18024398
v 0.81074896 1.33559995 -0.18623499
v 0.82952894 1.33126004 -0.191618
v 0.851416 1.33114011 -0.14989699
v 0.84125898 1.33478009 -0.19512498
v 0.84924398 1.34247998 -0.19763799
v 0.85794096 1.35221997 -0.20040399
v 0.86989996 1.36683011 -0.204237
v 0.90494696 1.39433011 -0.215114
v 0.93713293 1.39447003 -0.22450698
v 0.96088003 1.34721005 -0.176366
v 0.95597196 1.36005002 -0.22920099
v 0.95499395 1.38023007 -0.22939298
v 0.94996694 1.33967999 -0.22696899
v 0.93796293 1.32208997 -0.22305398
v 0.92095495 1.30536008 -0.21770099
v 0.90125494 1.28604001 -0.21149499
v 0.88363798 1.26832006 -0.205942
v 0.87019697 1.25694005 -0.20174499
v 0.85659895 1.24959996 -0.19760799
v 0.83771399 1.24169004 -0.19190698
v 0.81453695 1.23062001 -0.18488498
v 0.91635694 1.11579992 -0.179377
v 0.91896002 1.12486005 -0.14915599
v 0.90918096 1.11196004 -0.21008699
v 0.84297094 1.15519002 -0.0250114
v 0.82997397 1.15277005 0.0176725
v 0.86280493 1.15188001 -0.0450003
v 0.85751005 1.15129003 -0.0731301
v 0.88583296 1.14451001 -0.0697195
v 0.87628393 1.14616002 -0.08447389
v 0.88082792 1.18976003 -0.0226166
v 0.90923292 1.13198003 -0.108133
v 0.95835897 1.31912 -0.12439999
v 0.78526594 1.20452001 -0.11378299
v 0.85732496 1.32479001 -0.10780699
v 0.71329497 1.37732007 -0.15876499
v 0.72974798 1.36288007 -0.10684299
v 0.71660895 1.36111005 -0.15935799
v 0.73008894 1.34723004 -0.11626599
v 0.74158095 1.33103009 -0.0527631
v 0.75210898 1.28825009 -0.0140012
v 0.75073004 1.22123006 0.0621136
v 0.75225798 1.28379987 -0.0275545
v 0.74987005 1.20808004 0.0620024
v 0.74290098 1.18616002 0.08838239
v 0.74008299 1.14133001 0.07993009
v 0.734597 1.10347005 0.0491832
v 0.73995001 1.14289998 0.069995
v 0.73114195 1.10849996 0.0356299
v 0.713963 1.04177 -0.15109899
v 0.72784193 1.05382001 -0.07258139
v 0.69456 1.00727003 -0.14469999
v 0.73995001 1.14289998 0.069995
v 0.73114195 1.10849996 0.0356299
v 0.728198 1.06929998 -0.00967873
v 0.73043005 1.06875005 -0.10314299
v 0.72320097 1.05968999 -0.152641
v 0.74294493 1.31787 -0.0683849
v 0.74367193 1.17295003 0.07880309
v 0.72503195 1.08223005 -0.0209484
v 0.82455397 1.13289998 0.0218171
v 0.79572004 1.11521001 0.032642
v -0.116777 1.27672002 0.06385599
v -0.11892 1.22645002 0.0767271
v -0.12198899 1.26934003 0.0440896
v -0.12152899 1.22273999 0.0667995
v -0.12630399 1.25765004 0.026199
v -0.12364299 1.21685002 0.0578059
v -0.129514 1.24219007 0.0110294
v -0.12534 1.20909002 0.050184
v -0.13146499 1.22369001 -0.00071487
v -0.12626 1.19978002 0.0442898
v -0.132072 1.20301 -0.00848503
v -0.12646001 1.18938001 0.0404047
v -0.131242 1.18113004 -0.0118808
v -0.125956 1.17839994 0.0387142
v -0.128996 1.15909993 -0.0107389
v -0.12477699 1.16734006 0.0392851
v -0.12295299 1.15674001 0.0420803
v -0.12543699 1.13798002 -0.00511894
v -0.12059499 1.14707006 0.0470033
v -0.12080299 1.11876005 0.00468269
v -0.11513099 1.10201002 0.0190664
v -0.11765899 1.13862005 0.0543361
v -0.10727899 1.08684003 0.0435558
v -0.113552 1.13133001 0.0663324
v -0.10165199 1.08262006 0.0621582
v -0.11073399 1.12965001 0.0757632
v -0.10810899 1.32596005 0.0494501
v -0.115843 1.31501996 0.0201563
v -0.122226 1.2976901 -0.00634972
v -0.126979 1.27479001 -0.0288298
v -0.12987 1.24738004 -0.0462311
v -0.13076799 1.21674001 -0.0577454
v -0.12963299 1.18431005 -0.0628242
v -0.12650399 1.15159993 -0.0612376
v -0.12149199 1.12018003 -0.0530077
v -0.114627 1.09168004 -0.0383942
v -0.10636 1.06694005 -0.017434
v -0.09450439 1.04401006 0.0195409
v -0.08620029 1.03705 0.0473889
v -0.0932736 1.37352002 0.0337615
v -0.10340099 1.35919003 -0.00462959
v -0.11177199 1.33648007 -0.0393729
v -0.118 1.30646008 -0.0688298
v -0.12179599 1.27054006 -0.091636
v -0.12296799 1.23039006 -0.10671699
v -0.12147699 1.18789006 -0.11337499
v -0.11738499 1.14502004 -0.111299
v -0.110883 1.10379003 -0.10057799
v -0.101881 1.06649 -0.08128569
v -0.09113829 1.03415006 -0.0539493
v -0.0756053 1.00492002 -0.00627556
v -0.0645135 0.99499006 0.0295057
v -0.0724765 1.41870999 0.0170126
v -0.0848584 1.40119 -0.0299197
v -0.09509001 1.37344006 -0.07238119
v -0.102704 1.33674008 -0.108392
v -0.107339 1.29283002 -0.13627001
v -0.108777 1.24375005 -0.15470199
v -0.106953 1.19179006 -0.16284299
v -0.10194799 1.13939992 -0.16029998
v -0.0938 1.08916006 -0.146924
v -0.08240419 1.04409994 -0.122576
v -0.0681169 1.00549993 -0.086587
v -0.050686 0.97208692 -0.0346945
v -0.0373181 0.95696897 0.00985786
v -0.0460298 1.46087002 -0.00054435
v -0.0604802 1.44042004 -0.0553284
v -0.0724321 1.40801999 -0.104893
v -0.0813144 1.36519009 -0.14693199
v -0.08672669 1.31393002 -0.179473
v -0.08840239 1.25664006 -0.20099699
v -0.08627439 1.19599004 -0.210494
v -0.08043179 1.13482 -0.20752899
v -0.0708603 1.07625005 -0.19175899
v -0.0577963 1.02353002 -0.163577
v -0.0412698 0.97822599 -0.12276899
v -0.018849 0.93953092 -0.0638548
v -0.00481384 0.91817793 -0.00502998
v -0.0143115 1.49939007 -0.0186574
v -0.030623 1.47631009 -0.0804924
v -0.0441095 1.43974011 -0.13644099
v -0.0541411 1.39139004 -0.183892
v -0.0602504 1.33353009 -0.22062198
v -0.0621411 1.26886006 -0.24491899
v -0.0597388 1.20039998 -0.25564001
v -0.0531401 1.13135999 -0.25228898
v -0.0425377 1.06509 -0.234776
v -0.0281467 1.00514005 -0.203577
v -0.00857285 0.95387792 -0.15924699
v 0.00442429 0.91509298 0.0282008
v 0.0222112 1.53370999 -0.0370596
v 0.00427597 1.50831997 -0.105049
v -0.0105525 1.46812008 -0.16656499
v -0.0215849 1.41495999 -0.21873899
v -0.0282948 1.35134 -0.25912399
v -0.0303783 1.28023999 -0.28583799
v -0.0277313 1.20497007 -0.29762698
v -0.0204877 1.12906003 -0.29394199
v -0.00897324 1.05606 -0.27495399
v 0.00658188 0.98995496 -0.24111499
v 0.0266969 0.93726896 -0.19762298
v 0.0630045 1.56331997 -0.0554841
v 0.0437052 1.53602002 -0.12863299
v 0.0277497 1.49275006 -0.19482099
v 0.0158868 1.43555997 -0.25095399
v 0.00866531 1.36711011 -0.29440898
v 0.00642624 1.29061002 -0.323147
v 0.00926575 1.20963002 -0.33583297
v 0.0170657 1.12796003 -0.33186599
v 0.029455 1.04941 -0.31144
v 0.0464336 0.97939794 -0.27491001
v 0.0669341 0.92895796 -0.23465002
v 0.10748299 1.58779995 -0.0736639
v 0.08710089 1.55896008 -0.150906
v 0.0702557 1.51328 -0.22079999
v 0.0577182 1.45288998 -0.28007699
v 0.0500963 1.38061002 -0.32595699
v 0.0477312 1.29982999 -0.35631099
v 0.0507339 1.21431005 -0.369701
v 0.0589712 1.12807004 -0.365512
v 0.0720499 1.04513006 -0.34394397
v 0.0905486 0.97292494 -0.30556001
v 0.11240599 0.92580694 -0.269734
v 0.154979 1.60678005 -0.0913321
v 0.13381799 1.57684002 -0.17154699
v 0.116321 1.52939999 -0.24412498
v 0.103309 1.46669003 -0.30567098
v 0.0953901 1.39163007 -0.35332297
v 0.09293589 1.30775006 -0.38483398
v 0.09605739 1.21895002 -0.39874297
v 0.104606 1.12939 -0.39439799
v 0.118189 1.04326002 -0.372
v 0.14058799 0.96951399 -0.33346698
v 0.166434 0.92472494 -0.29971799
v 0.23054498 1.62362011 -0.11617699
v 0.208829 1.59288998 -0.19848299
v 0.19087099 1.54421002 -0.27296699
v 0.17752498 1.47986004 -0.33612899
v 0.16939199 1.40284009 -0.38501899
v 0.16687099 1.31675 -0.41736003
v 0.170074 1.22563001 -0.43163199
v 0.17885299 1.13373006 -0.42716899
v 0.192791 1.04535001 -0.40418498
v 0.21210599 0.97010694 -0.36262797
v 0.2342 0.92714895 -0.32410297
v 0.30857299 1.62842999 -0.13875399
v 0.28693799 1.59781002 -0.22076299
v 0.26905498 1.54930996 -0.29497299
v 0.27924199 1.48749005 -0.36263499
v 0.26833499 1.41896008 -0.40414798
v 0.271308 1.34402997 -0.43155799
v 0.24833198 1.23189992 -0.45306003
v 0.257073 1.14033002 -0.44861098
v 0.27096 1.05227003 -0.42570899
v 0.28977001 0.97776594 -0.38317298
v 0.3101 0.93179792 -0.33750098
v 0.36098399 1.62352001 -0.15193599
v 0.33981597 1.59357998 -0.23214399
v 0.33382598 1.54015011 -0.31987699
v 0.31204299 1.27797002 -0.45188796
v 0.341114 1.18081006 -0.467154
v 0.35274001 1.06958005 -0.44719497
v 0.36883598 0.99301794 -0.39470199
v 0.38936599 0.94263006 -0.33773799
v 0.41272098 1.61260998 -0.163458
v 0.39552699 1.57252011 -0.27258899
v 0.46303397 1.59583004 -0.17316299
v 0.448502 1.56854 -0.262038
v 0.42978896 1.08591001 -0.45296397
v 0.42574798 1.17521001 -0.46692397
v 0.44501002 1.00951002 -0.40618697
v 0.47290999 0.94866499 -0.33426799
v 0.51119696 1.57344998 -0.18090398
v 0.49977198 1.55213009 -0.25327499
v 0.48716796 1.09961004 -0.44090796
v 0.48205897 1.17708005 -0.45761199
v 0.50356799 1.02509 -0.40027
v 0.53482699 0.96746793 -0.329174
v 0.55649798 1.54577999 -0.18656799
v 0.54840899 1.5239201 -0.25076898
v 0.53622798 1.11351003 -0.41294097
v 0.52786399 1.18209005 -0.43258098
v 0.55241297 1.04656004 -0.38040698
v 0.58736395 0.99469999 -0.31820199
v 0.59828597 1.5132301 -0.19008298
v 0.59065596 1.48887997 -0.25048698
v 0.58637099 1.12647001 -0.37216197
v 0.58354598 1.18743001 -0.38280898
v 0.60021296 1.08357999 -0.343455
v 0.63657298 1.03163999 -0.29618099
v 0.61922297 0.96668195 -0.23350799
v 0.66736395 1.01215002 -0.23205499
v 0.56808001 0.93354696 -0.23327899
v 0.64346098 1.45393002 -0.201264
v 0.63293898 1.44171002 -0.24232398
v 0.66476195 1.41604001 -0.20864099
v 0.68445395 1.38292004 -0.21529098
v 0.45605002 1.37439008 -0.384211
v 0.448917 1.39171002 -0.377145
v 0.47893 1.38861005 -0.37994002
v 0.47012999 1.40215008 -0.37368297
v 0.43431098 1.38451001 -0.37842799
v 0.44033896 1.36249005 -0.38616798
v 0.44692298 1.40828 -0.36861797
v 0.43601699 1.40564007 -0.36818797
v 0.46379798 1.41377011 -0.36699496
v 0.47893 1.34316007 -0.391277
v 0.46654097 1.35790997 -0.38924499
v 0.49903003 1.35982999 -0.387555
v 0.48898398 1.37413998 -0.38463298
v 0.45144599 1.34245999 -0.39058002
v 0.46605197 1.32656003 -0.39156596
v 0.50377597 1.32134 -0.386198
v 0.491683 1.33076001 -0.38987498
v 0.51408896 1.33398007 -0.38593097
v 0.50764598 1.34609006 -0.38782199
v 0.48250399 1.31566998 -0.38934096
v 0.49835597 1.30846005 -0.38444099
v 0.51435599 1.31609006 -0.38169002
v 0.51712897 1.32488004 -0.38381
v 0.52522498 1.31749997 -0.37727798
v 0.52419398 1.32447003 -0.38084499
v 0.51308799 1.3057301 -0.37887199
v 0.52693099 1.3085101 -0.37302299
v 0.54074298 1.33869 -0.37166598
v 0.54910598 1.33214002 -0.36277599
v 0.53476699 1.32568997 -0.37388999
v 0.53931197 1.31767011 -0.36763198
v 0.52999297 1.33094998 -0.37928798
v 0.52876197 1.3408801 -0.38049598
v 0.54253001 1.35497998 -0.36863299
v 0.52619597 1.35479001 -0.38019199
v 0.53971297 1.37247998 -0.36448199
v 0.52065799 1.36997006 -0.377961
v 0.55403697 1.37025006 -0.35173598
v 0.55458598 1.35033002 -0.35758598
v 0.53232096 1.38982999 -0.359892
v 0.51218299 1.38510998 -0.37409797
v 0.52086497 1.40596005 -0.35554
v 0.50189196 1.39952008 -0.369649
v 0.53387 1.40878003 -0.341972
v 0.54694197 1.39021008 -0.34608699
v 0.50709002 1.41926007 -0.35155799
v 0.49111197 1.41201001 -0.36434096
v 0.49264697 1.42874997 -0.34840697
v 0.48173297 1.42189999 -0.35909099
v 0.49805899 1.43321011 -0.338591
v 0.51681697 1.4235101 -0.339384
v 0.47834498 1.43294003 -0.34786597
v 0.47600898 1.42867001 -0.35448699
v 0.46353099 1.43051999 -0.35227798
v 0.46614097 1.42785 -0.35660697
v 0.46075797 1.43337002 -0.34736198
v 0.47939002 1.4369801 -0.34077098
v 0.45167499 1.42152005 -0.35995097
v 0.45949 1.42148007 -0.36194598
v 0.44498 1.4226701 -0.35737899
v 0.41795497 1.36119 -0.41008697
v 0.42852099 1.36048001 -0.40293899
v 0.43422198 1.33063001 -0.413875
v 0.44296397 1.33408002 -0.40649798
v 0.46726001 1.32091 -0.39984698
v 0.46089896 1.31451001 -0.40764697
v 0.45171298 1.3375401 -0.399113
v 0.45774798 1.47538998 -0.36210899
v 0.46164 1.45859006 -0.35843097
v 0.43393298 1.46036999 -0.37880599
v 0.44063598 1.44531003 -0.37276298
v 0.43492698 1.41099011 -0.37785697
v 0.42572497 1.42249997 -0.38497398
v 0.44733096 1.43025006 -0.36672797
v 0.41652396 1.43400998 -0.39209998
v 0.41025897 1.39775006 -0.40193797
v 0.42134398 1.39178998 -0.39513198
v 0.43908599 1.35978009 -0.39578498
v 0.43242099 1.38583005 -0.38832599
v 0.47781096 1.29312009 -0.41593699
v 0.45453002 1.30809003 -0.41545398
v 0.48089499 1.30139005 -0.40703197
v 0.50118098 1.30245007 -0.39318198
v 0.50110698 1.29339002 -0.40116
v 0.48397899 1.30967008 -0.39811999
v 0.50101001 1.28432996 -0.40914496
v 0.52354197 1.28119992 -0.39763099
v 0.52081397 1.29065 -0.39185496
v 0.51808497 1.30009 -0.38607898
v 0.53421897 1.30290997 -0.37787898
v 0.53992003 1.29384 -0.38172
v 0.54898001 1.31214002 -0.36984199
v 0.56136199 1.32807004 -0.36250899
v 0.55847796 1.30619992 -0.37191798
v 0.57283198 1.32639005 -0.36240497
v 0.56874697 1.30003003 -0.37365298
v 0.54563697 1.28486005 -0.38558299
v 0.59271002 1.35122006 -0.34814799
v 0.58571799 1.32382001 -0.36055198
v 0.58011298 1.35001996 -0.35281097
v 0.56941397 1.34926007 -0.35531699
v 0.57042197 1.3728999 -0.34817001
v 0.57977198 1.37568997 -0.34371398
v 0.57946799 1.40752011 -0.330391
v 0.59012896 1.37956998 -0.33793098
v 0.57077098 1.40172009 -0.33592899
v 0.56205199 1.39594998 -0.34145999
v 0.54643 1.41652997 -0.337723
v 0.55298396 1.42564999 -0.33218497
v 0.53421897 1.45768002 -0.32780299
v 0.55953898 1.43477002 -0.32665397
v 0.52992598 1.44492001 -0.33206599
v 0.52563296 1.43214001 -0.33632899
v 0.50482798 1.44208005 -0.33854598
v 0.50707499 1.45792004 -0.33665599
v 0.48390498 1.48008999 -0.34643497
v 0.50931399 1.47376004 -0.33476497
v 0.48448398 1.46268002 -0.34552299
v 0.48505496 1.44527997 -0.34461097
v 0.46553298 1.44178998 -0.354761
v 0.49730296 1.30061002 -0.38473697
v 0.47998298 1.30759992 -0.39014197
v 0.46243297 1.31854001 -0.39270797
v 0.43460097 1.35717999 -0.38774001
v 0.42838698 1.38169995 -0.380111
v 0.43127097 1.40510998 -0.36867797
v 0.44663398 1.33535001 -0.39192897
v 0.52914698 1.30137998 -0.37087199
v 0.51376296 1.29844998 -0.37819797
v 0.44202899 1.42382001 -0.35661498
v 0.459668 1.43508999 -0.34519698
v 0.55443 1.32635999 -0.357653
v 0.54299002 1.31078 -0.36385898
v 0.47975299 1.43917004 -0.33704097
v 0.50028399 1.43557004 -0.33320098
v 0.56220797 1.36784009 -0.34458198
v 0.56183695 1.34598996 -0.35132796
v 0.52102099 1.42547009 -0.33228099
v 0.54043196 1.41001004 -0.334001
v 0.55448199 1.38973004 -0.33833099
v 0.47998298 1.30759992 -0.39014197
v 0.49730296 1.30061002 -0.38473697
v 0.46243297 1.31854001 -0.39270797
v 0.42838698 1.38169995 -0.380111
v 0.43460097 1.35717999 -0.38774001
v 0.43127097 1.40510998 -0.36867797
v 0.44663398 1.33535001 -0.39192897
v 0.51376296 1.29844998 -0.37819797
v 0.52914698 1.30137998 -0.37087199
v 0.44202899 1.42382001 -0.35661498
v 0.459668 1.43508999 -0.34519698
v 0.54299002 1.31078 -0.36385898
v 0.55443 1.32635999 -0.357653
v 0.47975299 1.43917004 -0.33704097
v 0.50028399 1.43557004 -0.33320098
v 0.56183695 1.34598996 -0.35132796
v 0.56220797 1.36784009 -0.34458198
v 0.52102099 1.42547009 -0.33228099
v 0.54043196 1.41001004 -0.334001
v 0.55448199 1.38973004 -0.33833099
v 0.60064295 1.31807004 -0.352485
v 0.58215899 1.2890701 -0.373334
v 0.55084197 1.26961003 -0.39043899
v 0.60328196 1.38872998 -0.32419997
v 0.60823496 1.35305005 -0.335811
v 0.4295 1.29619992 -0.43650397
v 0.39815898 1.32626996 -0.42884498
v 0.37810397 1.36598996 -0.42373599
v 0.50941001 1.50632 -0.32069297
v 0.54166297 1.48482998 -0.31415298
v 0.57012599 1.45449002 -0.31232198
v 0.380876 1.45889004 -0.39692599
v 0.40537299 1.49092007 -0.37669299
v 0.43872298 1.50975003 -0.35442001
v 0.37120097 1.41421002 -0.41331897
v 0.49510798 1.26802007 -0.42685
v 0.46314498 1.27804006 -0.436823
v 0.52317099 1.26477002 -0.40985698
v 0.59116797 1.42133008 -0.31549499
v 0.47499297 1.51562008 -0.33508399
v 0.61931899 1.30279996 -0.33599597
v 0.59466002 1.26101003 -0.36857398
v 0.55984297 1.24214002 -0.398068
v 0.62769003 1.34917996 -0.31149898
v 0.61935698 1.39512006 -0.29851699
v 0.40054698 1.27159001 -0.44875197
v 0.35337001 1.30917005 -0.44754397
v 0.32526199 1.35693005 -0.43264098
v 0.54518397 1.50949002 -0.283414
v 0.50139598 1.53648007 -0.28734298
v 0.58069895 1.47456997 -0.28600099
v 0.361436 1.51734005 -0.35462798
v 0.32439498 1.47874005 -0.38275001
v 0.40786498 1.54089993 -0.32806197
v 0.31247298 1.42629986 -0.41257796
v 0.48548499 1.23891004 -0.44250197
v 0.44482497 1.24749997 -0.45068
v 0.52223002 1.23767003 -0.42079997
v 0.60346099 1.43734997 -0.29030898
v 0.45529399 1.54723004 -0.30482599
v 0.64826498 1.28137006 -0.31049798
v 0.61409197 1.21344007 -0.36021098
v 0.64609297 1.39563 -0.258976
v 0.66020895 1.34239987 -0.27224
v 0.72655897 1.16366002 -0.23634799
v 0.72244398 1.16442006 -0.22325399
v 0.72022002 1.16241002 -0.22903699
v 0.728888 1.15884 -0.22638299
v 0.73389197 1.17141004 -0.19006799
v 0.74056494 1.15738004 -0.18875598
v 0.72752295 1.16861005 -0.20956001
v 0.73588003 1.15837003 -0.21002698
v 0.74354597 1.19371 -0.20333198
v 0.73413695 1.18581006 -0.21890199
v 0.76670798 1.21456006 -0.21128799
v 0.64783499 1.20521001 -0.33753097
v 0.69753294 1.25895001 -0.28117498
v 0.662834 1.20958005 -0.33915397
v 0.71388899 1.25795003 -0.28370298
v 0.67948698 1.26833005 -0.28507398
v 0.62674899 1.19616002 -0.35743797
v 0.72918494 1.07101003 -0.211147
v 0.701714 1.06645002 -0.20149299
v 0.69360297 1.07637006 -0.26639799
v 0.65432295 1.07528005 -0.26917098
v 0.70678595 1.30251996 -0.249797
v 0.69196494 1.30484006 -0.24814399
v 0.70508093 1.34318997 -0.20273199
v 0.716743 1.34356 -0.20764001
v 0.73478194 1.33884 -0.21131
v 0.72699698 1.29897 -0.25479499
v 0.68999297 1.21598004 -0.34559699
v 0.731742 1.26294004 -0.28809999
v 0.71256895 1.21989003 -0.347844
v 0.75051497 1.26757001 -0.29210298
v 0.63153098 1.16358007 -0.37354198
v 0.64214797 1.19206006 -0.364696
v 0.66323393 1.16559003 -0.38424003
v 0.67368796 1.19359006 -0.370517
v 0.70598494 1.18958005 -0.37168098
v 0.69722899 1.16044004 -0.38077098
v 0.66793494 1.13286001 -0.37587699
v 0.63534197 1.13119993 -0.36964198
v 0.72197005 1.07977003 -0.26871898
v 0.68742697 1.09182004 -0.33587699
v 0.65590094 1.09029005 -0.33595897
v 0.749121 1.08319005 -0.27045299
v 0.71831496 1.10129003 -0.33285197
v 0.75269499 1.07415006 -0.214172
v 0.77899397 1.07939001 -0.212215
v 0.753384 1.33298001 -0.21633699
v 0.77622793 1.32464002 -0.222276
v 0.74516196 1.29923001 -0.26010299
v 0.76320097 1.29879987 -0.26482599
v 0.719998 1.16742002 -0.36987197
v 0.71902594 1.15225004 -0.37059798
v 0.71046294 1.13065999 -0.37448299
v 0.88809393 1.10578 -0.26952699
v 0.87979093 1.08369001 -0.27082399
v 0.85289099 1.11653005 -0.30195699
v 0.84116896 1.10131002 -0.30607198
v 0.85158598 1.07566999 -0.26836299
v 0.82916594 1.08627004 -0.29627698
v 0.90356794 1.09787 -0.24119699
v 0.89533094 1.07124006 -0.23792001
v 0.87064894 1.06513006 -0.23293001
v 0.91466696 1.38163007 -0.27215898
v 0.93086698 1.36547009 -0.27801599
v 0.88340094 1.35319989 -0.31967698
v 0.89966795 1.33538007 -0.32774398
v 0.87269499 1.28749005 -0.35446498
v 0.85891897 1.31003003 -0.34834003
v 0.77576002 1.18912999 -0.26620498
v 0.74258894 1.18273 -0.24897399
v 0.75380697 1.17261007 -0.28633499
v 0.741388 1.15949994 -0.26064498
v 0.72658896 1.17278005 -0.23098001
v 0.74718596 1.15201001 -0.29277099
v 0.74179594 1.15013006 -0.31416099
v 0.74508093 1.15555005 -0.23917299
v 0.76221495 1.14981 -0.25397199
v 0.77317297 1.14669004 -0.226413
v 0.75212393 1.15161001 -0.21704099
v 0.78273001 1.14414007 -0.20270198
v 0.75961195 1.14948003 -0.194391
v 0.733188 1.22629995 -0.345204
v 0.76937697 1.27337003 -0.29544698
v 0.75678 1.23817006 -0.34645
v 0.78301199 1.28686002 -0.29836799
v 0.749877 1.16189992 -0.323036
v 0.77084494 1.17097005 -0.33173999
v 0.771416 1.18114003 -0.30004398
v 0.79228003 1.18609998 -0.30874099
v 0.81290594 1.20822004 -0.28865598
v 0.79745497 1.19589994 -0.27752
v 0.75761793 1.17015004 -0.35196597
v 0.73392195 1.16231 -0.34564197
v 0.73097098 1.14871999 -0.34042197
v 0.72894697 1.15268003 -0.34290599
v 0.73086699 1.17445005 -0.36291698
v 0.75146399 1.18021001 -0.36546001
v 0.78861693 1.22149991 -0.25111001
v 0.80995497 1.23120999 -0.26155599
v 0.82730497 1.24079 -0.27074298
v 0.84084394 1.24721006 -0.23677099
v 0.82339697 1.23833005 -0.23052001
v 0.80188795 1.22834005 -0.22398799
v 0.82472494 1.32777005 -0.29479499
v 0.82262594 1.30070996 -0.33641799
v 0.81172003 1.31292996 -0.29807899
v 0.80110998 1.27576001 -0.343959
v 0.84440199 1.32876996 -0.32155299
v 0.83494894 1.33994 -0.29115398
v 0.84511396 1.23193006 -0.33850898
v 0.87428198 1.26444005 -0.33002002
v 0.85081495 1.23793004 -0.32071498
v 0.87414099 1.26338002 -0.31482099
v 0.87395597 1.26405004 -0.30306199
v 0.85952002 1.24849004 -0.30284698
v 0.84200697 1.23162 -0.29996198
v 0.82924696 1.21687001 -0.31931398
v 0.819364 1.20685002 -0.33756698
v 0.81323195 1.20724004 -0.35425697
v 0.80988096 1.21747007 -0.365927
v 0.84214796 1.23344007 -0.35583598
v 0.84039892 1.24603002 -0.36765498
v 0.87444494 1.27249997 -0.34485599
v 0.81922293 1.33221997 -0.27574001
v 0.83426001 1.33819989 -0.24003299
v 0.83126394 1.34426999 -0.27477599
v 0.84452795 1.34913998 -0.241434
v 0.85703596 1.36141003 -0.24345798
v 0.84301596 1.35509 -0.27551
v 0.85318098 1.26104001 -0.28060399
v 0.86981092 1.27454 -0.28411798
v 0.88580297 1.28469007 -0.28752099
v 0.90456198 1.29827008 -0.25715198
v 0.88551496 1.28283002 -0.25188798
v 0.86866896 1.26779996 -0.24666898
v 0.86439093 1.36135007 -0.29740398
v 0.88730795 1.38374997 -0.25767898
v 0.92758299 1.32551999 -0.26917098
v 0.91948698 1.31059003 -0.26246099
v 0.90023092 1.29941007 -0.30481899
v 0.89522001 1.29098004 -0.29479499
v 0.77429999 1.08569997 -0.27202499
v 0.74665198 1.10346006 -0.32993797
v 0.79721693 1.08446004 -0.27144
v 0.772358 1.10039998 -0.32765498
v 0.76845793 1.13737005 -0.337746
v 0.76314894 1.12625005 -0.34143001
v 0.74121001 1.14113004 -0.34430698
v 0.734634 1.13087003 -0.34946002
v 0.76822798 1.14888006 -0.29552099
v 0.78523596 1.14752004 -0.26074098
v 0.79680197 1.14357999 -0.23374599
v 0.80902098 1.14638006 -0.26717698
v 0.82067595 1.14019002 -0.24098199
v 0.79891493 1.07956006 -0.22025199
v 0.81839995 1.07809003 -0.22541898
v 0.80612196 1.14073003 -0.210487
v 0.82843199 1.13477002 -0.21747098
v 0.81968298 1.07792005 -0.26854799
v 0.80254896 1.09485006 -0.31411599
v 0.80100599 1.11667005 -0.32813697
v 0.80694494 1.13198003 -0.32748397
v 0.83365095 1.13698003 -0.27684499
v 0.85148298 1.13312002 -0.25263
v 0.83757299 1.07262006 -0.228645
v 0.86499899 1.13195005 -0.22883699
v 0.813655 1.32277005 -0.23474599
v 0.79501593 1.31023999 -0.27387899
v 0.79552694 1.32053998 -0.22774
v 0.78172896 1.30027005 -0.26871898
v 0.85482695 1.25624005 -0.24198299
v 0.84019094 1.24969991 -0.27658498
v 0.82714895 1.21901006 -0.29564699
v 0.80676695 1.24289006 -0.36999797
v 0.78039496 1.21874005 -0.370279
v 0.78012793 1.19311002 -0.367914
v 0.75064894 1.20445005 -0.36897399
v 0.77957197 1.25484006 -0.34733897
v 0.79786299 1.29926007 -0.29922099
v 0.79322897 1.18187001 -0.33580299
v 0.80995497 1.19953 -0.31531001
v 0.83086393 1.27336003 -0.36403697
v 0.725418 1.19712003 -0.36659499
v 0.61120097 1.16287999 -0.36456298
v 0.68344496 1.11331006 -0.36374698
v 0.82554693 1.32906003 -0.23851299
v 0.93186094 1.34488004 -0.27577699
v 0.89869001 1.11457006 -0.239848
v 0.88422399 1.11979993 -0.26642002
v 0.71961195 1.14391004 -0.36038097
v 0.75279097 1.14471006 -0.33131
v 0.79223494 1.14861005 -0.29730798
v 0.78036497 1.14257001 -0.32465198
v 0.81390699 1.13876005 -0.31558398
v 0.81416693 1.14445005 -0.29776799
v 0.78367895 1.18196004 -0.35539897
v 0.85430799 1.12541005 -0.29518001
v 0.90214498 1.31459989 -0.31697099
v 0.75242796 1.20861005 -0.23293699
v 0.80797598 1.32083005 -0.27685199
v 0.70508093 1.34318997 -0.20273199
v 0.699438 1.35891003 -0.21162099
v 0.68239294 1.31669995 -0.262038
v 0.67948698 1.26833005 -0.28507398
v 0.62674899 1.19616002 -0.35743797
v 0.67437796 1.27136006 -0.29520198
v 0.62809096 1.20687001 -0.35990699
v 0.60576697 1.17653005 -0.37393497
v 0.62603003 1.10079 -0.31860198
v 0.62092097 1.09556005 -0.33152499
v 0.61201697 1.13464002 -0.35275897
v 0.60776099 1.13246999 -0.36199798
v 0.68468398 1.04805006 -0.225375
v 0.61201697 1.13464002 -0.35275897
v 0.62603003 1.10079 -0.31860198
v 0.65241698 1.05935003 -0.28184198
v 0.701714 1.06645002 -0.20149299
v 0.69196494 1.30484006 -0.24814399
v 0.61120097 1.16287999 -0.36456298
v 0.65432295 1.07528005 -0.26917098
v 0.71307295 1.12394002 -0.36009196
v 0.68316397 1.10617002 -0.35294498
v 0.0153827 0.66228896 -0.48727599
v -0.109333 1.12931005 0.0802786
v -0.09798159 1.08128004 0.0722415
v -0.08035029 1.03465002 0.0634038
v -0.0566766 0.99120794 0.052742
v -0.0282133 0.95160192 0.0404714
v -0.67724394 0.42676002 -0.0188947
v 0.0131064 0.91531599 0.0592221
v -0.0742485 1.03383001 0.08217669
v -0.0490993 0.99021497 0.07747599
v -0.0190344 0.95152693 0.0708847
v 0.59188696 0.91804396 0.0895242
v -0.11539 0.10151 0.19924099
v -0.0549863 0.10143599 0.21817699
v -0.15926799 0.10157699 0.16379999
v -0.19329999 0.101651 0.11635699
v -0.22538099 0.10168099 0.0440154
v 0.40266002 0.101244 0.136679
v 0.32719001 0.10130299 0.18530899
v 0.227994 0.101333 0.21702798
v 0.14226299 0.101377 0.23046199
v 0.0270157 0.10137 0.231159
v 0.44415698 0.10128099 0.0756966
v 0.0682094 0.10137 0.23643798
v 0.46580699 0.10155499 0.00804138
v -0.25153098 0.101622 -0.022068
v 0.46539199 0.101481 -0.0835619
v -0.12599299 0.10151 -0.28271699
v -0.065737 0.10142199 -0.30084499
v -0.18496599 0.101644 -0.25611499
v -0.21698799 0.10165899 -0.205282
v -0.216462 0.101607 -0.142928
v 0.40661899 0.101362 -0.21951
v 0.32961398 0.101496 -0.27161798
v 0.22962499 0.10159899 -0.31832
v 0.13840799 0.101637 -0.33647002
v 0.0211658 0.101488 -0.32443
v 0.44767898 0.101347 -0.155147
v 0.0604318 0.101488 -0.32526
v -0.22731599 0.101651 -0.0879883
v 0.125907 0.101733 -0.0380531
v -0.42743499 0.92750494 -0.0324479
v -0.48967002 0.94380094 -0.0343312
v -0.67724394 0.42676002 -0.0188947
v -0.69298499 0.52035796 -0.0198363
v -0.690782 0.59067397 -0.0198585
v -0.68012793 0.66587004 -0.0196361
v -0.66314894 0.75478194 -0.0211857
v -0.61625395 0.86677496 -0.029586
v -0.55446398 0.92477697 -0.0338715
v -0.48967002 0.94380094 -0.0343312
v -0.37138297 0.88952894 -0.0297714
v -0.32863197 0.83511595 -0.0195249
v -0.29166398 0.80371595 -0.0167964
v -0.21096 0.64579199 0.417131
v -0.28270099 0.61599398 0.42678496
v 0.0158052 0.66813895 0.41235698
v -0.10609299 0.65575697 0.41267596
v -0.20603698 0.30610698 0.47064002
v -0.27949798 0.364747 0.46635497
v -0.32007598 0.43319499 0.45756198
v -0.33328899 0.50128798 0.44856799
v -0.0984192 0.261273 0.47153003
v -0.32136699 0.56488799 0.43832896
v 0.0312344 0.24063899 0.47280497
v 0.164046 0.23930499 0.47058097
v 0.29934898 0.259004 0.46523597
v 0.13708799 0.68774199 0.41108199
v 0.26485099 0.69258398 0.41299399
v 0.0153827 0.66228896 -0.48727599
v -0.111349 0.65489005 -0.48695697
v -0.217418 0.64009795 -0.49290297
v -0.29239898 0.60794299 -0.50255698
v -0.32289397 0.43143798 -0.53136199
v -0.337448 0.49298396 -0.52395396
v -0.20391698 0.31234298 -0.54283099
v -0.27833398 0.36860198 -0.53862002
v -0.10050299 0.26585498 -0.54508498
v -0.32829799 0.55373698 -0.51433097
v 0.02729 0.24178098 -0.54828898
v 0.15889299 0.23916398 -0.54731002
v 0.29503398 0.26045799 -0.54082896
v 0.13633899 0.67866698 -0.48637099
v 0.26732 0.68026099 -0.48784697
vn -0.19211 -0.93457 0.29946
vn -0.06315 -0.99362 0.09341
vn -0.11695 -0.92131 0.37082
vn -0.03877 -0.993 0.11153
vn -0.08526 -0.99393 0.06957
vn -0.25821 -0.94208 0.21406
vn -0.30524 -0.94424 0.12347
vn -0.10301 -0.99387 0.04007
vn -0.10985 -0.9937 0.02232
vn -0.31987 -0.94546 0.06149
vn 0.23802 -0.80944 0.5368
vn 0.39559 -0.82936 0.39455
vn 0.32201 -0.65311 0.68539
vn 0.54711 -0.66578 0.50736
vn 0.22738 -0.94313 0.2425
vn 0.14928 -0.9259 0.34703
vn -0.31054 -0.82067 0.47965
vn -0.18211 -0.7902 0.58517
vn -0.41825 -0.84139 0.34225
vn -0.40725 -0.67194 0.61858
vn -0.54489 -0.7119 0.44304
vn -0.23437 -0.6181 0.75035
vn -0.47425 -0.85735 0.2001
vn -0.47251 -0.87541 0.1019
vn -0.60113 -0.75057 0.2744
vn -0.59342 -0.79143 0.14662
vn 0.4972 -0.84539 0.19523
vn 0.28226 -0.95351 0.10556
vn 0.68018 -0.67864 0.27713
vn 0.3947 -0.5081 0.76554
vn 0.6518 -0.50757 0.56351
vn 0.47543 -0.37872 0.79407
vn 0.72871 -0.35445 0.58595
vn -0.47208 -0.52749 0.70632
vn -0.28008 -0.45699 0.84422
vn -0.62995 -0.5896 0.50551
vn -0.52553 -0.40281 0.74937
vn -0.68827 -0.48346 0.54088
vn -0.3457 -0.33364 0.87703
vn 0.79749 -0.50276 0.33352
vn 0.86886 -0.33216 0.36709
vn 0.77924 -0.20832 0.59109
vn 0.55673 -0.23234 0.79754
vn 0.61142 -0.08695 0.78651
vn 0.80598 -0.07802 0.58679
vn 0.90102 -0.19855 0.38568
vn 0.91295 -0.07323 0.40144
vn 0.58731 0.31693 0.74473
vn 0.6263 0.11228 0.77145
vn 0.76756 0.29628 0.56839
vn 0.8076 0.10215 0.58082
vn 0.90596 0.09713 0.41207
vn 0.86897 0.27315 0.41265
vn 0.36905 0.66429 0.65002
vn 0.49828 0.50236 0.70665
vn 0.58435 0.59796 0.54861
vn 0.69286 0.45915 0.55598
vn 0.81307 0.41512 0.40816
vn 0.75111 0.51512 0.41289
vn 0.19627 0.76693 0.61098
vn 0.27001 0.7156 0.64421
vn 0.38089 0.73094 0.56626
vn 0.47742 0.67211 0.56598
vn 0.66562 0.61384 0.42445
vn 0.5601 0.71294 0.42191
vn -0.14224 0.8926 0.42783
vn -0.11543 0.80194 0.58615
vn -0.18373 0.90135 0.3922
vn -0.14578 0.82315 0.54879
vn -0.19892 0.94046 0.27562
vn -0.1706 0.89217 0.41824
vn -0.08391 0.78462 0.61428
vn -0.10478 0.83692 0.5372
vn -0.07128 0.7628 0.64269
vn -0.15202 0.9639 0.21859
vn -0.04376 0.99548 0.08434
vn -0.08373 0.95816 0.27371
vn 0.11433 0.98314 0.14269
vn -0.15367 0.98684 0.0504
vn -0.18857 0.9711 0.14635
vn -0.27788 0.95511 0.10275
vn -0.27853 0.95978 0.0353
vn -0.26623 0.94395 0.19516
vn -0.49446 0.64212 0.58582
vn -0.12368 0.74416 0.65645
vn -0.52198 0.77681 0.35228
vn -0.09431 0.9196 0.38138
vn 0.35104 0.86631 0.35536
vn 0.28746 0.72515 0.62572
vn -0.0854 0.65913 0.74717
vn 0.22401 0.68981 0.68846
vn -0.41145 0.56491 0.71525
vn -0.89644 0.3043 0.32219
vn -0.75597 0.47593 0.44945
vn -0.92984 0.30742 0.20223
vn -0.80407 0.52634 0.27648
vn -0.65142 0.42825 0.6263
vn -0.81284 0.26112 0.52069
vn -0.70083 0.14352 0.69874
vn -0.52897 0.34004 0.77753
vn -0.32356 0.50557 0.79982
vn -0.26768 0.4103 0.87178
vn -0.38467 0.21774 0.89701
vn -0.51729 -0.02146 0.85554
vn -0.70316 -0.1848 0.6866
vn -0.80233 -0.03383 0.59593
vn -0.80605 -0.26705 0.52818
vn -0.87792 -0.14451 0.45648
vn -0.92976 -0.00252 0.36816
vn -0.89323 0.1164 0.43427
vn -0.69347 -0.63609 0.33836
vn -0.70537 -0.68381 0.18669
vn -0.75587 -0.53249 0.38094
vn -0.79655 -0.56648 0.21121
vn -0.07742 -0.24052 0.96755
vn -0.0898 -0.13472 0.98681
vn -0.13852 -0.22143 0.96529
vn -0.16849 -0.12184 0.97815
vn -0.11353 -0.03894 0.99277
vn -0.196 -0.01749 0.98045
vn -0.6022 -0.2908 0.7435
vn -0.74244 -0.37489 0.55519
vn -0.43292 -0.20029 0.8789
vn -0.8181 -0.41391 0.39924
vn -0.8798 -0.41971 0.22314
vn -0.8832 -0.28515 0.37236
vn -0.94038 -0.26338 0.2152
vn -0.12459 0.08023 0.98896
vn -0.12223 0.17894 0.97624
vn -0.20531 0.09275 0.97429
vn -0.19602 0.18993 0.96203
vn -0.06566 0.71218 0.69892
vn -0.08628 0.66607 0.74088
vn -0.04789 0.77883 0.62541
vn -0.05411 0.73665 0.67411
vn 0.32735 0.91844 0.22208
vn 0.03824 0.94702 0.31889
vn -0.06744 0.91206 0.40448
vn 0.02078 0.86406 0.50296
vn 0.29906 0.86808 0.39623
vn 0.60101 0.74983 0.27667
vn 0.10013 0.78779 0.60775
vn 0.13788 0.80072 0.58295
vn 0.25153 0.79372 0.55383
vn 0.29316 0.78272 0.54901
vn 0.03379 0.76063 0.64831
vn 0.01283 0.79284 0.60929
vn -0.00146 0.80591 0.59203
vn 0.47019 0.78228 0.40861
vn 0.40659 0.82412 0.39435
vn -0.22809 0.91966 0.31967
vn -0.14919 0.8772 0.45636
vn 0.22198 0.77564 0.59085
vn 0.47715 0.7189 0.50548
vn 0.64222 0.70269 0.30622
vn -0.94195 -0.152 0.29937
vn -0.97727 -0.09763 0.18817
vn -0.96967 0.02737 0.24289
vn -0.98427 0.06509 0.16422
vn -0.08192 0.66082 0.74606
vn -0.14386 0.63564 0.75846
vn -0.95076 0.17902 0.253
vn -0.96944 0.18058 0.16606
vn 0.43374 0.79117 0.43118
vn 0.28661 0.73075 0.61957
vn 0.63593 0.49935 0.58843
vn 0.41019 0.41588 0.81165
vn -0.06327 0.73809 0.67173
vn -0.23644 0.78528 0.57222
vn -0.03094 0.83209 0.55378
vn -0.35686 0.36504 0.85988
vn -0.09845 0.36574 0.92549
vn 0.11646 0.70428 0.7003
vn 0.16035 0.36939 0.91533
vn -0.38039 0.81813 0.43123
vn -0.49113 0.82354 0.28384
vn -0.79874 0.30172 0.52055
vn -0.59916 0.3411 0.72433
vn 0.04757 -0.99257 0.11197
vn 0.06935 -0.99474 0.0754
vn 0.01559 -0.99069 0.1352
vn 0.0285 -0.99114 0.12969
vn 0.04637 -0.90588 0.42098
vn 0.0864 -0.91136 0.40245
vn -0.01884 -0.9919 0.12565
vn -0.05706 -0.90982 0.41107
vn 0.08774 -0.99576 0.02762
vn 0.12614 -0.7795 0.61357
vn 0.06715 -0.76056 0.64579
vn 0.07539 -0.57677 0.81342
vn 0.15371 -0.60798 0.77893
vn -0.08524 -0.76006 0.64423
vn -0.10258 -0.56625 0.81783
vn 0.04509 -0.22771 0.97268
vn 0.04713 -0.13392 0.98987
vn 0.00638 -0.23883 0.97104
vn 0.00566 -0.15891 0.98728
vn 0.05863 -0.04088 0.99744
vn 0.00298 -0.0567 0.99839
vn 0.12764 -0.11629 0.98498
vn 0.15228 -0.01476 0.98823
vn 0.10062 -0.20516 0.97354
vn 0.05929 0.06817 0.99591
vn -0.00674 0.05551 0.99844
vn -0.02193 0.16304 0.98638
vn 0.05032 0.18063 0.98226
vn 0.15618 0.22065 0.96277
vn 0.16374 0.09907 0.98152
vn 0.02068 0.31784 0.94792
vn -0.05029 0.31673 0.94718
vn -0.08691 0.5228 0.84801
vn -0.02541 0.53393 0.84515
vn 0.07144 0.51603 0.85358
vn 0.12772 0.35686 0.92538
vn 0.07829 0.74131 0.66659
vn -0.06105 0.76664 0.63917
vn 0.20851 0.67142 0.71114
vn 0.31329 0.49971 0.80755
vn 0.37869 0.31059 0.87186
vn 0.40034 0.11862 0.90866
vn 0.38154 -0.07038 0.92167
vn 0.33108 -0.22771 0.91571
vn 0.26031 -0.36497 0.89389
vn 0.17811 -0.47313 0.8628
vn 0.07135 -0.48509 0.87155
vn -0.12792 -0.41132 0.90247
vn -0.21713 -0.27228 0.9374
vn -0.28612 -0.11456 0.95132
vn -0.29783 0.01413 0.95451
vn -0.25921 0.15306 0.95362
vn -0.21446 0.3198 0.9229
vn -0.1519 0.52864 0.83514
vn -0.10367 0.29539 0.94974
vn -0.16578 0.31321 0.9351
vn -0.08367 0.4929 0.86606
vn -0.11983 0.47012 0.87443
vn -0.08759 0.77459 0.62638
vn -0.25692 -0.12344 0.95852
vn -0.28285 0.01319 0.95907
vn -0.37872 -0.27675 0.88316
vn -0.43842 -0.07061 0.89599
vn -0.39068 -0.27619 0.87812
vn -0.43765 -0.06355 0.8969
vn -0.25152 -0.43128 0.86645
vn -0.27637 -0.4562 0.84587
vn -0.19905 -0.30322 0.9319
vn -0.27461 0.13525 0.952
vn -0.24989 0.29397 0.92257
vn -0.4421 0.09956 0.89142
vn -0.41684 0.29575 0.85952
vn -0.43835 0.11303 0.89167
vn -0.41284 0.32408 0.8512
vn 0.1564 -0.49739 0.85331
vn 0.06141 -0.53569 0.84218
vn 0.03267 -0.46863 0.88279
vn 0.05005 -0.55926 0.82748
vn 0.11945 -0.45202 0.88397
vn 0.1507 -0.52466 0.83786
vn 0.20874 -0.36148 0.90871
vn 0.23874 -0.41355 0.87862
vn 0.23242 -0.39165 0.89028
vn -0.12581 -0.45134 0.88344
vn -0.12866 -0.4656 0.87559
vn -0.15099 -0.53097 0.83383
vn 0.28403 -0.23521 0.92952
vn 0.2694 -0.19978 0.94208
vn 0.29352 -0.2385 0.92572
vn 0.28619 -0.03231 0.95763
vn 0.31091 -0.05626 0.94877
vn 0.31274 -0.06225 0.94779
vn 0.32268 0.12016 0.93885
vn 0.28668 0.12542 0.94978
vn 0.31293 0.12377 0.94168
vn 0.27972 0.29417 0.91391
vn 0.30391 0.31366 0.89959
vn 0.3091 0.31138 0.89861
vn 0.03758 0.80841 0.58741
vn 0.16982 0.69864 0.69503
vn -0.00099 0.78021 0.62551
vn 0.13826 0.68129 0.71883
vn 0.01878 0.82652 0.56259
vn 0.16153 0.71545 0.67974
vn -0.09996 0.80139 0.58973
vn -0.09865 0.85295 0.51259
vn -0.07681 0.8148 0.57463
vn 0.26292 0.51139 0.81814
vn 0.24258 0.49202 0.8361
vn 0.26289 0.52151 0.81173
vn -0.18575 0.49579 0.84835
vn -0.16024 0.72222 0.67284
vn -0.14632 0.77284 0.6175
vn -0.32248 0.52883 0.78508
vn -0.3121 0.57725 0.75457
vn -0.07656 0.79794 0.59785
vn -0.07159 0.84017 0.53758
vn -0.10738 0.80624 0.58177
vn -0.11299 0.84878 0.51653
vn -0.28757 -0.01818 0.95759
vn -0.24685 -0.15606 0.9564
vn -0.17356 -0.29079 0.94091
vn -0.28324 0.22681 0.93184
vn -0.29753 0.10046 0.94941
vn 0.07219 -0.32917 0.94151
vn 0.01454 -0.33035 0.94375
vn 0.15018 -0.26888 0.95139
vn -0.09148 -0.34137 0.93547
vn 0.21193 -0.14148 0.96699
vn 0.23359 -0.00943 0.97229
vn 0.24083 0.12037 0.96307
vn 0.23379 0.26042 0.93676
vn 0.10289 0.61318 0.78321
vn -0.0304 0.69402 0.71931
vn -0.09871 0.67543 0.73079
vn 0.20492 0.42884 0.87983
vn -0.23294 0.38802 0.89173
vn -0.13248 0.55741 0.8196
vn -0.07539 0.63473 0.76905
vn -0.09685 0.6526 0.75149
vn -0.0924 0.5095 0.85549
vn -0.08128 0.31655 0.94509
vn -0.06826 0.17201 0.98273
vn -0.05455 0.06532 0.99637
vn -0.04334 -0.05545 0.99752
vn -0.03338 -0.1601 0.98654
vn -0.02887 -0.24536 0.969
vn -0.0333 -0.33605 0.94125
vn -0.04236 -0.46772 0.88286
vn -0.04657 -0.55612 0.8298
vn -0.03767 -0.51949 0.85365
vn -0.02257 -0.45742 0.88896
vn -0.01296 -0.55689 0.83049
vn -0.00773 -0.75387 0.65697
vn -0.00379 -0.90729 0.42049
vn -0.00115 -0.99121 0.1323
vn 0.51234 -0.85739 0.04902
vn 0.70555 -0.70442 0.07735
vn 0.29709 -0.95457 0.02326
vn 0.84286 -0.52889 0.09931
vn 0.93026 -0.34882 0.11378
vn 0.9681 -0.21837 0.12285
vn 0.98659 -0.09313 0.13403
vn 0.98568 0.08156 0.14762
vn 0.95281 0.25976 0.1571
vn 0.89483 0.4177 0.15746
vn 0.84411 0.5149 0.14952
vn 0.77406 0.61865 0.13451
vn 0.67376 0.72925 0.11932
vn 0.59429 0.79583 0.11606
vn 0.5205 0.84585 0.1167
vn 0.52507 0.84188 0.12462
vn 0.76555 0.62167 0.16573
vn 0.0971 -0.99526 0.0049
vn -0.56541 0.80946 0.15837
vn -0.61131 0.78934 0.05696
vn -0.92089 0.23632 0.31001
vn -0.97936 0.14499 0.14081
vn -0.73825 -0.3625 0.56885
vn -0.83042 -0.41875 0.36748
vn -0.84449 -0.49858 0.19559
vn -0.66807 -0.70983 0.22322
vn -0.63736 -0.67269 0.37584
vn -0.5539 -0.63586 0.53748
vn -0.34619 -0.29104 0.89188
vn -0.56422 -0.33062 0.75653
vn -0.43617 -0.61739 0.65466
vn -0.26635 -0.62861 0.73069
vn -0.09798 -0.25158 0.96286
vn -0.08689 -0.64391 0.76015
vn 0.1207 -0.69925 0.70462
vn 0.17682 -0.2229 0.95867
vn 0.37303 -0.68174 0.62934
vn 0.46519 -0.19042 0.86449
vn 0.74917 -0.14141 0.6471
vn 0.57208 -0.68202 0.4556
vn 0.98414 0.02303 0.17587
vn 0.73837 -0.65656 0.15411
vn -0.09563 0.76965 0.63126
vn -0.11031 -0.99389 0.00492
vn -0.31506 -0.9489 0.01797
vn -0.4577 -0.88853 0.03204
vn -0.58911 -0.80717 0.03779
vn 0.51006 -0.85862 -0.05104
vn 0.70623 -0.70312 -0.08279
vn 0.29444 -0.95539 -0.0231
vn 0.84386 -0.5252 -0.10983
vn 0.92897 -0.34643 -0.1304
vn 0.96468 -0.21941 -0.14575
vn 0.98188 -0.10485 -0.15785
vn 0.98501 0.0586 -0.16224
vn 0.95819 0.2384 -0.15823
vn 0.89782 0.41404 -0.14994
vn 0.82935 0.538 -0.1508
vn 0.65915 0.73444 -0.16161
vn 0.74768 0.64454 -0.15983
vn 0.03903 0.99909 0.01744
vn 0.01862 0.99785 -0.06288
vn 0.26504 0.96349 0.03806
vn 0.24484 0.96254 -0.11646
vn -0.13066 0.99135 0.01235
vn -0.1381 0.99016 -0.02245
vn -0.27329 0.96189 0.00882
vn -0.27426 0.96166 0.00042
vn -0.51591 0.8552 0.04958
vn -0.05358 0.99813 0.02945
vn -0.05588 0.95654 -0.28618
vn 0.34412 0.89883 -0.27146
vn 0.36528 0.93075 0.01632
vn -0.95277 0.29958 0.04978
vn -0.82813 0.55789 0.05441
vn -0.71173 -0.70146 0.03742
vn -0.8121 -0.57872 -0.07466
vn -0.81839 -0.57349 0.03678
vn -0.90575 -0.41803 -0.06968
vn -0.91027 -0.41208 0.04005
vn 0.51562 0.85419 0.06711
vn 0.52626 0.83542 -0.15852
vn 0.70955 0.70142 0.06739
vn 0.71156 0.67733 -0.18682
vn 0.58722 0.79391 -0.15774
vn 0.50475 0.8499 -0.15134
vn 0.65569 0.75417 0.03603
vn 0.62788 0.74225 -0.23415
vn -0.96625 -0.25307 0.04806
vn -0.99576 -0.07604 0.05186
vn -0.99521 0.08462 0.04899
vn -0.98245 0.18056 0.0468
vn 0.5007 0.84942 -0.16673
vn 0.69945 0.67429 -0.23685
vn -0.64489 0.76421 0.01031
vn -0.65808 0.75262 0.02206
vn -0.997 0.05278 0.05667
vn -0.999 0.03114 0.03195
vn 0.09521 -0.99545 -0.00348
vn -0.82848 -0.55119 0.09911
vn -0.83354 -0.55223 0.01591
vn -0.68084 -0.723 0.11718
vn -0.70438 -0.70982 0.00029
vn 0.76079 -0.60323 -0.23939
vn 0.94247 0.13004 -0.30795
vn -0.1916 -0.92613 -0.32493
vn -0.11404 -0.9104 -0.39771
vn -0.05631 -0.99363 -0.09764
vn -0.03452 -0.99238 -0.11826
vn -0.26392 -0.93806 -0.22448
vn -0.08229 -0.99447 -0.06526
vn -0.30145 -0.94527 -0.12484
vn -0.10268 -0.99418 -0.03273
vn -0.30621 -0.95011 -0.05936
vn -0.10984 -0.99382 -0.01627
vn 0.53429 -0.66697 -0.51932
vn 0.38525 -0.83007 -0.40319
vn 0.31912 -0.64761 -0.69193
vn 0.23959 -0.80516 -0.5425
vn 0.22859 -0.9392 -0.25622
vn 0.15828 -0.91861 -0.36209
vn -0.17848 -0.75672 -0.6289
vn -0.3095 -0.79748 -0.51792
vn -0.42084 -0.83177 -0.36201
vn -0.53866 -0.70091 -0.46752
vn -0.3942 -0.64598 -0.6537
vn -0.22275 -0.5804 -0.78328
vn -0.46395 -0.85838 -0.21895
vn -0.46143 -0.88037 -0.10965
vn -0.5998 -0.78241 -0.16758
vn -0.59309 -0.74434 -0.30692
vn 0.28012 -0.95234 -0.12074
vn 0.48916 -0.84598 -0.21224
vn 0.67472 -0.67782 -0.29208
vn 0.71231 -0.34536 -0.61102
vn 0.64157 -0.49402 -0.58679
vn 0.46744 -0.36491 -0.80519
vn 0.39121 -0.48953 -0.7793
vn -0.25789 -0.43106 -0.86469
vn -0.45035 -0.52037 -0.72553
vn -0.6108 -0.58841 -0.52981
vn -0.66506 -0.48847 -0.56489
vn -0.50519 -0.40899 -0.75994
vn -0.3129 -0.31498 -0.89604
vn 0.79629 -0.49592 -0.3464
vn 0.86574 -0.32863 -0.37749
vn 0.76043 -0.20466 -0.61633
vn 0.5452 -0.22472 -0.80762
vn 0.78391 -0.08613 -0.61487
vn 0.59364 -0.07998 -0.80074
vn 0.89638 -0.19974 -0.39573
vn 0.90627 -0.09505 -0.41187
vn 0.55148 0.25395 -0.79459
vn 0.74976 0.22663 -0.62169
vn 0.5969 0.08591 -0.7977
vn 0.78312 0.05659 -0.6193
vn 0.90526 0.04554 -0.42241
vn 0.88072 0.2184 -0.42028
vn 0.33634 0.59961 -0.72618
vn 0.57204 0.58229 -0.57768
vn 0.46198 0.42541 -0.7782
vn 0.67998 0.40878 -0.6087
vn 0.82276 0.39849 -0.40531
vn 0.73865 0.55011 -0.38958
vn 0.15828 0.71392 -0.6821
vn 0.37644 0.72351 -0.57864
vn 0.22836 0.68567 -0.69117
vn 0.46713 0.67608 -0.56984
vn 0.64836 0.65753 -0.38378
vn 0.56464 0.73282 -0.37968
vn -0.13295 0.89547 -0.4248
vn -0.16783 0.91102 -0.37666
vn -0.09504 0.81073 -0.57765
vn -0.12755 0.84193 -0.5243
vn -0.19123 0.93786 -0.28957
vn -0.1611 0.88789 -0.43093
vn -0.09962 0.83105 -0.54721
vn -0.06887 0.78256 -0.61875
vn -0.0428 0.75673 -0.65232
vn 0.06183 0.96752 -0.24512
vn -0.09099 0.98418 -0.15203
vn -0.10661 0.95728 -0.26879
vn -0.17144 0.95894 -0.22594
vn -0.17015 0.982 -0.082
vn -0.19564 0.96714 -0.16239
vn -0.28255 0.95236 -0.11483
vn -0.28271 0.95847 -0.03758
vn -0.26264 0.93692 -0.23065
vn -0.4577 0.60503 -0.6515
vn -0.49469 0.7153 -0.49359
vn -0.08794 0.70202 -0.70671
vn -0.07622 0.82226 -0.56399
vn 0.31966 0.766 -0.55773
vn 0.29483 0.69484 -0.65595
vn 0.22417 0.6828 -0.69536
vn -0.06372 0.64952 -0.75767
vn -0.38708 0.55801 -0.73403
vn -0.89604 0.26158 -0.35872
vn -0.944 0.27439 -0.18322
vn -0.74294 0.43542 -0.50837
vn -0.81019 0.48817 -0.32446
vn -0.64565 0.41233 -0.64275
vn -0.81109 0.24338 -0.53189
vn -0.69916 0.13615 -0.70188
vn -0.53089 0.33179 -0.77979
vn -0.30426 0.51144 -0.80365
vn -0.24849 0.40863 -0.87822
vn -0.38735 0.19897 -0.90021
vn -0.51176 -0.0337 -0.85847
vn -0.68817 -0.17831 -0.70329
vn -0.79078 -0.26045 -0.55392
vn -0.79439 -0.01334 -0.60726
vn -0.87205 -0.11208 -0.47641
vn -0.92011 0.04229 -0.38937
vn -0.88453 0.12763 -0.44868
vn -0.67696 -0.63674 -0.36917
vn -0.70244 -0.67856 -0.21477
vn -0.78028 -0.57775 -0.23951
vn -0.73384 -0.54071 -0.41123
vn -0.09215 -0.18151 -0.97906
vn -0.14437 -0.16647 -0.97542
vn -0.09456 -0.06599 -0.99333
vn -0.15944 -0.07933 -0.98401
vn -0.1685 -0.0001 -0.9857
vn -0.10449 0.01153 -0.99446
vn -0.58844 -0.29219 -0.7539
vn -0.72628 -0.3697 -0.57951
vn -0.40729 -0.20071 -0.89097
vn -0.79974 -0.41079 -0.4378
vn -0.86949 -0.42871 -0.24536
vn -0.93875 -0.26015 -0.22596
vn -0.86961 -0.27479 -0.41021
vn -0.16115 0.16974 -0.97222
vn -0.09041 0.18145 -0.97924
vn -0.17053 0.07953 -0.98214
vn -0.10396 0.09206 -0.99031
vn -0.05495 0.74379 -0.66615
vn -0.1031 0.66864 -0.7364
vn -0.06147 0.77951 -0.62337
vn -0.08925 0.71419 -0.69424
vn 0.31365 0.87936 -0.35827
vn 0.02742 0.942 -0.3345
vn -0.08062 0.89186 -0.44507
vn 0.02234 0.83102 -0.5558
vn 0.28917 0.85064 -0.43909
vn 0.55601 0.69929 -0.44928
vn 0.05062 0.77371 -0.63151
vn 0.23163 0.80808 -0.54162
vn 0.10324 0.74481 -0.65924
vn 0.28886 0.77171 -0.56658
vn 0.03194 0.72455 -0.68849
vn 0.00327 0.74995 -0.66149
vn -0.02617 0.7927 -0.60905
vn 0.48214 0.79498 -0.36817
vn 0.39821 0.85147 -0.34122
vn -0.22108 0.90173 -0.37148
vn -0.14362 0.85084 -0.50542
vn 0.23437 0.74359 -0.62622
vn 0.46128 0.70384 -0.54022
vn 0.56202 0.64981 -0.51174
vn -0.93655 -0.12725 -0.32662
vn -0.97747 -0.09123 -0.19032
vn -0.984 0.07068 -0.16353
vn -0.96134 0.05042 -0.27072
vn -0.05521 0.64751 -0.76005
vn -0.12138 0.62078 -0.77453
vn -0.94446 0.16293 -0.28539
vn -0.97285 0.1715 -0.15537
vn 0.39559 0.84772 -0.35339
vn 0.23756 0.8005 -0.55024
vn 0.35269 0.57043 -0.74177
vn 0.56805 0.65202 -0.50219
vn -0.2214 0.77435 -0.59276
vn -0.05449 0.80687 -0.58821
vn -0.08214 0.72844 -0.68016
vn -0.34248 0.44949 -0.82502
vn -0.1184 0.43295 -0.89361
vn 0.10236 0.47798 -0.87239
vn 0.06216 0.73519 -0.67501
vn -0.35162 0.82297 -0.44619
vn -0.45318 0.83982 -0.29887
vn -0.75356 0.40813 -0.51534
vn -0.56556 0.45767 -0.68606
vn 0.07066 -0.99409 -0.08235
vn 0.05305 -0.99155 -0.1184
vn 0.01321 -0.99008 -0.1399
vn 0.04201 -0.89934 -0.43522
vn 0.03299 -0.99044 -0.13394
vn 0.09697 -0.90473 -0.4148
vn -0.05612 -0.8979 -0.43661
vn -0.01674 -0.99074 -0.13476
vn 0.08646 -0.99564 -0.03488
vn 0.06104 -0.75005 -0.65856
vn 0.1372 -0.77451 -0.61751
vn 0.06923 -0.57801 -0.81309
vn 0.16572 -0.6075 -0.77684
vn -0.08926 -0.73521 -0.67193
vn -0.11424 -0.54475 -0.83078
vn 0.01991 -0.23064 -0.97284
vn -0.03059 -0.21495 -0.97614
vn 0.00266 -0.09551 -0.99542
vn -0.04595 -0.09776 -0.99415
vn -0.05214 0.0113 -0.99858
vn 0.00213 0.01818 -0.99983
vn 0.1207 0.01473 -0.99258
vn 0.11337 -0.1107 -0.98737
vn 0.09674 -0.22321 -0.96996
vn -0.00362 0.13606 -0.99069
vn -0.05544 0.11989 -0.99124
vn -0.05735 0.23695 -0.96983
vn -0.01353 0.26362 -0.96453
vn 0.08731 0.29437 -0.9517
vn 0.1133 0.15308 -0.9817
vn -0.02875 0.37175 -0.92789
vn -0.06133 0.35988 -0.93098
vn -0.06922 0.47988 -0.8746
vn -0.04309 0.4852 -0.87334
vn 0.01707 0.47944 -0.87741
vn 0.05264 0.39813 -0.91582
vn -0.03465 0.76088 -0.64797
vn 0.07156 0.7321 -0.67743
vn 0.19193 0.63442 -0.74878
vn 0.30375 0.45856 -0.83514
vn 0.3844 0.28203 -0.87903
vn 0.41984 0.11004 -0.9009
vn 0.40643 -0.06286 -0.91152
vn 0.35396 -0.22042 -0.90892
vn 0.2815 -0.35429 -0.89176
vn 0.06751 -0.50014 -0.86331
vn 0.19367 -0.46997 -0.86117
vn -0.14958 -0.41482 -0.89753
vn -0.22836 -0.29883 -0.92658
vn -0.2883 -0.16172 -0.94379
vn -0.2987 -0.02252 -0.95408
vn -0.19083 0.30153 -0.93417
vn -0.24641 0.12627 -0.96091
vn -0.15017 0.52024 -0.84071
vn -0.1297 0.30907 -0.94215
vn -0.06642 0.30512 -0.94999
vn -0.05508 0.46219 -0.88507
vn -0.09004 0.449 -0.88898
vn -0.07173 0.76696 -0.63767
vn -0.28301 -0.02851 -0.95869
vn -0.28186 -0.19192 -0.94007
vn -0.30989 -0.24184 -0.9195
vn -0.32988 -0.25679 -0.90843
vn -0.35131 -0.0848 -0.93241
vn -0.37187 -0.08359 -0.92451
vn -0.24424 -0.37053 -0.89613
vn -0.26188 -0.39979 -0.8784
vn -0.23901 -0.35097 -0.90537
vn -0.22851 0.26963 -0.93546
vn -0.25326 0.11472 -0.96057
vn -0.38213 0.06891 -0.92154
vn -0.39583 0.08723 -0.91417
vn -0.38775 0.26151 -0.88389
vn -0.40041 0.29527 -0.86746
vn 0.1708 -0.49062 -0.85447
vn 0.05972 -0.53738 -0.84122
vn 0.02367 -0.49198 -0.87028
vn 0.13803 -0.48267 -0.86486
vn 0.04805 -0.58537 -0.80934
vn 0.17255 -0.5468 -0.81929
vn 0.24535 -0.39113 -0.88703
vn 0.27156 -0.4256 -0.8632
vn 0.25336 -0.38323 -0.88822
vn -0.16392 -0.46448 -0.87028
vn -0.15607 -0.43633 -0.88615
vn -0.1741 -0.49591 -0.85074
vn 0.31134 -0.23414 -0.921
vn 0.31445 -0.22765 -0.92157
vn 0.33184 -0.25306 -0.90876
vn 0.33495 -0.04744 -0.94104
vn 0.35879 -0.06942 -0.93083
vn 0.35203 -0.06409 -0.93379
vn 0.37001 0.12096 -0.92112
vn 0.32586 0.13785 -0.93531
vn 0.3655 0.12681 -0.92213
vn 0.29384 0.33142 -0.89656
vn 0.34578 0.33925 -0.87484
vn 0.34967 0.31851 -0.88107
vn 0.18119 0.72201 -0.66774
vn 0.05043 0.82601 -0.56139
vn -8E-05 0.77142 -0.63633
vn 0.02937 0.86265 -0.50495
vn 0.12491 0.68234 -0.72029
vn 0.17244 0.75317 -0.63482
vn -0.08845 0.79698 -0.59749
vn -0.08476 0.87849 -0.47018
vn -0.05636 0.81692 -0.57399
vn 0.28721 0.52728 -0.79968
vn 0.22931 0.52243 -0.82127
vn 0.28443 0.55763 -0.77984
vn -0.18478 0.47937 -0.85794
vn -0.15907 0.70569 -0.69043
vn -0.30684 0.51392 -0.80109
vn -0.15776 0.76518 -0.62419
vn -0.31365 0.56677 -0.76184
vn -0.07398 0.77802 -0.62387
vn -0.07033 0.83564 -0.54475
vn -0.0878 0.79567 -0.59933
vn -0.09059 0.8592 -0.50356
vn -0.24471 -0.02947 -0.96915
vn -0.23289 -0.14449 -0.96171
vn -0.18964 -0.26181 -0.9463
vn -0.24515 0.19551 -0.94957
vn -0.25148 0.07531 -0.96493
vn 0.06974 -0.34546 -0.93584
vn -0.0069 -0.32309 -0.94634
vn 0.16971 -0.30093 -0.93842
vn -0.11621 -0.31552 -0.94178
vn 0.23912 -0.16693 -0.95653
vn 0.25587 -0.01156 -0.96664
vn 0.24281 0.15265 -0.95799
vn 0.20227 0.31507 -0.92726
vn 0.06046 0.56427 -0.82337
vn -0.03264 0.6071 -0.79395
vn -0.07628 0.59881 -0.79725
vn 0.14483 0.45396 -0.87917
vn -0.20297 0.36418 -0.90895
vn -0.11606 0.52387 -0.84386
vn -0.06129 0.58584 -0.80811
vn -0.06925 0.59082 -0.80383
vn -0.06147 0.47115 -0.87991
vn -0.06209 0.33949 -0.93856
vn -0.06975 0.21312 -0.97453
vn -0.07571 0.10699 -0.99137
vn -0.07476 0.01022 -0.99715
vn -0.06592 -0.08486 -0.99421
vn -0.05636 -0.19548 -0.97909
vn -0.05826 -0.31259 -0.9481
vn -0.07119 -0.55795 -0.82682
vn -0.06996 -0.46569 -0.88218
vn -0.04575 -0.47841 -0.87694
vn -0.06065 -0.52652 -0.848
vn -0.02999 -0.55319 -0.83252
vn -0.01839 -0.73757 -0.67502
vn -0.00909 -0.89744 -0.44104
vn -0.00158 -0.98999 -0.14111
vn -0.30832 -0.95107 -0.02032
vn -0.11071 -0.99381 -0.00922
vn -0.45522 -0.8898 -0.03219
vn -0.59647 -0.8009 -0.05276
vn -0.51141 0.8232 -0.24658
vn -0.95224 0.29133 -0.09145
vn -0.82839 0.53844 -0.15445
vn -0.71292 -0.69766 -0.07081
vn -0.96419 -0.25604 -0.06914
vn -0.99426 -0.07761 -0.07364
vn -0.99352 0.08509 -0.07534
vn -0.9804 0.1807 -0.07847
vn -0.61848 0.78525 -0.02937
vn -0.98506 0.1437 -0.09485
vn -0.5403 0.82616 -0.15982
vn -0.89994 0.30226 -0.31422
vn -0.85886 -0.48924 -0.15165
vn -0.71159 -0.68095 -0.17306
vn -0.76787 -0.27065 -0.58063
vn -0.84888 -0.3834 -0.36387
vn -0.67194 -0.65658 -0.34264
vn -0.60207 -0.61419 -0.51017
vn -0.38217 -0.13785 -0.91375
vn -0.60748 -0.18127 -0.77338
vn -0.49209 -0.56337 -0.66367
vn -0.32792 -0.53701 -0.77723
vn -0.13782 -0.13267 -0.98153
vn -0.13824 -0.54821 -0.82484
vn 0.06995 -0.57391 -0.81592
vn 0.11889 -0.11735 -0.98595
vn 0.26963 -0.62765 -0.73031
vn 0.41891 -0.08515 -0.90403
vn 0.75114 0.01821 -0.65989
vn 0.49589 -0.69807 -0.51653
vn -0.95223 0.03263 0.30364
vn -0.93144 0.16709 0.32327
vn -0.95931 0.03497 0.28018
vn -0.94667 0.17186 0.27256
vn -0.94485 0.02504 0.32656
vn -0.91551 0.15096 0.3729
vn -0.93758 0.01212 0.34756
vn -0.89999 0.12397 0.41792
vn -0.93069 -0.00566 0.36577
vn -0.88562 0.08696 0.45619
vn -0.92475 -0.02703 0.37962
vn -0.87338 0.04233 0.48519
vn -0.91971 -0.05196 0.38914
vn -0.86369 -0.01012 0.50392
vn -0.91589 -0.07813 0.39375
vn -0.85707 -0.06454 0.51113
vn -0.91392 -0.10413 0.3923
vn -0.85419 -0.11699 0.50662
vn -0.91369 -0.1302 0.385
vn -0.85428 -0.17072 0.49099
vn -0.91522 -0.15479 0.37204
vn -0.85699 -0.22475 0.46374
vn -0.91857 -0.17555 0.35413
vn -0.86266 -0.27139 0.4268
vn -0.92436 -0.191 0.33028
vn -0.8747 -0.30274 0.37848
vn -0.93489 -0.20203 0.29183
vn -0.90016 -0.32556 0.28934
vn -0.93081 -0.19987 0.30602
vn -0.8906 -0.31964 0.32353
vn -0.896 0.28946 0.33675
vn -0.91872 0.29614 0.26125
vn -0.87211 0.26593 0.41074
vn -0.84872 0.22644 0.47791
vn -0.82714 0.17271 0.5348
vn -0.80861 0.10747 0.57845
vn -0.79437 0.03286 0.60655
vn -0.78534 -0.04685 0.61729
vn -0.78152 -0.12666 0.61089
vn -0.78191 -0.20877 0.58739
vn -0.78586 -0.29348 0.54433
vn -0.79394 -0.36118 0.48909
vn -0.81102 -0.4035 0.42359
vn -0.83524 -0.43057 0.34202
vn -0.84734 0.4038 0.3449
vn -0.877 0.41251 0.24638
vn -0.81611 0.37302 0.44137
vn -0.78547 0.32144 0.52887
vn -0.7571 0.25175 0.60284
vn -0.73249 0.16728 0.6599
vn -0.71285 0.07199 0.69761
vn -0.69945 -0.03024 0.71404
vn -0.69337 -0.135 0.70783
vn -0.69471 -0.24419 0.67658
vn -0.70016 -0.36004 0.61656
vn -0.70617 -0.45357 0.5437
vn -0.72358 -0.51042 0.46465
vn -0.75749 -0.54617 0.35764
vn -0.82228 0.52147 0.22786
vn -0.78624 0.51083 0.34768
vn -0.74819 0.4733 0.46498
vn -0.71082 0.41044 0.57121
vn -0.67627 0.32557 0.66081
vn -0.64631 0.22283 0.72982
vn -0.6224 0.10707 0.77534
vn -0.60575 -0.01628 0.79549
vn -0.59754 -0.1421 0.78915
vn -0.59907 -0.27339 0.75258
vn -0.60562 -0.42201 0.67463
vn -0.60732 -0.54223 0.58064
vn -0.62045 -0.60942 0.49361
vn -0.66309 -0.64888 0.37318
vn -0.75582 0.6215 0.20609
vn -0.71398 0.60915 0.34522
vn -0.66977 0.5654 0.48138
vn -0.62641 0.49221 0.60443
vn -0.58635 0.39351 0.70806
vn -0.5516 0.27421 0.78775
vn -0.52391 0.14 0.84019
vn -0.50466 -0.00286 0.86332
vn -0.49472 -0.14809 0.85634
vn -0.49689 -0.29665 0.81554
vn -0.51122 -0.4703 0.71936
vn -0.52345 -0.60306 0.60193
vn -0.54514 -0.6692 0.50497
vn -0.58969 -0.71239 0.38048
vn -0.67908 0.71125 0.18158
vn -0.63209 0.69741 0.33775
vn -0.58248 0.64817 0.49051
vn -0.53391 0.56577 0.62837
vn -0.48906 0.45478 0.74431
vn -0.45022 0.32083 0.83329
vn -0.41931 0.17038 0.89171
vn -0.39783 0.01037 0.9174
vn -0.38674 -0.15219 0.90955
vn -0.38891 -0.31458 0.8659
vn -0.41683 -0.49764 0.76066
vn -0.46099 -0.62596 0.62902
vn -0.59351 0.78981 0.15476
vn -0.54211 0.77468 0.32556
vn -0.48791 0.72067 0.49252
vn -0.43492 0.63034 0.64305
vn -0.3861 0.50876 0.76948
vn -0.34391 0.36222 0.86633
vn -0.31038 0.19787 0.92979
vn -0.28705 0.02324 0.95763
vn -0.27498 -0.15406 0.94903
vn -0.27415 -0.33044 0.90313
vn -0.30174 -0.5146 0.80258
vn -0.36088 -0.6384 0.67986
vn -0.50045 0.85654 0.12604
vn -0.44544 0.84033 0.30892
vn -0.38754 0.78232 0.48763
vn -0.33104 0.68535 0.64861
vn -0.27911 0.55499 0.78364
vn -0.23432 0.39805 0.88693
vn -0.19877 0.22224 0.95452
vn -0.17403 0.03561 0.9841
vn -0.16115 -0.15381 0.97487
vn -0.16162 -0.34192 0.92573
vn -0.18332 -0.52713 0.82977
vn -0.2209 -0.6571 0.72071
vn -0.4014 0.91087 0.09584
vn -0.34352 0.89383 0.28819
vn -0.28277 0.83268 0.47611
vn -0.22368 0.73048 0.64527
vn -0.16951 0.59319 0.78702
vn -0.12285 0.42808 0.89535
vn -0.08587 0.24334 0.96613
vn -0.06048 0.04752 0.99704
vn -0.0483 -0.15104 0.98735
vn -0.05117 -0.3468 0.93654
vn -0.07133 -0.53688 0.84064
vn -0.08779 -0.68823 0.72016
vn -0.28005 0.95815 0.0593
vn -0.21986 0.94043 0.25933
vn -0.15692 0.87672 0.45469
vn -0.09593 0.77025 0.63049
vn -0.04016 0.62732 0.77773
vn 0.00773 0.4556 0.89015
vn 0.04689 0.26281 0.96371
vn 0.0765 0.05913 0.99532
vn 0.08798 -0.14166 0.986
vn 0.08263 -0.34653 0.93439
vn 0.06673 -0.54311 0.837
vn 0.04489 -0.70688 0.70591
vn -0.13589 0.99059 0.01645
vn -0.07445 0.97249 0.22075
vn -0.0105 0.90732 0.4203
vn 0.05242 0.79807 0.60028
vn 0.11227 0.65146 0.75033
vn 0.17284 0.4753 0.86268
vn 0.22462 0.28656 0.93136
vn 0.23726 0.08899 0.96736
vn 0.21828 -0.113 0.96932
vn 0.20853 -0.34241 0.91612
vn 0.20834 -0.54843 0.80982
vn 0.17757 -0.72611 0.66425
vn 0.01118 0.99958 -0.0267
vn 0.07246 0.98154 0.17702
vn 0.13045 0.91774 0.37515
vn 0.17379 0.81067 0.55912
vn 0.20226 0.6775 0.70717
vn 0.28182 0.46627 0.83855
vn 0.38949 0.27996 0.87745
vn 0.38011 0.14689 0.9132
vn 0.35739 -0.04093 0.93306
vn 0.34594 -0.32126 0.88154
vn 0.34413 -0.55939 0.7541
vn 0.33175 -0.74068 0.58423
vn 0.14004 0.98807 -0.06404
vn 0.19614 0.97132 0.13442
vn 0.22226 0.91555 0.33522
vn 0.21521 0.82652 0.52014
vn 0.48504 0.20369 0.85044
vn 0.54919 0.0854 0.83133
vn 0.51886 -0.27412 0.80972
vn 0.49435 -0.55954 0.66523
vn 0.48622 -0.71697 0.49955
vn 0.24918 0.96376 -0.09532
vn 0.28896 0.95307 0.09034
vn 0.27942 0.91057 0.30462
vn 0.3557 0.92613 -0.12552
vn 0.38815 0.92106 0.03127
vn 0.40407 0.90378 0.1411
vn 0.68549 -0.21701 0.69499
vn 0.70257 0.09558 0.70517
vn 0.62952 -0.52905 0.56904
vn 0.59372 -0.69308 0.40883
vn 0.45828 0.87532 -0.15428
vn 0.49668 0.8675 -0.02727
vn 0.52805 0.84854 0.03378
vn 0.80846 0.08682 0.58212
vn 0.80677 -0.15202 0.57098
vn 0.75195 -0.46385 0.46842
vn 0.67914 -0.65991 0.32139
vn 0.55547 0.81156 -0.18118
vn 0.59719 0.79915 -0.06881
vn 0.64161 0.76683 -0.01772
vn 0.89094 -0.10637 0.44148
vn 0.8665 0.06802 0.49452
vn 0.87478 -0.37338 0.30879
vn 0.81288 -0.54679 0.20064
vn 0.67521 0.70601 -0.21366
vn 0.713 0.69216 -0.11202
vn 0.76 0.64795 -0.05057
vn 0.88166 0.08663 0.46386
vn 0.91506 -0.14309 0.37709
vn 0.91943 -0.33773 0.20146
vn 0.89327 -0.43349 0.11895
vn 0.74048 -0.66906 0.06368
vn 0.85938 -0.51109 0.01591
vn 0.64701 -0.74514 -0.16167
vn 0.5197 -0.84096 -0.15065
vn 0.62206 -0.77038 0.13982
vn 0.78246 0.57404 -0.24131
vn 0.82048 0.55512 -0.13657
vn 0.85742 0.51144 -0.05701
vn 0.80668 0.53673 -0.24736
vn 0.86247 0.49619 -0.09971
vn 0.81821 0.51631 -0.2529
vn 0.87897 0.4734 -0.05748
vn -0.95504 -0.08704 0.28341
vn 0.45801 0.33651 0.82279
vn 0.54865 0.43683 0.71286
vn 0.40895 0.43886 0.8001
vn 0.49879 0.50821 0.70209
vn 0.45879 0.41938 0.78335
vn 0.48858 0.29592 0.82081
vn 0.3385 0.54756 0.76525
vn 0.40128 0.54079 0.73927
vn 0.4479 0.57398 0.68552
vn 0.57258 0.09045 0.81485
vn 0.65997 0.24259 0.71105
vn 0.5078 0.2228 0.83217
vn 0.60079 0.35663 0.71545
vn 0.52541 0.17539 0.83258
vn 0.59264 0.0767 0.80181
vn 0.69649 -0.16076 0.69932
vn 0.74707 -0.06056 0.66198
vn 0.64365 -0.04453 0.76402
vn 0.71637 0.08969 0.69194
vn 0.67988 -0.00406 0.73332
vn 0.7519 -0.07144 0.65539
vn 0.82813 -0.23047 0.51096
vn 0.76281 -0.19935 0.61513
vn 0.83652 -0.29307 0.46298
vn 0.75367 -0.25926 0.60396
vn 0.8036 -0.1303 0.58074
vn 0.85725 -0.17526 0.48415
vn 0.91385 -0.16313 0.37184
vn 0.95888 -0.05188 0.27902
vn 0.91677 -0.19971 0.34589
vn 0.95467 -0.01533 0.29728
vn 0.88773 -0.14232 0.43781
vn 0.87856 0.02372 0.47704
vn 0.78627 0.36136 0.50119
vn 0.84576 0.20304 0.49342
vn 0.88162 0.37412 0.28771
vn 0.93839 0.19158 0.28761
vn 0.9647 0.14135 0.22221
vn 0.91987 0.34466 0.1872
vn 0.66518 0.53777 0.51801
vn 0.72412 0.46466 0.50964
vn 0.73583 0.60119 0.31165
vn 0.81129 0.5034 0.29733
vn 0.8474 0.50301 0.17
vn 0.75731 0.63042 0.17043
vn 0.55024 0.66238 0.50842
vn 0.60414 0.60342 0.52048
vn 0.55095 0.76695 0.32899
vn 0.65021 0.6874 0.32358
vn 0.64723 0.73985 0.1836
vn 0.52066 0.82322 0.22633
vn 0.33308 0.77248 0.54067
vn 0.4542 0.75815 0.46788
vn 0.23254 0.84106 0.48841
vn 0.39089 0.8469 0.36051
vn 0.37247 0.86909 0.3255
vn 0.28505 0.82749 0.48373
vn 0.23856 0.70489 0.668
vn 0.33978 0.67339 0.65658
vn 0.3208 0.69157 0.64716
vn 0.82993 0.3242 0.454
vn 0.78816 0.41306 0.45627
vn 0.86861 0.36745 0.33242
vn 0.81896 0.43772 0.37108
vn 0.59477 0.76167 -0.25712
vn 0.73286 0.58603 -0.34565
vn 0.7539 0.53384 0.38295
vn 0.86299 0.20476 0.46187
vn 0.86721 0.19368 0.45873
vn 0.90848 -0.02232 0.41733
vn 0.94086 -0.00049 0.3388
vn 0.96641 -0.16905 -0.19358
vn 0.92339 -0.38347 0.01723
vn 0.95115 0.10266 0.29116
vn 0.86732 0.19802 0.45667
vn 0.85687 0.26132 0.44439
vn 0.92013 0.26222 0.29086
vn 0.84597 0.37556 -0.37853
vn 0.93424 0.11544 -0.33743
vn 0.70516 0.59362 0.38777
vn 0.71929 0.59599 0.35695
vn 0.7243 0.54015 0.42852
vn 0.40566 0.91394 -0.01254
vn 0.48654 0.86206 -0.14194
vn 0.71787 0.60572 0.34317
vn 0.73004 0.58441 0.35428
vn 0.72569 0.56203 0.39686
vn 0.69385 0.59175 0.41036
vn 0.31245 0.93284 0.17939
vn 0.21733 0.86842 0.44566
vn 0.62984 0.54551 0.55292
vn 0.17301 0.7023 0.69054
vn 0.57713 0.45956 0.67508
vn 0.21436 0.52763 0.82198
vn 0.60248 0.38915 0.69684
vn 0.68941 0.3822 0.61533
vn 0.68817 0.49399 0.53141
vn 0.7976 0.36158 0.4828
vn 0.67121 0.36496 0.6452
vn 0.75169 0.33439 0.56846
vn 0.31332 0.40229 0.86023
vn 0.41113 0.31927 0.85384
vn 0.71803 0.38006 0.58308
vn 0.78667 0.41629 0.45591
vn 0.7261 0.39629 0.5619
vn 0.80264 0.40284 0.43988
vn 0.46966 0.24091 0.84934
vn 0.49384 0.12155 0.86101
vn 0.71037 0.36318 0.60289
vn 0.77369 0.31236 0.55121
vn 0.71892 0.25723 0.64574
vn 0.76734 0.38085 0.51589
vn 0.53084 -0.04449 0.8463
vn 0.6158 -0.25149 0.74669
vn 0.77546 0.11301 0.6212
vn 0.84649 0.21292 0.48797
vn 0.84948 0.0124 0.52747
vn 0.81328 0.24625 0.5272
vn 0.73581 -0.4263 0.52617
vn 0.8424 -0.47405 0.25619
vn 0.76212 0.0606 0.64459
vn 0.67039 0.10509 0.73453
vn 0.53593 0.35712 0.76501
vn 0.51959 0.47086 0.71296
vn 0.59272 0.14727 0.79183
vn 0.5394 0.22788 0.81063
vn 0.83805 -0.04196 0.54398
vn 0.80513 0.02411 0.5926
vn 0.45899 0.56981 0.68165
vn 0.36131 0.73705 0.57115
vn 0.93011 -0.10654 0.35148
vn 0.88066 -0.11099 0.46056
vn 0.32073 0.85742 0.40244
vn 0.44726 0.85935 0.24793
vn 0.95182 0.23178 0.20079
vn 0.96417 0.0211 0.26446
vn 0.57909 0.8006 0.15392
vn 0.69744 0.70557 0.12553
vn 0.81404 0.56609 0.12993
vn 0.89007 0.43096 0.14846
vn 0.02921 0.88147 -0.47133
vn 0.09645 0.72837 -0.67837
vn 0.4685 0.04873 -0.88212
vn 0.63809 -0.25344 -0.72706
vn 0.17832 0.51153 -0.84056
vn 0.3167 0.30722 -0.89739
vn -0.2296 0.97301 0.02319
vn -0.09911 0.96128 -0.25712
vn 0.69099 -0.55235 -0.46631
vn 0.61473 -0.77498 -0.14671
vn -0.21328 0.67461 0.70669
vn -0.27713 0.88039 0.38486
vn 0.5221 -0.83149 0.18982
vn 0.41303 -0.7013 0.58102
vn 0.01645 0.3045 0.95237
vn -0.10242 0.48213 0.87009
vn 0.32134 -0.44951 0.83348
vn 0.2405 -0.25162 0.93747
vn 0.17761 -0.04822 0.98292
vn 0.11326 0.1438 0.9831
vn 0.85675 0.23743 0.45783
vn 0.92339 0.21065 0.32092
vn 0.80784 0.34257 0.47962
vn 0.92636 0.30636 0.21911
vn 0.89302 0.40137 0.20349
vn 0.69003 0.40414 0.60044
vn 0.70749 0.35054 0.61366
vn 0.70146 0.29682 0.64796
vn 0.79174 0.51863 0.32276
vn 0.75672 0.56734 0.32481
vn 0.82946 0.47273 0.29753
vn 0.61197 0.43234 0.66225
vn 0.59853 0.53842 0.59319
vn 0.63612 0.5974 0.48833
vn 0.6617 0.3349 0.67082
vn 0.79032 0.34767 0.50449
vn 0.72325 0.37458 0.58016
vn 0.81196 0.37182 0.44997
vn 0.86378 0.44252 0.24097
vn 0.70113 0.60041 0.3846
vn 0.93277 0.1606 0.32273
vn 0.97084 0.17044 0.16855
vn 0.88364 0.17572 0.43395
vn 0.95814 0.27599 0.07616
vn 0.91848 0.39114 0.05838
vn 0.59604 0.26892 0.75658
vn 0.63169 0.23949 0.7373
vn 0.52623 0.29675 0.79688
vn 0.71335 0.69639 0.0786
vn 0.60787 0.78511 0.11869
vn 0.81534 0.57492 0.06847
vn 0.31744 0.74757 0.58341
vn 0.32878 0.60743 0.72314
vn 0.38248 0.82458 0.41686
vn 0.42126 0.42235 0.8026
vn 0.69445 0.18303 0.69587
vn 0.79099 0.14264 0.59497
vn 0.8515 0.15465 0.50103
vn 0.88206 0.46714 0.06125
vn 0.49411 0.83445 0.24404
vn 0.92843 0.29066 0.23136
vn 0.89839 0.23943 0.3682
vn 0.92791 0.36219 0.08837
vn 0.90613 0.4229 -0.00925
vn 0.50234 -0.53138 -0.68212
vn 0.48143 0.03498 -0.87578
vn 0.82162 0.00759 -0.56998
vn 0.28839 0.93379 -0.21182
vn 0.60117 0.05932 -0.79691
vn 0.98846 0.0459 -0.14438
vn 0.60665 0.78664 -0.11479
vn 0.97258 0.01879 -0.23179
vn 0.63115 0.75431 -0.18075
vn 0.50542 0.85821 -0.08958
vn 0.97943 0.12542 -0.15807
vn 0.68124 -0.70448 -0.19904
vn 0.64982 -0.67033 -0.35833
vn 0.48633 -0.86585 -0.11747
vn 0.44633 -0.86656 -0.2233
vn 0.74994 -0.6394 -0.16962
vn 0.23087 0.7458 0.62489
vn 0.51304 0.65687 0.55255
vn 0.16445 0.81437 0.55655
vn 0.43402 0.7293 0.52892
vn 0.75322 0.48407 0.44535
vn 0.13669 -0.97934 0.149
vn 0.12415 -0.97325 0.1933
vn 0.18484 -0.97391 0.13169
vn 0.16227 -0.98648 -0.02277
vn 0.21219 -0.96801 0.13393
vn 0.40433 0.74949 0.5242
vn 0.57959 0.65467 0.48527
vn 0.24598 0.88963 0.38478
vn 0.26734 0.83545 0.48017
vn 0.34957 0.87076 0.34579
vn 0.31646 0.75799 0.57035
vn 0.21033 0.76355 0.61054
vn 0.17391 0.76541 0.6196
vn 0.29917 0.73641 0.60679
vn 0.19721 0.7873 0.58418
vn 0.20813 0.1507 0.96642
vn 0.45413 0.14581 0.87892
vn 0.19396 0.65647 0.72899
vn 0.34138 0.60657 0.718
vn 0.70221 0.01483 0.71181
vn 0.6297 0.40879 0.66058
vn 0.46437 -0.29989 0.83332
vn 0.19584 -0.47087 0.86019
vn 0.24733 -0.95702 0.15147
vn 0.40013 -0.84605 0.35226
vn 0.15614 -0.84298 0.51478
vn 0.48738 -0.79697 0.3568
vn 0.24234 -0.95528 0.16945
vn 0.22008 -0.96807 0.11999
vn 0.14476 -0.97846 0.14718
vn 0.1832 -0.9826 -0.03045
vn 0.06762 -0.9977 0.00367
vn 0.33361 0.88524 0.32413
vn 0.26257 0.78683 0.55853
vn 0.31091 0.90569 0.28821
vn 0.24903 0.81802 0.51848
vn 0.95347 -0.11006 0.28068
vn 0.98162 -0.06467 0.17957
vn 0.82905 -0.39715 0.39364
vn 0.77775 -0.42178 0.46606
vn 0.76916 -0.57906 0.27035
vn 0.92859 0.15617 0.33665
vn 0.99593 0.04439 0.0784
vn 0.25562 -0.91156 0.32204
vn 0.45299 -0.77234 0.44531
vn 0.98561 -0.01388 -0.16845
vn 0.7241 -0.68913 0.02803
vn 0.95985 -0.03757 -0.27798
vn 0.66909 -0.72147 -0.17831
vn 0.08025 -0.99677 0.00032
vn 0.14298 -0.97085 0.19235
vn 0.39972 0.8802 0.2559
vn 0.37642 0.74386 0.55225
vn 0.92352 0.37666 0.0724
vn 0.93294 0.25199 0.25715
vn 0.34107 0.56394 0.75209
vn 0.90114 0.06264 0.42897
vn 0.53861 0.0342 -0.84186
vn 0.28475 -0.65004 -0.70454
vn 0.47331 -0.70498 -0.5282
vn 0.28859 -0.71786 -0.63356
vn 0.66476 -0.69131 -0.28317
vn 0.68712 0.60165 -0.40729
vn 0.19454 0.94337 -0.26873
vn 0.14267 0.96748 -0.20887
vn 0.1581 0.97737 -0.14053
vn 0.26723 0.95696 -0.11322
vn 0.11118 0.97591 -0.18771
vn 0.20662 0.96483 -0.16254
vn 0.29006 0.95139 -0.10351
vn 0.19773 0.97764 -0.07156
vn 0.13333 0.73076 0.66948
vn -0.02107 0.77646 0.62982
vn -0.26738 0.73674 0.62107
vn -0.04886 0.69243 0.71983
vn 0.5022 -0.84176 -0.19808
vn 0.34749 -0.82324 -0.44891
vn 0.36553 -0.90998 -0.19577
vn 0.32327 -0.83216 -0.45057
vn 0.27899 -0.74481 -0.60615
vn 0.31054 -0.72429 -0.6156
vn 0.63999 -0.75175 0.15901
vn 0.47057 -0.8457 0.25169
vn 0.93176 0.36061 -0.04223
vn 0.84753 -0.52678 -0.06481
vn 0.73113 -0.37377 0.57074
vn 0.54583 -0.44006 0.71304
vn 0.33623 -0.7984 -0.49951
vn 0.28654 -0.80783 -0.51508
vn 0.39034 -0.77895 -0.49079
vn 0.39489 -0.90038 -0.18269
vn 0.45375 -0.8772 -0.15696
vn 0.3568 -0.91085 -0.20745
vn -0.14944 0.64043 0.75334
vn -0.14904 0.6655 0.73136
vn -0.34416 0.6951 0.63118
vn -0.34983 0.69384 0.62945
vn -0.32341 0.70543 0.63069
vn -0.13621 0.70237 0.69866
vn 0.68299 -0.68247 -0.26032
vn 0.59895 -0.70399 -0.38165
vn 0.77097 -0.57124 -0.28159
vn 0.62991 -0.65616 -0.41553
vn 0.42697 -0.69371 -0.58005
vn 0.47088 -0.68563 -0.55515
vn 0.40388 -0.69228 -0.59803
vn 0.54718 -0.73502 -0.40042
vn 0.63922 -0.72993 -0.24207
vn 0.75632 -0.6462 0.10205
vn 0.81835 -0.57357 0.03649
vn 0.7535 -0.30081 0.58459
vn 0.81487 -0.15946 0.55728
vn 0.91632 -0.39528 -0.06408
vn -0.55223 0.71757 0.42443
vn -0.5499 0.72348 0.41735
vn -0.69212 0.69387 0.19879
vn -0.68911 0.69562 0.20306
vn -0.44994 0.77219 0.44864
vn -0.58233 0.77677 0.23982
vn 0.42856 -0.75507 -0.49619
vn 0.4591 -0.73616 -0.49729
vn 0.47009 -0.7563 -0.455
vn 0.60444 -0.77344 -0.19089
vn 0.57311 -0.78475 -0.23603
vn 0.62048 -0.76751 -0.16106
vn -0.15466 0.83045 0.5352
vn -0.20805 0.93343 0.29226
vn 0.64975 -0.66888 -0.36114
vn 0.68633 -0.6852 -0.24384
vn 0.83995 -0.48803 -0.23731
vn 0.87041 -0.45627 -0.18494
vn 0.11393 -0.97114 0.20952
vn 0.42017 -0.77843 0.46637
vn 0.36716 -0.7632 0.53171
vn -0.02591 -0.96889 0.24612
vn 0.76074 -0.2319 0.60622
vn 0.70974 -0.16475 0.68493
vn 0.73525 0.50275 0.4546
vn 0.67709 0.51834 0.52237
vn 0.15016 0.9859 -0.0739
vn 0.11076 0.97919 -0.17003
vn 0.10202 0.98067 -0.16698
vn 0.0929 0.97652 -0.19436
vn 0.14924 0.97733 -0.15019
vn 0.03503 -0.98169 0.18722
vn -0.09418 -0.97252 0.21293
vn -0.04018 -0.99857 0.03525
vn -0.13442 -0.98893 0.06274
vn 0.10494 0.98124 -0.16171
vn 0.15134 0.98606 -0.06917
vn 0.06993 0.9862 -0.15009
vn 0.09508 0.99266 -0.07478
vn -0.03193 -0.95985 0.2787
vn 0.3959 -0.77129 0.49837
vn 0.75396 -0.26966 0.59903
vn 0.81147 0.34568 0.4712
vn 0.22677 0.96321 -0.14419
vn 0.2457 0.9635 -0.10631
vn -0.20186 -0.97595 0.08226
vn -0.14469 -0.96379 0.22401
vn 0.2384 0.95388 -0.18245
vn 0.26324 0.95727 -0.11974
vn 0.00405 0.8603 0.50977
vn -0.32441 0.82325 0.46585
vn 0.13719 0.95401 0.26655
vn -0.22113 0.94663 0.2345
vn 0.55269 -0.81989 -0.14939
vn 0.4357 -0.75267 -0.49362
vn 0.36525 -0.70189 -0.6115
vn 0.35827 0.29874 0.88453
vn 0.36906 0.26178 0.89178
vn 0.68058 -0.36867 0.63316
vn 0.35026 0.27383 0.89573
vn -0.10136 0.65287 0.75066
vn -0.31403 0.71283 0.6271
vn 0.52831 -0.81913 -0.22343
vn 0.449 -0.78054 -0.43492
vn 0.3419 0.42369 0.83881
vn 0.50494 0.34019 0.79329
vn 0.18152 0.41195 0.89294
vn 0.46574 -0.60664 0.64426
vn -0.0363 0.93972 0.34002
vn 0.06455 0.99612 -0.05974
vn 0.28642 0.95104 -0.11609
vn 0.28862 0.95035 -0.11635
vn 0.27576 0.95392 -0.11829
vn 0.15 0.98546 -0.07983
vn -0.16028 0.98687 0.01996
vn -0.55781 0.80423 0.20513
vn -0.52881 0.83798 0.13471
vn -0.68999 0.69978 0.18498
vn -0.70405 0.68441 0.18945
vn -0.63902 0.75041 0.16895
vn -0.30121 0.9513 0.06564
vn 0.32197 0.93962 -0.11602
vn 0.97837 -0.17942 -0.103
vn 0.95051 -0.14646 -0.274
vn 0.86475 0.42816 -0.26245
vn 0.86448 -0.44058 -0.242
vn 0.72068 -0.66535 -0.19477
vn 0.63183 -0.75696 -0.16671
vn 0.64025 -0.74926 -0.16937
vn 0.62744 -0.7609 -0.16536
vn 0.542 -0.82884 -0.13882
vn 0.43475 -0.89429 -0.10599
vn 0.39647 -0.91317 -0.09445
vn 0.3782 -0.9212 -0.09143
vn 0.73389 0.63533 -0.24035
vn 0.72034 0.68776 -0.08994
vn 0.74456 0.62451 -0.23584
vn 0.34574 0.9286 0.13479
vn 0.99313 0.09373 0.07001
vn 0.35616 0.92504 0.13214
vn 0.18731 0.97816 -0.09007
vn 0.50236 0.85892 0.09946
vn 0.25133 0.9624 -0.10303
vn 0.65335 -0.73593 0.17758
vn 0.65112 0.75562 0.07128
vn 0.96166 -0.25776 -0.09365
vn 0.20973 0.84603 0.49016
vn 0.36998 -0.80626 -0.46158
vn -0.48676 0.7595 0.43153
vn 0.90274 0.33218 -0.27335
vn 0.94116 0.31533 -0.12157
vn 0.95168 0.18598 -0.24437
vn 0.95667 0.29044 0.02039
vn 0.96442 0.22976 0.13077
vn 0.9525 0.13236 0.27426
vn 0.99937 -0.03479 -0.00725
vn 0.94058 -0.00326 0.33957
vn 0.97315 -0.13893 0.18352
vn 0.98634 -0.16398 0.01564
vn 0.98536 -0.04732 -0.16381
vn 0.87432 -0.43198 -0.22128
vn 0.9453 -0.32607 -0.00871
vn 0.80008 -0.5699 -0.18731
vn 0.03159 -0.18391 0.98243
vn -0.03075 -0.9506 0.30889
vn 0.98514 -0.17006 0.02417
vn -0.1388 -0.67229 0.72716
vn 0.90926 -0.40795 -0.08263
vn 0.97597 0.17297 -0.13249
vn 0.98014 0.18814 -0.0627
vn 0.97776 -0.07529 0.19573
vn 0.9893 -0.10879 0.09719
vn 0.97745 0.1241 -0.17088
vn 0.99815 0.05602 0.02351
vn 0.79633 -0.52372 0.30261
vn 0.4741 -0.73471 0.4852
vn -0.96103 0.16505 0.22176
vn -0.96601 0.03178 0.25653
vn -0.97419 0.1466 0.17167
vn -0.97237 0.02268 0.23236
vn -0.98479 0.11852 0.12701
vn -0.97678 0.0116 0.21393
vn -0.99278 0.08089 0.08858
vn -0.9804 -0.00608 0.1969
vn -0.99769 0.03478 0.05832
vn -0.98308 -0.03093 0.18053
vn -0.99908 -0.01652 0.03947
vn -0.98355 -0.0558 0.17182
vn -0.99695 -0.07103 0.03217
vn -0.98232 -0.08146 0.16854
vn -0.99136 -0.12588 0.03702
vn -0.97943 -0.10788 0.17056
vn -0.97517 -0.1325 0.17746
vn -0.98254 -0.17832 0.05312
vn -0.9699 -0.15357 0.18897
vn -0.97118 -0.22499 0.07867
vn -0.95781 -0.26385 0.11398
vn -0.9639 -0.17019 0.20476
vn -0.93962 -0.29636 0.17115
vn -0.95565 -0.18342 0.2304
vn -0.91619 -0.31835 0.2434
vn -0.94367 -0.19481 0.26745
vn -0.94007 0.28589 0.18581
vn -0.95944 0.25886 0.11161
vn -0.97532 0.21632 0.04416
vn -0.98698 0.16033 -0.01301
vn -0.99397 0.09347 -0.05736
vn -0.99606 0.01875 -0.08669
vn -0.99323 -0.06055 -0.09916
vn -0.98563 -0.14058 -0.09367
vn -0.9729 -0.22035 -0.07012
vn -0.9557 -0.29262 -0.0319
vn -0.93388 -0.35682 0.02327
vn -0.90455 -0.41277 0.10679
vn -0.87419 -0.44334 0.1981
vn -0.90488 0.39916 0.14784
vn -0.93007 0.36383 0.05102
vn -0.95062 0.30817 -0.03689
vn -0.96559 0.23503 -0.11132
vn -0.97447 0.14781 -0.16899
vn -0.97698 0.05078 -0.2072
vn -0.97316 -0.05162 -0.22426
vn -0.96302 -0.15585 -0.21976
vn -0.94516 -0.26363 -0.1928
vn -0.91834 -0.36744 -0.14711
vn -0.88447 -0.46033 -0.07622
vn -0.84641 -0.53174 0.02898
vn -0.81683 -0.56148 0.13241
vn -0.8562 0.50524 0.10795
vn -0.88673 0.46218 -0.00972
vn -0.91156 0.39432 -0.11645
vn -0.92955 0.30524 -0.2068
vn -0.9401 0.1992 -0.27663
vn -0.94297 0.08133 -0.3228
vn -0.93822 -0.04295 -0.34338
vn -0.92551 -0.1708 -0.33801
vn -0.90304 -0.30313 -0.30435
vn -0.86913 -0.43109 -0.24245
vn -0.82561 -0.54266 -0.15453
vn -0.78679 -0.61537 -0.04782
vn -0.76378 -0.64175 0.06927
vn -0.79521 0.60263 0.06691
vn -0.8306 0.5525 -0.06963
vn -0.85928 0.47355 -0.19336
vn -0.87999 0.36995 -0.29791
vn -0.89205 0.24686 -0.37855
vn -0.89522 0.1102 -0.43179
vn -0.88962 -0.03377 -0.45546
vn -0.87547 -0.18187 -0.44774
vn -0.85267 -0.3311 -0.40413
vn -0.8198 -0.4731 -0.32267
vn -0.77316 -0.59738 -0.21297
vn -0.73232 -0.67211 -0.10939
vn -0.7038 -0.71015 0.01879
vn -0.72329 0.69008 0.02537
vn -0.76297 0.63367 -0.12784
vn -0.79508 0.54484 -0.26645
vn -0.81823 0.42838 -0.38339
vn -0.83165 0.2902 -0.47343
vn -0.83512 0.137 -0.53274
vn -0.8288 -0.02424 -0.55901
vn -0.81377 -0.18822 -0.54986
vn -0.79107 -0.35043 -0.50141
vn -0.75769 -0.50714 -0.41076
vn -0.71216 -0.64066 -0.28703
vn -0.67266 -0.72594 0.14335
vn -0.64185 0.76666 -0.01608
vn -0.68527 0.7048 -0.18349
vn -0.72039 0.60741 -0.33478
vn -0.74567 0.47989 -0.46225
vn -0.76033 0.32878 -0.56018
vn -0.76412 0.16145 -0.62454
vn -0.75725 -0.0145 -0.65296
vn -0.74062 -0.19182 -0.64396
vn -0.71349 -0.36816 -0.59614
vn -0.67319 -0.53952 -0.5057
vn -0.63359 -0.66652 -0.39282
vn -0.55222 0.83176 -0.05688
vn -0.59878 0.76535 -0.236
vn -0.63649 0.66084 -0.39771
vn -0.66368 0.5241 -0.53372
vn -0.67947 0.3623 -0.63801
vn -0.68362 0.18334 -0.70644
vn -0.67631 -0.00471 -0.7366
vn -0.6581 -0.19371 -0.72759
vn -0.62498 -0.38542 -0.67887
vn -0.57331 -0.56753 -0.59096
vn -0.53971 -0.66989 -0.50986
vn -0.45583 0.88482 -0.09653
vn -0.50491 0.81485 -0.28478
vn -0.54477 0.7047 -0.45456
vn -0.57358 0.56073 -0.59715
vn -0.59041 0.39054 -0.70632
vn -0.59494 0.20248 -0.77785
vn -0.58738 0.00501 -0.8093
vn -0.56831 -0.19338 -0.79976
vn -0.53172 -0.39925 -0.7469
vn -0.47206 -0.58865 -0.65624
vn -0.43825 -0.66369 -0.60617
vn -0.33665 0.93106 -0.14073
vn -0.38786 0.85818 -0.3363
vn -0.42963 0.74345 -0.51254
vn -0.45997 0.5936 -0.66035
vn -0.47787 0.41661 -0.77336
vn -0.48292 0.22117 -0.84727
vn -0.4753 0.01612 -0.87968
vn -0.45554 -0.18982 -0.86974
vn -0.41792 -0.40606 -0.81269
vn -0.35355 -0.60422 -0.71409
vn -0.30797 -0.6666 -0.67883
vn -0.19371 0.96291 -0.18781
vn -0.24627 0.8884 -0.38742
vn -0.28861 0.77069 -0.5681
vn -0.31701 0.617 -0.72029
vn -0.32437 0.43558 -0.83967
vn -0.32037 0.2489 -0.91401
vn -0.32618 0.04118 -0.94441
vn -0.31789 -0.18175 -0.93054
vn -0.27951 -0.40439 -0.87083
vn -0.21329 -0.61454 -0.7595
vn -0.15672 -0.68252 -0.71387
vn -0.04646 0.97199 -0.23038
vn -0.10333 0.89897 -0.42564
vn -0.16436 0.78352 -0.59924
vn -0.21829 0.64374 -0.73345
vn -0.22003 0.42696 -0.87709
vn -0.16338 0.25777 -0.95229
vn -0.1891 0.09123 -0.97771
vn -0.19611 -0.13799 -0.97082
vn -0.15848 -0.396 -0.90447
vn -0.06877 -0.62671 -0.77621
vn 0.0115 -0.70282 -0.71128
vn 0.08084 0.96206 -0.26059
vn -0.00437 0.89734 -0.44131
vn -0.10864 0.80053 -0.58936
vn -0.07728 0.16077 -0.98396
vn -0.04737 -0.00514 -0.99886
vn -0.05532 -0.37683 -0.92463
vn 0.0242 -0.64051 -0.76757
vn 0.12266 -0.74629 -0.65423
vn 0.18299 0.94456 -0.2726
vn 0.0603 0.89297 -0.44606
vn 0.29877 0.9139 -0.2748
vn 0.25331 0.89169 -0.37514
vn 0.11485 -0.33832 -0.93399
vn 0.10223 0.01335 -0.99467
vn 0.15177 -0.61469 -0.77403
vn 0.24757 -0.78954 -0.56154
vn 0.4225 0.86152 -0.28155
vn 0.41633 0.83956 -0.34902
vn 0.37199 -0.27488 -0.8866
vn 0.35348 0.01763 -0.93527
vn 0.37832 -0.50737 -0.77424
vn 0.38644 -0.73011 -0.56357
vn 0.53038 0.79379 -0.29765
vn 0.5405 0.75921 -0.36257
vn 0.58889 -0.20033 -0.78299
vn 0.56861 0.01476 -0.82248
vn 0.58245 -0.34403 -0.73648
vn 0.57573 -0.56922 -0.58696
vn 0.65241 0.68772 -0.31844
vn 0.65893 0.64259 -0.39101
vn 0.57227 -0.22235 -0.78935
vn 0.52799 0.03274 -0.84862
vn 0.64745 -0.27024 -0.71259
vn 0.71954 -0.35206 -0.59859
vn 0.58868 -0.724 -0.35954
vn 0.76145 -0.51329 -0.39588
vn 0.42542 -0.82584 -0.37014
vn 0.75829 0.54835 -0.35258
vn 0.75245 0.49549 -0.43395
vn 0.77453 0.48097 -0.41082
vn 0.76288 0.45547 -0.45887
vn -0.05948 0.29965 -0.95219
vn -0.0906 0.39922 -0.91237
vn 0.07364 0.39926 -0.91387
vn 0.03655 0.47112 -0.88131
vn -0.03884 0.38124 -0.92366
vn -0.03011 0.26625 -0.96343
vn -0.13284 0.50974 -0.85001
vn -0.06645 0.5033 -0.86155
vn 0.00177 0.53811 -0.84288
vn 0.05075 0.06576 -0.99654
vn -0.01918 0.19357 -0.9809
vn 0.17309 0.20967 -0.96233
vn 0.11773 0.32042 -0.93993
vn -0.00286 0.15405 -0.98806
vn 0.07399 0.04742 -0.99613
vn 0.22268 -0.18959 -0.95628
vn 0.14205 -0.0707 -0.98733
vn 0.28402 -0.08524 -0.95502
vn 0.23595 0.06106 -0.96985
vn 0.18495 -0.04693 -0.98163
vn 0.28419 -0.11952 -0.95129
vn 0.3249 -0.28647 -0.90132
vn 0.32743 -0.22089 -0.91869
vn 0.46994 -0.31476 -0.82467
vn 0.4361 -0.25146 -0.86405
vn 0.37168 -0.17448 -0.91182
vn 0.47362 -0.20913 -0.85554
vn 0.64569 -0.03892 -0.76261
vn 0.65939 -0.07484 -0.74807
vn 0.59378 -0.22033 -0.77387
vn 0.57734 -0.1885 -0.79445
vn 0.52005 -0.16482 -0.83808
vn 0.48657 -0.0034 -0.87363
vn 0.63395 0.16706 -0.75511
vn 0.44581 0.17258 -0.87833
vn 0.58369 0.35028 -0.73254
vn 0.38877 0.32987 -0.86026
vn 0.67084 0.32464 -0.66677
vn 0.69209 0.11947 -0.71185
vn 0.51769 0.4799 -0.70831
vn 0.3306 0.43303 -0.83856
vn 0.44522 0.57784 -0.68401
vn 0.27548 0.50654 -0.81702
vn 0.53871 0.61281 -0.57815
vn 0.6167 0.4844 -0.62052
vn 0.36545 0.66455 -0.65178
vn 0.22183 0.57283 -0.78909
vn 0.278 0.74496 -0.60642
vn 0.18222 0.63288 -0.7525
vn 0.30685 0.80584 -0.50642
vn 0.43753 0.72297 -0.53468
vn 0.12517 0.82551 -0.55032
vn 0.12185 0.7315 -0.67087
vn -0.07711 0.81617 -0.57265
vn -0.0196 0.74396 -0.66793
vn -0.03023 0.80223 -0.59625
vn 0.12803 0.84929 -0.51217
vn -0.16676 0.67229 -0.72126
vn -0.07492 0.63988 -0.76482
vn -0.08636 0.65898 -0.74718
vn 0.45283 0.31045 -0.8358
vn 0.55035 0.35452 -0.75593
vn 0.41927 0.40669 -0.81168
vn 0.48899 0.42627 -0.76104
vn 0.62966 0.76485 -0.13609
vn 0.4281 0.51666 -0.74148
vn 0.79851 0.58954 -0.12178
vn 0.47662 0.17367 -0.86178
vn 0.54178 -0.05184 -0.83892
vn 0.48199 0.16265 -0.86095
vn 0.61096 -0.02696 -0.7912
vn 0.92096 -0.17254 -0.34938
vn 0.64389 0.07807 -0.76112
vn 0.77405 -0.3954 -0.49448
vn 0.48313 0.16715 -0.85944
vn 0.48074 0.23382 -0.84512
vn 0.61666 0.24012 -0.74971
vn 0.9132 0.3799 -0.14745
vn 0.96774 0.11791 -0.22267
vn 0.39058 0.59108 -0.70574
vn 0.38284 0.53513 -0.75304
vn 0.41414 0.57757 -0.70349
vn 0.34039 0.90782 -0.24495
vn 0.42155 0.58438 -0.6934
vn 0.47634 0.8608 -0.17925
vn 0.43152 0.57601 -0.69427
vn 0.40541 0.54099 -0.73686
vn 0.36494 0.56563 -0.73952
vn 0.16029 0.92103 -0.35497
vn -0.06384 0.85034 -0.52234
vn 0.23185 0.51657 -0.82425
vn -0.23496 0.67454 -0.69985
vn -0.26379 0.48861 -0.83167
vn 0.12196 0.43019 -0.89446
vn 0.14376 0.34901 -0.92603
vn 0.24424 0.36817 -0.8971
vn 0.28684 0.46567 -0.83719
vn 0.43183 0.30889 -0.84742
vn 0.34911 0.30621 -0.88564
vn 0.24283 0.31745 -0.91666
vn -0.19318 0.35832 -0.91339
vn -0.10888 0.28033 -0.95371
vn 0.30874 0.34227 -0.88743
vn 0.40023 0.38002 -0.8339
vn 0.43707 0.35846 -0.82491
vn 0.30688 0.36281 -0.87989
vn -0.06254 0.20146 -0.9775
vn -0.04802 0.0781 -0.99579
vn 0.26686 0.32683 -0.90663
vn 0.35014 0.27805 -0.89448
vn 0.35486 0.34732 -0.86801
vn 0.25543 0.21995 -0.94148
vn -0.00697 -0.08781 -0.99611
vn 0.12065 -0.29144 -0.94895
vn 0.31834 0.07641 -0.94489
vn 0.44861 0.18097 -0.87521
vn 0.39903 0.21297 -0.89186
vn 0.4324 -0.02109 -0.90144
vn 0.34269 -0.45788 -0.82031
vn 0.57843 -0.49519 -0.64823
vn 0.29642 -0.0007 -0.95506
vn 0.17252 0.0529 -0.98358
vn 0.03916 0.32258 -0.94573
vn 0.04752 0.43308 -0.9001
vn 0.07366 0.1219 -0.9898
vn 0.02064 0.21214 -0.97702
vn 0.42405 -0.09156 -0.901
vn 0.35727 -0.03225 -0.93344
vn 0.01252 0.53421 -0.84526
vn -0.01149 0.7071 -0.70702
vn 0.59753 -0.13103 -0.79107
vn 0.50583 -0.14662 -0.85008
vn 0.04308 0.83506 -0.54846
vn 0.23289 0.8418 -0.48696
vn 0.69244 0.21104 -0.68992
vn 0.67003 -0.00228 -0.74233
vn 0.39554 0.78583 -0.47542
vn 0.51142 0.69064 -0.51134
vn 0.60886 0.5495 -0.57213
vn 0.66589 0.41247 -0.62166
vn 0.26772 0.90052 0.34263
vn 0.43449 0.76342 0.47791
vn 0.86991 0.07614 0.48729
vn 0.93216 -0.22968 0.27988
vn 0.60287 0.53856 0.58864
vn 0.75228 0.32305 0.57421
vn -0.21367 0.97419 0.07277
vn 0.03902 0.97306 0.22724
vn 0.84029 -0.54025 0.04523
vn 0.60682 -0.77567 -0.17352
vn -0.57363 0.6486 -0.50026
vn -0.45905 0.8659 -0.19872
vn 0.34877 -0.84531 -0.40474
vn 0.04411 -0.73116 -0.68078
vn -0.52663 0.26287 -0.80843
vn -0.57258 0.44484 -0.68867
vn -0.17181 -0.48975 -0.85477
vn -0.29822 -0.2949 -0.9078
vn -0.37808 -0.09271 -0.92112
vn -0.44719 0.09628 -0.88924
vn 0.61243 0.20683 -0.76299
vn 0.46489 0.2484 -0.84981
vn 0.40741 0.35196 -0.8427
vn 0.6482 0.35775 -0.6722
vn 0.67175 0.25993 -0.69367
vn 0.26078 0.44429 -0.85709
vn 0.26628 0.35902 -0.89454
vn 0.23955 0.28238 -0.92891
vn 0.45608 0.54318 -0.70495
vn 0.48498 0.49483 -0.72107
vn 0.52343 0.45268 -0.72187
vn 0.15443 0.3956 -0.90535
vn 0.17883 0.50472 -0.84456
vn 0.26616 0.56773 -0.779
vn 0.19331 0.30003 -0.93414
vn 0.42753 0.43938 -0.79004
vn 0.30767 0.46411 -0.83063
vn 0.46566 0.41908 -0.77944
vn 0.58601 0.41841 -0.69392
vn 0.37669 0.5744 -0.72676
vn 0.72401 0.16793 -0.66904
vn 0.61521 0.14428 -0.77505
vn 0.53844 0.19445 -0.81992
vn 0.76505 0.25182 -0.5927
vn 0.756 0.35265 -0.55146
vn 0.1043 0.25188 -0.96212
vn 0.08459 0.26532 -0.96044
vn 0.00584 0.28193 -0.95942
vn 0.54909 0.68458 -0.47943
vn 0.43871 0.77153 -0.46073
vn 0.63911 0.5671 -0.51955
vn -0.0555 0.71766 -0.69418
vn -0.11935 0.57147 -0.8119
vn 0.08789 0.80095 -0.59224
vn -0.08225 0.384 -0.91966
vn 0.37198 0.25099 -0.89366
vn 0.16817 0.25421 -0.95241
vn 0.51583 0.24488 -0.82094
vn 0.71175 0.44869 -0.54046
vn 0.27475 0.81683 -0.50725
vn 0.6457 0.28192 -0.70964
vn 0.53928 0.22041 -0.81277
vn 0.76902 0.39408 -0.50329
vn 0.72675 0.33864 -0.59763
vn 0.91069 0.13266 0.39121
vn 0.9996 0.01963 0.02043
vn 0.95412 0.0243 0.29844
vn 0.44571 0.8947 -0.02914
vn 0.96592 0.00636 -0.25877
vn 0.63813 0.74978 -0.17498
vn 0.95589 0.07441 -0.28415
vn 0.56448 0.80876 -0.16515
vn 0.74777 -0.63888 -0.18077
vn 0.83303 -0.55099 -0.0497
vn 0.49627 -0.86228 -0.10095
vn 0.06762 0.76398 -0.64168
vn 0.12728 0.62619 -0.76921
vn -0.20793 0.84812 -0.4873
vn -0.21878 0.72838 -0.6493
vn 0.47703 0.40781 -0.77854
vn 0.1007 -0.98083 -0.16686
vn 0.06698 -0.98502 -0.15892
vn 0.01733 -0.98118 -0.19233
vn 0.11318 -0.9776 -0.17748
vn 0.26064 0.58465 -0.76828
vn 0.01655 0.67435 -0.73823
vn -0.10636 0.7504 -0.65237
vn -0.05239 0.83604 -0.54616
vn 0.07317 0.82455 -0.56103
vn -0.11046 0.68658 -0.71861
vn -0.20966 0.80644 -0.5529
vn -0.27714 0.74834 -0.60264
vn -0.15503 0.74311 -0.65096
vn -0.25432 0.75576 -0.60344
vn -0.35811 0.09256 -0.92908
vn -0.25092 0.67335 -0.69544
vn -0.09202 0.08971 -0.99171
vn -0.11266 0.60318 -0.78961
vn 0.15462 0.38235 -0.91099
vn 0.2054 -0.02647 -0.97832
vn -0.07261 -0.35302 -0.93279
vn -0.31514 -0.51622 -0.79637
vn 0.1378 -0.96591 -0.21915
vn 0.15353 -0.86657 -0.47486
vn -0.14704 -0.86206 -0.48501
vn 0.12519 -0.96468 -0.23176
vn 0.2291 -0.81771 -0.52807
vn 0.13323 -0.97504 -0.1776
vn 0.05513 -0.98566 -0.15951
vn 0.08158 0.84569 -0.5274
vn 0.0788 0.87525 -0.47721
vn -0.14307 0.73113 -0.66707
vn -0.13591 0.78308 -0.60689
vn 0.65226 -0.13427 -0.74601
vn 0.72845 -0.08459 -0.67985
vn 0.48993 -0.42302 -0.76225
vn 0.7899 0.03698 -0.61212
vn 0.51116 -0.59709 -0.61822
vn 0.60415 0.14009 -0.78446
vn 0.41548 -0.44246 -0.79474
vn 0.05387 -0.92775 -0.36928
vn 0.15224 -0.79648 -0.58519
vn 0.91743 -0.01634 -0.39755
vn 0.60325 -0.69909 -0.38389
vn 0.02948 -0.98003 -0.19664
vn 0.18828 0.86321 -0.46842
vn 0.73488 0.36153 -0.57381
vn 0.01109 0.7145 -0.69954
vn 0.64507 0.22883 -0.72905
vn 0.52829 0.03263 -0.84844
vn -0.12391 0.52659 -0.84104
vn 0.54884 -0.68015 0.48598
vn 0.69663 -0.53615 0.4767
vn 0.70904 -0.67913 0.18988
vn 0.93703 0.14212 0.31904
vn 0.88373 -0.39099 0.2572
vn 0.77186 0.6213 -0.13501
vn 0.80244 -0.58231 -0.13043
vn 0.36046 0.93191 0.04029
vn 0.24678 0.96897 0.01426
vn 0.20259 0.97835 0.04228
vn 0.2974 0.95475 0.00228
vn 0.19941 0.97991 0.00366
vn 0.29688 0.95335 -0.05473
vn -0.29926 0.71133 -0.63597
vn -0.44827 0.7503 -0.4859
vn -0.44993 0.66201 -0.59942
vn -0.60437 0.70266 -0.37551
vn 0.54368 -0.83778 -0.05046
vn 0.41825 -0.90831 0.00648
vn 0.51333 -0.83747 0.18744
vn 0.52564 -0.82802 0.19517
vn 0.63244 -0.69018 0.35167
vn 0.56294 -0.7235 0.39956
vn 0.27089 -0.86072 -0.43102
vn 0.46607 -0.76083 -0.45158
vn 0.80699 0.37992 -0.45215
vn 0.78582 -0.47027 -0.40166
vn 0.31172 -0.40612 -0.85901
vn 0.08011 -0.47647 -0.87553
vn 0.49223 -0.78328 0.37973
vn 0.5642 -0.75938 0.32408
vn 0.61542 -0.7474 0.2503
vn 0.46728 -0.8808 -0.07637
vn 0.42353 -0.90514 -0.03674
vn 0.38824 -0.92129 -0.02244
vn -0.64208 0.67037 -0.37192
vn -0.52729 0.63512 -0.56444
vn -0.63835 0.67146 -0.37637
vn -0.53912 0.60916 -0.58162
vn -0.49935 0.67321 -0.54537
vn -0.62067 0.68158 -0.38758
vn 0.7244 -0.67911 -0.11855
vn 0.80858 -0.56819 -0.15286
vn 0.71905 -0.69433 0.02964
vn 0.76273 -0.64552 0.03939
vn 0.70409 -0.66695 0.2438
vn 0.68063 -0.67334 0.28872
vn 0.67548 -0.66856 0.31107
vn 0.6888 -0.72176 0.06803
vn 0.67869 -0.72605 -0.11059
vn 0.59082 -0.65939 -0.46491
vn 0.32461 -0.33518 -0.88446
vn 0.67751 -0.58479 -0.4461
vn 0.38937 -0.19362 -0.9005
vn 0.81191 -0.40364 -0.42175
vn -0.70286 0.70544 -0.09132
vn -0.69907 0.69335 0.17485
vn -0.69707 0.71171 -0.08692
vn -0.69888 0.69484 0.16957
vn -0.62971 0.77294 0.07769
vn -0.63026 0.75774 -0.16912
vn 0.66549 -0.71833 0.20278
vn 0.63755 -0.7383 0.22009
vn 0.6504 -0.74187 0.16313
vn 0.61991 -0.78104 -0.07548
vn 0.62189 -0.77209 -0.1309
vn 0.6194 -0.76755 -0.16496
vn -0.42853 0.80848 -0.40338
vn -0.34428 0.92249 -0.17457
vn 0.83899 -0.45877 -0.29261
vn 0.71836 -0.68262 -0.13412
vn 0.84185 -0.48783 -0.23087
vn 0.75037 -0.66081 -0.01647
vn -0.00439 -0.98063 -0.1958
vn 0.11327 -0.80308 -0.585
vn -0.14203 -0.9782 -0.15148
vn 0.03316 -0.79005 -0.61215
vn 0.28487 0.52212 -0.80389
vn 0.24076 -0.18223 -0.95332
vn 0.39885 0.50035 -0.76848
vn 0.32605 -0.25688 -0.90978
vn 0.10193 0.99171 -0.07823
vn 0.10613 0.99262 0.0586
vn 0.16124 0.98316 0.08601
vn 0.18506 0.98176 0.04355
vn 0.20363 0.97611 0.07582
vn -0.05842 -0.98924 -0.13414
vn -0.18127 -0.97962 -0.0865
vn 0.18691 0.98177 0.03442
vn 0.16088 0.98655 0.02892
vn -0.16475 -0.9705 -0.17602
vn 0.07548 -0.79704 -0.59919
vn 0.32261 -0.28881 -0.9014
vn 0.41959 0.33234 -0.84469
vn 0.33813 0.9377 -0.07998
vn 0.2996 0.9532 -0.04057
vn -0.23027 -0.97069 -0.06879
vn 0.27376 0.96066 -0.04681
vn -0.35781 0.92739 -0.10916
vn -0.58023 0.78465 -0.21833
vn -0.09355 0.93508 -0.34185
vn -0.37023 0.82391 -0.42907
vn 0.55544 -0.82035 -0.13605
vn 0.64826 -0.73072 0.21404
vn 0.66507 -0.67014 0.32953
vn -0.17734 0.25574 -0.95034
vn -0.17166 0.2184 -0.96064
vn 0.23795 -0.40412 -0.88322
vn -0.19123 0.22974 -0.95428
vn -0.49738 0.62107 -0.60572
vn -0.61104 0.68895 -0.38984
vn 0.57857 -0.81213 -0.07547
vn 0.63677 -0.76092 0.12461
vn -0.1681 0.38272 -0.90845
vn -0.01579 0.29859 -0.95425
vn -0.3545 0.37202 -0.85787
vn 0.03075 -0.64205 -0.76604
vn -0.28865 0.89963 -0.32765
vn -0.59075 0.80153 0.09255
vn 0.88245 -0.18718 -0.43156
vn 0.71677 0.65113 -0.24954
vn 0.63121 0.69021 -0.3538
vn 0.81008 0.07937 -0.58092
vn 0.21844 0.91801 -0.33096
vn 0.14092 0.98326 -0.11552
vn 0.17842 0.90508 -0.38601
vn 0.36426 0.81707 -0.44688
vn 0.29978 0.93982 -0.16389
vn 0.46463 -0.75046 -0.47003
vn 0.5362 0.72063 -0.43953
vn 0.8643 -0.26563 -0.42711
vn -0.12786 0.9029 -0.4104
vn 0.64878 -0.74678 0.14632
vn -0.65206 0.74618 -0.13429
vn 0.93226 0.17995 -0.31387
vn 0.85443 0.30156 -0.42309
vn 0.79783 0.26596 -0.54105
vn 0.87312 -0.1771 -0.45421
vn 0.75344 0.19178 -0.62892
vn 0.64929 0.0727 -0.75706
vn 0.6043 -0.0704 -0.79364
vn 0.9213 -0.00136 -0.38886
vn 0.80546 -0.09727 -0.58461
vn 0.71086 -0.18183 -0.67943
vn 0.85955 -0.25098 -0.44517
vn -0.50483 -0.2524 -0.82549
vn -0.17699 -0.95937 -0.21974
vn 0.83858 -0.04378 -0.54301
vn -0.50884 -0.69552 -0.50728
vn 0.84362 -0.37197 -0.38722
vn 0.89777 0.15453 -0.41247
vn 0.88307 0.15746 -0.44204
vn 0.71598 -0.20424 -0.66758
vn 0.84052 -0.13928 -0.52357
vn 0.88916 0.20188 -0.41065
vn 0.84476 0.09482 -0.52668
vn 0.51677 -0.54652 -0.65899
vn 0.13769 -0.76136 -0.63354
vn -0.07352 0.76969 -0.63417
vn -0.93642 -0.20073 0.28781
vn -0.90289 -0.32576 0.28047
vn -0.85883 -0.44808 0.24825
vn -0.80054 -0.56412 0.20224
vn -0.74086 -0.64958 0.17083
vn -0.6405 -0.72782 0.24502
vn -0.85226 -0.44344 0.27751
vn -0.78515 -0.56125 0.2618
vn -0.70934 -0.6572 0.25478
vn 0.57868 -0.75978 0.2964
vn -0.00012 -0.99999 -0.00459
vn -0.00051 -0.99998 -0.00681
vn -3E-05 -0.99999 -0.0031
vn -0.0006 -1 -0.00166
vn 0.00131 -1 0.00129
vn -0.0042 -0.99998 -0.00498
vn -0.00347 -0.99998 -0.00606
vn -0.00195 -0.99997 -0.00693
vn -0.00063 -0.99997 -0.00775
vn -1E-05 -0.99997 -0.00767
vn -0.00264 -0.99998 -0.0057
vn -7E-05 -0.99997 -0.00815
vn -0.00142 -1 -0.00248
vn 0.00365 -0.99999 5E-05
vn -0.00269 -0.99999 0.00322
vn 0.00495 -0.99993 0.01055
vn 0.00272 -0.99994 0.01022
vn 0.00677 -0.99992 0.01069
vn 0.00459 -0.99997 0.00682
vn 0.00115 -1 0.0023
vn -0.00482 -0.99998 0.00353
vn -0.00359 -0.99996 0.00771
vn -0.00298 -0.99989 0.01466
vn -0.00124 -0.99986 0.01653
vn 0.00185 -0.99993 0.01145
vn -0.00441 -0.99998 0.00367
vn 0.00112 -0.99991 0.01359
vn 0.00133 -1 -0.0007
vn -0.00033 -1 -0.00029
vt 0.86661 0.39892
vt 0.87138 0.39762
vt 0.87416 0.39883
vt 0.87805 0.39756
vt 0.86606 0.39762
vt 0.86057 0.39901
vt 0.85632 0.39906
vt 0.86238 0.39768
vt 0.86002 0.39768
vt 0.85378 0.39915
vt 0.93236 0.40129
vt 0.945 0.40143
vt 0.9361 0.40457
vt 0.94883 0.40518
vt 0.93992 0.39883
vt 0.92862 0.39883
vt 0.86229 0.40156
vt 0.87071 0.40146
vt 0.85548 0.40164
vt 0.85836 0.40535
vt 0.85103 0.40542
vt 0.86725 0.40498
vt 0.85101 0.40177
vt 0.84805 0.40178
vt 0.84621 0.40544
vt 0.84246 0.40519
vt 0.95148 0.40137
vt 0.94582 0.3988
vt 0.95581 0.40516
vt 0.93971 0.40895
vt 0.95172 0.40979
vt 0.94379 0.41417
vt 0.95394 0.41494
vt 0.85464 0.41009
vt 0.86378 0.40984
vt 0.84708 0.41002
vt 0.85089 0.41521
vt 0.84367 0.41484
vt 0.85832 0.41554
vt 0.95915 0.40984
vt 0.96143 0.41508
vt 0.9554 0.4205
vt 0.94655 0.41999
vt 0.94839 0.42624
vt 0.95625 0.42656
vt 0.96277 0.42075
vt 0.96363 0.4269
vt 0.94782 0.43914
vt 0.94916 0.4328
vt 0.95519 0.4387
vt 0.95642 0.43278
vt 0.96338 0.43306
vt 0.96207 0.43886
vt 0.93947 0.45034
vt 0.94467 0.4451
vt 0.94962 0.44914
vt 0.9529 0.4442
vt 0.95989 0.4442
vt 0.95721 0.44905
vt 0.92844 0.45763
vt 0.93304 0.45439
vt 0.94077 0.45699
vt 0.9452 0.45336
vt 0.95425 0.45349
vt 0.95017 0.4574
vt 0.87744 0.45607
vt 0.89033 0.45501
vt 0.88177 0.45805
vt 0.8919 0.45783
vt 0.88546 0.45979
vt 0.89343 0.46013
vt 0.90216 0.45819
vt 0.90204 0.46051
vt 0.90209 0.45596
vt 0.87507 0.45846
vt 0.87095 0.45956
vt 0.86935 0.457
vt 0.86583 0.45995
vt 0.87638 0.45999
vt 0.88002 0.45982
vt 0.8907 0.46272
vt 0.88916 0.46255
vt 0.89309 0.46287
vt 0.24516 0.42397
vt 0.25011 0.46811
vt 0.14857 0.49888
vt 0.15044 0.54369
vt 0.59591 0.44242
vt 0.70136 0.36472
vt 0.59549 0.3872
vt 0.70414 0.3124
vt 0.75708 0.28892
vt 0.74957 0.26237
vt 0.30284 0.41617
vt 0.30296 0.37313
vt 0.22403 0.28965
vt 0.23558 0.3597
vt 0.13416 0.32057
vt 0.14376 0.42909
vt 0.29823 0.31932
vt 0.28807 0.26357
vt 0.34223 0.23244
vt 0.35364 0.28527
vt 0.35511 0.33646
vt 0.40921 0.30184
vt 0.41675 0.23909
vt 0.41238 0.17476
vt 0.37126 0.12953
vt 0.31658 0.18382
vt 0.31201 0.09095
vt 0.27811 0.14671
vt 0.25839 0.17771
vt 0.27224 0.21315
vt 0.84211 0.40987
vt 0.83743 0.40945
vt 0.83865 0.41448
vt 0.83343 0.4142
vt 0.34506 0.63609
vt 0.3395 0.67324
vt 0.28321 0.64206
vt 0.26099 0.67212
vt 0.33113 0.7146
vt 0.24101 0.71553
vt 0.84716 0.42056
vt 0.84071 0.41957
vt 0.83944 0.4306
vt 0.83503 0.42858
vt 0.84366 0.43344
vt 0.85246 0.42238
vt 0.8356 0.41906
vt 0.8306 0.41889
vt 0.83126 0.42751
vt 0.8278 0.42714
vt 0.3269 0.75716
vt 0.32839 0.79712
vt 0.23337 0.76293
vt 0.23841 0.80579
vt 0.8664 0.44949
vt 0.86921 0.44746
vt 0.87643 0.45073
vt 0.87883 0.44837
vt 0.86178 0.46125
vt 0.86329 0.45579
vt 0.86945 0.45418
vt 0.79867 0.01996
vt 0.72019 0.09041
vt 0.81536 0.09433
vt 0.72268 0.141
vt 0.5866 0.16417
vt 0.59157 0.22174
vt 0.91985 0.46209
vt 0.9244 0.45942
vt 0.9328 0.46255
vt 0.93651 0.46
vt 0.91485 0.45703
vt 0.91297 0.45878
vt 0.91105 0.46104
vt 0.94595 0.46052
vt 0.94197 0.46307
vt 0.89659 0.46299
vt 0.90282 0.46283
vt 0.77551 0.18382
vt 0.71466 0.22541
vt 0.59439 0.31186
vt 0.24021 0.06411
vt 0.22023 0.12731
vt 0.13789 0.04529
vt 0.13416 0.1167
vt 0.20962 0.17671
vt 0.13284 0.17602
vt 0.80351 0.201
vt 0.85316 0.10042
vt 0.39378 0.36745
vt 0.34681 0.38015
vt 0.21424 0.22889
vt 0.13351 0.24103
vt 0.93915 0.46498
vt 0.93087 0.46458
vt 0.9375 0.46665
vt 0.9297 0.46632
vt 0.91176 0.46446
vt 0.90465 0.46452
vt 0.91093 0.4627
vt 0.90603 0.46615
vt 0.91245 0.46609
vt 0.92083 0.46435
vt 0.92089 0.46612
vt 0.89967 0.46453
vt 0.89649 0.46445
vt 0.89793 0.46611
vt 0.90127 0.46616
vt 0.92457 0.39752
vt 0.93417 0.39752
vt 0.90196 0.39753
vt 0.91237 0.39754
vt 0.90248 0.39881
vt 0.91443 0.39883
vt 0.88793 0.39753
vt 0.88608 0.39875
vt 0.93916 0.39755
vt 0.91655 0.40127
vt 0.90334 0.40116
vt 0.90442 0.40426
vt 0.91889 0.4046
vt 0.88377 0.40125
vt 0.88093 0.40472
vt 0.60087 0.64092
vt 0.59592 0.67978
vt 0.51737 0.63497
vt 0.5107 0.67629
vt 0.59363 0.72409
vt 0.5058 0.71912
vt 0.90549 0.42496
vt 0.91236 0.42497
vt 0.90529 0.42891
vt 0.91334 0.42914
vt 0.91109 0.42215
vt 0.90591 0.42149
vt 0.58755 0.77205
vt 0.50128 0.76288
vt 0.49714 0.80482
vt 0.57923 0.8194
vt 0.90408 0.43741
vt 0.90478 0.43319
vt 0.91188 0.43877
vt 0.9132 0.434
vt 0.57076 0.86043
vt 0.49467 0.84266
vt 0.49581 0.87744
vt 0.56898 0.89398
vt 0.90321 0.44406
vt 0.90336 0.44107
vt 0.90807 0.44477
vt 0.90987 0.44254
vt 0.91814 0.45371
vt 0.9025 0.45327
vt 0.92878 0.4504
vt 0.93573 0.44572
vt 0.9399 0.43976
vt 0.94142 0.43312
vt 0.94029 0.42658
vt 0.93708 0.42045
vt 0.93162 0.41491
vt 0.92177 0.40955
vt 0.9051 0.40789
vt 0.87657 0.40992
vt 0.86631 0.4156
vt 0.85943 0.42187
vt 0.8545 0.42922
vt 0.85387 0.43555
vt 0.85567 0.44134
vt 0.84601 0.43921
vt 0.84919 0.44441
vt 0.85969 0.44628
vt 0.85364 0.44932
vt 0.8594 0.45318
vt 0.33351 0.83051
vt 0.25544 0.83822
vt 0.33554 0.85906
vt 0.27571 0.85768
vt 0.88983 0.45174
vt 0.86293 0.42174
vt 0.85921 0.428
vt 0.13703 0.64551
vt 0.09967 0.70948
vt 0.11421 0.64461
vt 0.07244 0.71031
vt 0.21738 0.60009
vt 0.19333 0.58934
vt 0.86966 0.41638
vt 0.85799 0.43423
vt 0.85909 0.44005
vt 0.08391 0.77498
vt 0.09326 0.83419
vt 0.05664 0.77885
vt 0.06749 0.8424
vt 0.91601 0.41207
vt 0.9036 0.41026
vt 0.54347 0.5574
vt 0.5578 0.53327
vt 0.65554 0.5726
vt 0.68583 0.55173
vt 0.91053 0.4154
vt 0.91309 0.41354
vt 0.91826 0.41831
vt 0.92184 0.41694
vt 0.92534 0.41606
vt 0.87953 0.41227
vt 0.31806 0.57109
vt 0.3043 0.55123
vt 0.93149 0.42114
vt 0.92355 0.42269
vt 0.92768 0.42178
vt 0.92651 0.42811
vt 0.93121 0.42751
vt 0.93512 0.42705
vt 0.93629 0.43348
vt 0.92732 0.43404
vt 0.93233 0.43379
vt 0.92567 0.43992
vt 0.93043 0.44003
vt 0.93453 0.43997
vt 0.91285 0.45174
vt 0.9226 0.44961
vt 0.90736 0.44898
vt 0.91513 0.44788
vt 0.90984 0.45041
vt 0.91868 0.44891
vt 0.51556 0.94314
vt 0.61807 0.9491
vt 0.52972 0.95954
vt 0.6474 0.9652
vt 0.90113 0.45129
vt 0.92988 0.4456
vt 0.92141 0.44481
vt 0.92575 0.44533
vt 0.86263 0.44473
vt 0.19416 0.90953
vt 0.17689 0.92447
vt 0.12789 0.88025
vt 0.10564 0.89279
vt 0.29858 0.91851
vt 0.2893 0.93203
vt 0.41004 0.92766
vt 0.41265 0.94099
vt 0.15292 0.71403
vt 0.18804 0.6609
vt 0.251 0.62289
vt 0.14808 0.82162
vt 0.13909 0.77099
vt 0.62457 0.60537
vt 0.52912 0.59406
vt 0.90791 0.41833
vt 0.91442 0.42037
vt 0.33386 0.60235
vt 0.91829 0.42402
vt 0.92059 0.42877
vt 0.92088 0.43415
vt 0.91949 0.43951
vt 0.91135 0.44635
vt 0.90499 0.44673
vt 0.50373 0.91467
vt 0.59003 0.92387
vt 0.91608 0.44381
vt 0.17422 0.86086
vt 0.23283 0.88247
vt 0.31856 0.8907
vt 0.41221 0.90044
vt 0.41487 0.8647
vt 0.41417 0.832
vt 0.41346 0.79668
vt 0.41476 0.757
vt 0.41862 0.71514
vt 0.42404 0.67374
vt 0.42856 0.63326
vt 0.42943 0.59405
vt 0.42905 0.5591
vt 0.42926 0.53516
vt 0.89142 0.41039
vt 0.89134 0.40799
vt 0.8923 0.40428
vt 0.89267 0.40111
vt 0.8928 0.39875
vt 0.8931 0.39752
vt 0.95334 0.40154
vt 0.95809 0.4052
vt 0.9475 0.39904
vt 0.96186 0.40979
vt 0.9645 0.41503
vt 0.96612 0.42072
vt 0.96731 0.42692
vt 0.96739 0.43307
vt 0.96643 0.43888
vt 0.96451 0.4442
vt 0.96186 0.44894
vt 0.95894 0.45364
vt 0.95543 0.45759
vt 0.95184 0.46079
vt 0.94813 0.46351
vt 0.94501 0.46541
vt 0.9428 0.4669
vt 0.9409 0.39766
vt 0.89465 0.46438
vt 0.89375 0.46433
vt 0.89582 0.46591
vt 0.89473 0.46571
vt 0.89805 0.46834
vt 0.89559 0.46775
vt 0.89421 0.46738
vt 0.89253 0.46952
vt 0.89405 0.47032
vt 0.89702 0.47212
vt 0.90646 0.46806
vt 0.90176 0.46822
vt 0.90188 0.47115
vt 0.9065 0.47046
vt 0.91259 0.46792
vt 0.91225 0.47009
vt 0.92067 0.47015
vt 0.92068 0.46792
vt 0.92988 0.47018
vt 0.9293 0.46813
vt 0.93702 0.46844
vt 0.93821 0.4709
vt 0.94227 0.46851
vt 0.94276 0.47074
vt 0.89001 0.4495
vt 0.85939 0.3976
vt 0.85298 0.39907
vt 0.84706 0.40167
vt 0.84127 0.40503
vt 0.95347 0.40139
vt 0.95819 0.40509
vt 0.94759 0.39892
vt 0.96186 0.40975
vt 0.96439 0.41502
vt 0.96593 0.42073
vt 0.96707 0.42692
vt 0.96724 0.43314
vt 0.96631 0.43901
vt 0.96441 0.44438
vt 0.96158 0.44912
vt 0.95428 0.45757
vt 0.95827 0.45372
vt 0.87046 0.45965
vt 0.86998 0.45973
vt 0.86561 0.46037
vt 0.86539 0.46079
vt 0.87588 0.46003
vt 0.87539 0.46007
vt 0.88911 0.46257
vt 0.88906 0.46259
vt 0.04439 0.51728
vt 0.044 0.56003
vt 0.57966 0.45714
vt 0.47222 0.46754
vt 0.57657 0.39915
vt 0.47058 0.40254
vt 0.05519 0.32768
vt 0.04804 0.44249
vt 0.83643 0.40934
vt 0.83258 0.41403
vt 0.83232 0.41414
vt 0.82954 0.4197
vt 0.82924 0.41962
vt 0.45689 0.17152
vt 0.5451 0.17887
vt 0.45925 0.23208
vt 0.55478 0.24243
vt 0.86181 0.46191
vt 0.86184 0.46256
vt 0.95053 0.46075
vt 0.94678 0.4634
vt 0.46831 0.32045
vt 0.5727 0.32584
vt 0.05714 0.04184
vt 0.05634 0.11532
vt 0.05632 0.17626
vt 0.05651 0.24483
vt 0.94358 0.46524
vt 0.94153 0.4667
vt 0.89377 0.46433
vt 0.8938 0.46434
vt 0.89453 0.46563
vt 0.89438 0.46557
vt 0.94091 0.3976
vt 0.89381 0.46725
vt 0.89356 0.46717
vt 0.89198 0.46937
vt 0.89153 0.46942
vt 0.94076 0.47052
vt 0.94036 0.46839
vt 0.86624 0.39883
vt 0.87371 0.39881
vt 0.87097 0.39749
vt 0.87751 0.39751
vt 0.86003 0.39887
vt 0.86552 0.39745
vt 0.85603 0.39901
vt 0.86195 0.39757
vt 0.85385 0.39909
vt 0.86016 0.39766
vt 0.94855 0.40518
vt 0.9445 0.40146
vt 0.93543 0.40468
vt 0.93163 0.40137
vt 0.93949 0.39886
vt 0.92797 0.3989
vt 0.87066 0.4015
vt 0.86197 0.40153
vt 0.8551 0.4016
vt 0.85075 0.40542
vt 0.85812 0.40536
vt 0.86773 0.40519
vt 0.85056 0.40157
vt 0.84809 0.40159
vt 0.84279 0.40496
vt 0.84577 0.4052
vt 0.9455 0.39882
vt 0.95116 0.40137
vt 0.95553 0.40516
vt 0.9536 0.41494
vt 0.95144 0.40979
vt 0.94295 0.41441
vt 0.93885 0.40915
vt 0.86391 0.41005
vt 0.85447 0.4101
vt 0.8468 0.41002
vt 0.84329 0.41479
vt 0.85062 0.41522
vt 0.85811 0.4157
vt 0.95888 0.40984
vt 0.96115 0.41508
vt 0.9551 0.42051
vt 0.94589 0.42022
vt 0.95594 0.42657
vt 0.94782 0.42642
vt 0.96249 0.42075
vt 0.96335 0.4269
vt 0.94718 0.4389
vt 0.95542 0.43878
vt 0.94836 0.43279
vt 0.95627 0.4328
vt 0.96346 0.43311
vt 0.96255 0.43901
vt 0.93973 0.44946
vt 0.95028 0.44915
vt 0.94431 0.44459
vt 0.95346 0.44429
vt 0.96065 0.44442
vt 0.95784 0.44923
vt 0.92887 0.45668
vt 0.94159 0.45721
vt 0.93367 0.45328
vt 0.94632 0.45337
vt 0.9541 0.45351
vt 0.94987 0.45742
vt 0.87735 0.45597
vt 0.88227 0.45802
vt 0.89058 0.45505
vt 0.89232 0.45776
vt 0.88668 0.46011
vt 0.89423 0.46021
vt 0.90268 0.46047
vt 0.90267 0.45802
vt 0.90281 0.45533
vt 0.86582 0.45843
vt 0.87145 0.45898
vt 0.8696 0.45698
vt 0.8752 0.45847
vt 0.87706 0.46
vt 0.88093 0.46006
vt 0.89036 0.46271
vt 0.88922 0.46265
vt 0.89254 0.46259
vt 0.25347 0.42034
vt 0.19832 0.47107
vt 0.25719 0.46429
vt 0.20164 0.51436
vt 0.64436 0.42258
vt 0.64306 0.36632
vt 0.7035 0.36697
vt 0.70337 0.31433
vt 0.74597 0.26707
vt 0.75382 0.2933
vt 0.30527 0.37166
vt 0.30441 0.41478
vt 0.23088 0.28617
vt 0.16791 0.30633
vt 0.24254 0.35432
vt 0.18898 0.40134
vt 0.30081 0.31779
vt 0.29098 0.26246
vt 0.34395 0.23102
vt 0.3554 0.28453
vt 0.35678 0.33515
vt 0.41476 0.29281
vt 0.41994 0.236
vt 0.41377 0.17326
vt 0.37042 0.12555
vt 0.31339 0.08656
vt 0.31946 0.18046
vt 0.2829 0.14215
vt 0.26168 0.1751
vt 0.27574 0.21149
vt 0.8416 0.40957
vt 0.83816 0.40924
vt 0.83421 0.41391
vt 0.83798 0.41418
vt 0.35272 0.63924
vt 0.29456 0.64566
vt 0.34821 0.67552
vt 0.27421 0.67385
vt 0.25379 0.71417
vt 0.33907 0.71547
vt 0.84651 0.42079
vt 0.83988 0.41974
vt 0.83448 0.42837
vt 0.83887 0.43045
vt 0.84343 0.43339
vt 0.8521 0.42253
vt 0.83473 0.41919
vt 0.83067 0.41899
vt 0.82772 0.42698
vt 0.83066 0.4273
vt 0.24149 0.80198
vt 0.33057 0.79636
vt 0.24156 0.75911
vt 0.33235 0.75695
vt 0.87835 0.44829
vt 0.86862 0.44693
vt 0.87578 0.45043
vt 0.86558 0.44868
vt 0.86098 0.45911
vt 0.86352 0.45597
vt 0.86877 0.4536
vt 0.79795 0.02211
vt 0.81682 0.09301
vt 0.71599 0.09265
vt 0.7206 0.14703
vt 0.63655 0.21033
vt 0.62767 0.14844
vt 0.91996 0.46209
vt 0.93322 0.46265
vt 0.92452 0.45941
vt 0.93697 0.46017
vt 0.9158 0.45583
vt 0.91343 0.45857
vt 0.91168 0.46094
vt 0.94577 0.46057
vt 0.94169 0.46314
vt 0.89729 0.46255
vt 0.90376 0.46258
vt 0.7725 0.1892
vt 0.71135 0.23108
vt 0.64171 0.28917
vt 0.24751 0.05956
vt 0.17587 0.04337
vt 0.23027 0.1223
vt 0.16691 0.1138
vt 0.16207 0.1733
vt 0.22058 0.17342
vt 0.80067 0.20579
vt 0.85531 0.0942
vt 0.39964 0.34747
vt 0.34837 0.37852
vt 0.22331 0.22662
vt 0.16286 0.23596
vt 0.9385 0.46492
vt 0.93083 0.46454
vt 0.92908 0.46625
vt 0.93642 0.46647
vt 0.90499 0.4645
vt 0.91171 0.46255
vt 0.91226 0.46443
vt 0.906 0.46617
vt 0.91255 0.4662
vt 0.92044 0.46618
vt 0.92068 0.46437
vt 0.89969 0.4645
vt 0.89624 0.46448
vt 0.89767 0.46607
vt 0.90114 0.46612
vt 0.93385 0.39754
vt 0.92413 0.39757
vt 0.90157 0.39746
vt 0.90211 0.39879
vt 0.91193 0.39746
vt 0.914 0.39883
vt 0.88557 0.39879
vt 0.88771 0.39749
vt 0.93903 0.39754
vt 0.9029 0.40114
vt 0.91614 0.40128
vt 0.90408 0.40433
vt 0.91863 0.40466
vt 0.88308 0.40137
vt 0.88024 0.40498
vt 0.60013 0.64164
vt 0.51922 0.6362
vt 0.59576 0.6805
vt 0.51348 0.67771
vt 0.50902 0.71997
vt 0.59511 0.7242
vt 0.91294 0.42922
vt 0.91201 0.42511
vt 0.90542 0.42892
vt 0.90547 0.42502
vt 0.91079 0.42228
vt 0.90584 0.42156
vt 0.59077 0.76975
vt 0.50398 0.76237
vt 0.49825 0.80295
vt 0.58193 0.8135
vt 0.9043 0.43688
vt 0.91191 0.43823
vt 0.90505 0.43298
vt 0.91305 0.43384
vt 0.57176 0.85194
vt 0.49356 0.8402
vt 0.49337 0.87473
vt 0.5689 0.88473
vt 0.9032 0.44324
vt 0.90812 0.44377
vt 0.90345 0.44031
vt 0.9099 0.44165
vt 0.90285 0.45246
vt 0.91874 0.45246
vt 0.92903 0.44919
vt 0.93555 0.44478
vt 0.93949 0.43917
vt 0.9409 0.43303
vt 0.93992 0.42676
vt 0.93676 0.4207
vt 0.93121 0.41511
vt 0.90461 0.40795
vt 0.92134 0.40965
vt 0.8761 0.41027
vt 0.86575 0.41615
vt 0.85886 0.42227
vt 0.85408 0.42925
vt 0.8487 0.44368
vt 0.85525 0.4401
vt 0.84571 0.43902
vt 0.85362 0.4349
vt 0.85261 0.44766
vt 0.85896 0.44511
vt 0.85818 0.45185
vt 0.25438 0.83609
vt 0.33327 0.83074
vt 0.33435 0.85993
vt 0.27427 0.85707
vt 0.88982 0.45148
vt 0.85895 0.42784
vt 0.86303 0.4221
vt 0.16045 0.65416
vt 0.12602 0.64952
vt 0.11137 0.70743
vt 0.07471 0.7079
vt 0.23209 0.61155
vt 0.20355 0.59887
vt 0.86986 0.41695
vt 0.85845 0.43903
vt 0.85761 0.43348
vt 0.08644 0.76761
vt 0.05383 0.77047
vt 0.08564 0.82817
vt 0.05904 0.83326
vt 0.91561 0.4122
vt 0.90313 0.41025
vt 0.5406 0.55453
vt 0.65325 0.57169
vt 0.55274 0.53258
vt 0.68227 0.55169
vt 0.91034 0.41532
vt 0.91773 0.41867
vt 0.91279 0.41354
vt 0.92126 0.41731
vt 0.92494 0.41633
vt 0.87934 0.41269
vt 0.32193 0.57832
vt 0.3053 0.55837
vt 0.93097 0.4215
vt 0.92252 0.42324
vt 0.92679 0.42227
vt 0.92506 0.42858
vt 0.92989 0.42793
vt 0.93442 0.4273
vt 0.93545 0.43343
vt 0.9258 0.43426
vt 0.93084 0.4339
vt 0.92424 0.43974
vt 0.92915 0.43973
vt 0.93379 0.43946
vt 0.92262 0.44857
vt 0.91307 0.45061
vt 0.9073 0.44856
vt 0.90988 0.44969
vt 0.91472 0.44723
vt 0.91846 0.44816
vt 0.51371 0.93899
vt 0.52869 0.95345
vt 0.61735 0.94441
vt 0.64789 0.95704
vt 0.90106 0.45046
vt 0.92948 0.44475
vt 0.92052 0.44435
vt 0.92493 0.44469
vt 0.86174 0.44399
vt 0.19156 0.90547
vt 0.11956 0.8766
vt 0.17364 0.91787
vt 0.09609 0.88639
vt 0.29611 0.91692
vt 0.28556 0.93075
vt 0.40759 0.92515
vt 0.41174 0.93664
vt 0.17507 0.71135
vt 0.21266 0.66502
vt 0.26436 0.62894
vt 0.15448 0.81452
vt 0.15411 0.76361
vt 0.62302 0.60562
vt 0.52899 0.59489
vt 0.90778 0.41835
vt 0.91401 0.42058
vt 0.33979 0.607
vt 0.91771 0.42432
vt 0.91964 0.42908
vt 0.91996 0.43427
vt 0.91859 0.43924
vt 0.91109 0.44558
vt 0.90485 0.44614
vt 0.58836 0.91724
vt 0.50078 0.90881
vt 0.91551 0.4432
vt 0.17889 0.8551
vt 0.23388 0.87866
vt 0.3172 0.88874
vt 0.40922 0.89753
vt 0.41246 0.86578
vt 0.41352 0.83291
vt 0.4153 0.79718
vt 0.41903 0.75809
vt 0.42428 0.71714
vt 0.42977 0.67593
vt 0.43317 0.63549
vt 0.43172 0.596
vt 0.42626 0.53553
vt 0.42845 0.56011
vt 0.8909 0.40814
vt 0.89106 0.41049
vt 0.89188 0.40446
vt 0.89248 0.40119
vt 0.89274 0.39881
vt 0.89277 0.3975
vt 0.85299 0.39915
vt 0.8594 0.39767
vt 0.84703 0.40164
vt 0.84144 0.40503
vt 0.13939 0.50596
vt 0.14077 0.54637
vt 0.10533 0.32498
vt 0.13145 0.4364
vt 0.83676 0.4093
vt 0.82686 0.42724
vt 0.10327 0.042
vt 0.10078 0.11305
vt 0.09921 0.17379
vt 0.09964 0.24284
vt 0.8933 0.46432
vt 0.89434 0.46579
vt 0.89409 0.46438
vt 0.8954 0.46597
vt 0.89363 0.46766
vt 0.89075 0.47105
vt 0.89765 0.46791
vt 0.89509 0.46787
vt 0.89338 0.47055
vt 0.89651 0.47032
vt 0.90614 0.46795
vt 0.90129 0.46791
vt 0.90044 0.47019
vt 0.90539 0.47018
vt 0.91238 0.46806
vt 0.91153 0.47032
vt 0.91864 0.47045
vt 0.91977 0.46808
vt 0.92649 0.47087
vt 0.92783 0.46819
vt 0.93528 0.46826
vt 0.93521 0.47133
vt 0.8782 0.50063
vt 0.87893 0.50527
vt 0.87792 0.50071
vt 0.87838 0.50543
vt 0.87849 0.50033
vt 0.87951 0.50468
vt 0.87878 0.49983
vt 0.88008 0.50368
vt 0.87904 0.49915
vt 0.8806 0.50234
vt 0.87927 0.49832
vt 0.88105 0.50069
vt 0.87946 0.49739
vt 0.88141 0.49883
vt 0.87959 0.49639
vt 0.88169 0.49685
vt 0.87967 0.49538
vt 0.88183 0.49483
vt 0.87969 0.4944
vt 0.88186 0.49289
vt 0.87964 0.49349
vt 0.88175 0.49109
vt 0.87952 0.49269
vt 0.8815 0.4895
vt 0.87926 0.49199
vt 0.88097 0.48813
vt 0.87872 0.49168
vt 0.87998 0.48725
vt 0.87898 0.49176
vt 0.88044 0.48754
vt 0.88026 0.50982
vt 0.87943 0.51005
vt 0.88112 0.50894
vt 0.88195 0.50747
vt 0.88272 0.50547
vt 0.88339 0.50304
vt 0.88392 0.50028
vt 0.88429 0.49734
vt 0.8845 0.49434
vt 0.88452 0.49144
vt 0.88437 0.48878
vt 0.884 0.48646
vt 0.88321 0.48443
vt 0.88239 0.48342
vt 0.88212 0.51421
vt 0.88103 0.51452
vt 0.88325 0.51306
vt 0.88434 0.51113
vt 0.88535 0.50851
vt 0.88622 0.50532
vt 0.88692 0.50172
vt 0.88741 0.49785
vt 0.88768 0.49392
vt 0.8877 0.49011
vt 0.8875 0.48664
vt 0.88698 0.48361
vt 0.88594 0.48091
vt 0.88488 0.47956
vt 0.88317 0.51876
vt 0.88451 0.51838
vt 0.88588 0.51698
vt 0.88722 0.51462
vt 0.88845 0.51142
vt 0.88951 0.50752
vt 0.89037 0.50311
vt 0.89097 0.49839
vt 0.89129 0.49359
vt 0.89132 0.48892
vt 0.89105 0.48467
vt 0.89039 0.48107
vt 0.88919 0.47796
vt 0.88782 0.47605
vt 0.88581 0.52272
vt 0.88737 0.52227
vt 0.88898 0.52064
vt 0.89053 0.51788
vt 0.89197 0.51415
vt 0.89321 0.5096
vt 0.89421 0.50445
vt 0.89491 0.49894
vt 0.89529 0.49333
vt 0.89532 0.48788
vt 0.895 0.48291
vt 0.8942 0.47878
vt 0.89284 0.47517
vt 0.89107 0.47307
vt 0.88891 0.52633
vt 0.89067 0.52583
vt 0.89248 0.52398
vt 0.89424 0.52088
vt 0.89586 0.51666
vt 0.89727 0.51152
vt 0.89839 0.50571
vt 0.89919 0.49949
vt 0.89961 0.49316
vt 0.89965 0.48701
vt 0.89929 0.48135
vt 0.89841 0.47664
vt 0.89242 0.52955
vt 0.89436 0.529
vt 0.89635 0.52697
vt 0.89829 0.52355
vt 0.90007 0.51891
vt 0.90162 0.51326
vt 0.90285 0.50687
vt 0.90373 0.50004
vt 0.90419 0.49308
vt 0.90423 0.48631
vt 0.90383 0.4801
vt 0.90298 0.47504
vt 0.8963 0.53232
vt 0.89839 0.53173
vt 0.90053 0.52954
vt 0.90261 0.52587
vt 0.90453 0.52088
vt 0.90619 0.5148
vt 0.90753 0.50792
vt 0.90847 0.50057
vt 0.90897 0.49308
vt 0.90901 0.48581
vt 0.90857 0.47915
vt 0.90765 0.47382
vt 0.90049 0.53461
vt 0.90269 0.53399
vt 0.90496 0.53168
vt 0.90716 0.5278
vt 0.90918 0.52253
vt 0.91094 0.51611
vt 0.91234 0.50885
vt 0.91334 0.50108
vt 0.91387 0.49318
vt 0.91391 0.48549
vt 0.91346 0.47842
vt 0.91259 0.47285
vt 0.90493 0.53639
vt 0.90721 0.53574
vt 0.90957 0.53334
vt 0.91185 0.52931
vt 0.91395 0.52384
vt 0.91578 0.51718
vt 0.91724 0.50963
vt 0.91827 0.50157
vt 0.91885 0.49334
vt 0.91895 0.48536
vt 0.91844 0.47801
vt 0.91787 0.47197
vt 0.91191 0.53795
vt 0.91426 0.53729
vt 0.91668 0.53483
vt 0.91902 0.53069
vt 0.92118 0.52508
vt 0.92305 0.51824
vt 0.92455 0.5105
vt 0.92558 0.50222
vt 0.92623 0.49375
vt 0.92649 0.48558
vt 0.92576 0.47804
vt 0.92476 0.47149
vt 0.91906 0.53839
vt 0.9214 0.53772
vt 0.92381 0.53527
vt 0.92614 0.53116
vt 0.93034 0.52576
vt 0.93162 0.51967
vt 0.93328 0.51293
vt 0.93269 0.50284
vt 0.93398 0.49477
vt 0.93433 0.48637
vt 0.93321 0.47878
vt 0.93186 0.4722
vt 0.92382 0.53792
vt 0.92611 0.53727
vt 0.92846 0.53487
vt 0.93239 0.53034
vt 0.93734 0.50675
vt 0.94124 0.49833
vt 0.94152 0.48799
vt 0.94037 0.48018
vt 0.93848 0.47391
vt 0.92848 0.53688
vt 0.93069 0.53626
vt 0.93479 0.53304
vt 0.93299 0.5353
vt 0.93508 0.5347
vt 0.93837 0.53258
vt 0.94716 0.48907
vt 0.94707 0.49776
vt 0.94624 0.48189
vt 0.94428 0.47628
vt 0.93727 0.53319
vt 0.93921 0.53263
vt 0.94192 0.53098
vt 0.95027 0.49777
vt 0.95069 0.49016
vt 0.95034 0.48345
vt 0.9482 0.47816
vt 0.94126 0.53058
vt 0.94302 0.53007
vt 0.94559 0.52834
vt 0.95349 0.49109
vt 0.95247 0.49802
vt 0.95315 0.48539
vt 0.95142 0.48053
vt 0.9449 0.52751
vt 0.94646 0.52706
vt 0.94888 0.52509
vt 0.95534 0.49811
vt 0.95549 0.49227
vt 0.95514 0.48821
vt 0.95426 0.48443
vt 0.94939 0.4755
vt 0.95405 0.48233
vt 0.94757 0.47511
vt 0.94361 0.472
vt 0.94569 0.47308
vt 0.94919 0.52224
vt 0.95058 0.52164
vt 0.95178 0.52071
vt 0.95089 0.51938
vt 0.95261 0.51814
vt 0.95274 0.51662
vt 0.95447 0.51532
vt 0.87813 0.496
vt 0.69971 0.8083
vt 0.76775 0.81377
vt 0.71039 0.85909
vt 0.7702 0.85785
vt 0.67046 0.86001
vt 0.65217 0.80016
vt 0.73257 0.90202
vt 0.70698 0.91075
vt 0.77657 0.89473
vt 0.70907 0.70682
vt 0.77288 0.721
vt 0.69961 0.75611
vt 0.76913 0.76682
vt 0.65071 0.73956
vt 0.66517 0.68544
vt 0.74739 0.62954
vt 0.78198 0.64521
vt 0.72603 0.66391
vt 0.77757 0.67945
vt 0.69251 0.6417
vt 0.7256 0.60817
vt 0.80084 0.61372
vt 0.78235 0.62203
vt 0.80084 0.59845
vt 0.77064 0.60674
vt 0.76152 0.58636
vt 0.80121 0.57812
vt 0.84342 0.58577
vt 0.88458 0.60828
vt 0.83347 0.60653
vt 0.86168 0.62927
vt 0.82148 0.62177
vt 0.82693 0.64501
vt 0.84115 0.72134
vt 0.83535 0.67947
vt 0.90151 0.7095
vt 0.88519 0.66495
vt 0.92058 0.64464
vt 0.94625 0.69257
vt 0.84049 0.8145
vt 0.84275 0.76747
vt 0.90532 0.81187
vt 0.90849 0.75959
vt 0.95777 0.74864
vt 0.95323 0.80827
vt 0.83282 0.89436
vt 0.83647 0.85822
vt 0.87648 0.90104
vt 0.89399 0.86051
vt 0.93449 0.86351
vt 0.90494 0.90879
vt 0.80856 0.9281
vt 0.83311 0.91867
vt 0.81116 0.93926
vt 0.85076 0.92835
vt 0.86602 0.93932
vt 0.81578 0.9553
vt 0.76745 0.93039
vt 0.78135 0.91962
vt 0.75678 0.94721
vt 0.94354 0.51425
vt 0.94498 0.51146
vt 0.944 0.51414
vt 0.9453 0.51173
vt 0.94687 0.51047
vt 0.94561 0.512
vt 0.94678 0.50993
vt 0.94412 0.52445
vt 0.94313 0.52317
vt 0.94427 0.52289
vt 0.94336 0.52176
vt 0.94321 0.51865
vt 0.9436 0.52035
vt 0.94284 0.51974
vt 0.94247 0.52083
vt 0.94251 0.51756
vt 0.94304 0.51698
vt 0.94447 0.51404
vt 0.94356 0.51639
vt 0.9485 0.50796
vt 0.94832 0.50869
vt 0.94666 0.50937
vt 0.94921 0.50871
vt 0.9481 0.5094
vt 0.94961 0.50791
vt 0.95001 0.5071
vt 0.9512 0.50675
vt 0.95068 0.50761
vt 0.95016 0.50844
vt 0.951 0.50866
vt 0.95165 0.50784
vt 0.95174 0.50945
vt 0.95259 0.5089
vt 0.95232 0.51087
vt 0.95332 0.51064
vt 0.95344 0.50832
vt 0.9523 0.50704
vt 0.95407 0.51288
vt 0.95334 0.51278
vt 0.9542 0.51042
vt 0.95254 0.51276
vt 0.95222 0.51488
vt 0.95278 0.51512
vt 0.952 0.51802
vt 0.95164 0.51748
vt 0.95331 0.51541
vt 0.95126 0.51698
vt 0.94985 0.51887
vt 0.95007 0.51967
vt 0.94837 0.52261
vt 0.94826 0.52146
vt 0.95029 0.52048
vt 0.94815 0.52031
vt 0.94664 0.52126
vt 0.9467 0.52269
vt 0.94537 0.52478
vt 0.94539 0.52319
vt 0.94677 0.52413
vt 0.94541 0.5216
vt 0.9444 0.52134
vt 0.67828 0.62637
vt 0.71535 0.59176
vt 0.6482 0.67142
vt 0.64858 0.86607
vt 0.62881 0.79637
vt 0.69445 0.92154
vt 0.62787 0.72833
vt 0.75674 0.56951
vt 0.80179 0.56039
vt 0.75346 0.96083
vt 0.8193 0.96946
vt 0.89692 0.59101
vt 0.84942 0.56751
vt 0.87844 0.95265
vt 0.92528 0.91981
vt 0.97052 0.68032
vt 0.93985 0.62876
vt 0.96214 0.87023
vt 0.97863 0.80651
vt 0.98335 0.74175
vt 0.94743 0.50919
vt 0.94852 0.50852
vt 0.94616 0.51022
vt 0.94285 0.51599
vt 0.94373 0.51377
vt 0.94248 0.51808
vt 0.94487 0.51178
vt 0.94946 0.50827
vt 0.95028 0.50851
vt 0.9427 0.51973
vt 0.94349 0.52069
vt 0.95099 0.50931
vt 0.95155 0.51069
vt 0.94463 0.52101
vt 0.94603 0.52065
vt 0.95179 0.51246
vt 0.95146 0.51443
vt 0.9476 0.51969
vt 0.94921 0.51827
vt 0.95053 0.51641
vt 0.95435 0.50733
vt 0.95506 0.51004
vt 0.95303 0.50566
vt 0.95469 0.51309
vt 0.95356 0.51619
vt 0.94574 0.50837
vt 0.94293 0.51116
vt 0.94112 0.51478
vt 0.94824 0.52502
vt 0.94604 0.52705
vt 0.95036 0.52221
vt 0.93992 0.52316
vt 0.94078 0.52598
vt 0.94224 0.52758
vt 0.94003 0.51916
vt 0.95038 0.50567
vt 0.94836 0.50665
vt 0.95179 0.50528
vt 0.95211 0.51919
vt 0.94408 0.528
vt 0.95514 0.50508
vt 0.95546 0.5088
vt 0.954 0.50305
vt 0.95495 0.51289
vt 0.95357 0.51672
vt 0.94039 0.5097
vt 0.94396 0.50593
vt 0.93749 0.51405
vt 0.94696 0.52715
vt 0.94374 0.52969
vt 0.94986 0.52392
vt 0.93626 0.52836
vt 0.93483 0.52499
vt 0.93852 0.53036
vt 0.93544 0.52033
vt 0.94723 0.50412
vt 0.94982 0.5033
vt 0.95203 0.50296
vt 0.95188 0.52041
vt 0.94103 0.53079
vt 0.95638 0.50719
vt 0.95626 0.50187
vt 0.95544 0.51228
vt 0.95378 0.51668
vt 0.87432 0.26053
vt 0.87457 0.25836
vt 0.87064 0.26251
vt 0.8752 0.26209
vt 0.87023 0.26013
vt 0.87418 0.27435
vt 0.87809 0.27538
vt 0.87528 0.28425
vt 0.87913 0.28419
vt 0.87645 0.26815
vt 0.87176 0.26763
vt 0.8792 0.27089
vt 0.8755 0.26539
vt 0.8931 0.28442
vt 0.89229 0.27133
vt 0.87995 0.28413
vt 0.87731 0.24216
vt 0.86977 0.24165
vt 0.86225 0.2194
vt 0.85558 0.21844
vt 0.84944 0.21084
vt 0.86243 0.23962
vt 0.8499 0.24023
vt 0.86319 0.26632
vt 0.86731 0.24451
vt 0.87621 0.26568
vt 0.88042 0.28345
vt 0.86672 0.28309
vt 0.8705 0.25429
vt 0.8639 0.25379
vt 0.87023 0.2705
vt 0.8648 0.27061
vt 0.87865 0.27023
vt 0.87985 0.25405
vt 0.89464 0.24323
vt 0.88582 0.24252
vt 0.88491 0.22156
vt 0.87478 0.2198
vt 0.85386 0.20519
vt 0.86804 0.20456
vt 0.85665 0.20958
vt 0.87098 0.21042
vt 0.8823 0.20853
vt 0.88503 0.21281
vt 0.86934 0.20718
vt 0.85535 0.2059
vt 0.87986 0.24633
vt 0.87282 0.22146
vt 0.85941 0.2185
vt 0.88583 0.22534
vt 0.89181 0.24822
vt 0.88674 0.26682
vt 0.89789 0.26988
vt 0.89043 0.28334
vt 0.90219 0.2832
vt 0.88727 0.26998
vt 0.88849 0.25381
vt 0.89786 0.26973
vt 0.897 0.25387
vt 0.89089 0.21431
vt 0.89057 0.21382
vt 0.88734 0.21147
vt 0.93583 0.24503
vt 0.94839 0.25973
vt 0.9405 0.24734
vt 0.95214 0.26124
vt 0.93589 0.2579
vt 0.92948 0.24694
vt 0.95514 0.27193
vt 0.95124 0.27169
vt 0.95611 0.28271
vt 0.9517 0.28245
vt 0.94153 0.28252
vt 0.93997 0.27103
vt 0.96374 0.26694
vt 0.95579 0.24817
vt 0.97143 0.26621
vt 0.96377 0.24671
vt 0.94855 0.23596
vt 0.95522 0.23484
vt 0.88611 0.25178
vt 0.88731 0.25714
vt 0.8964 0.24517
vt 0.90158 0.25351
vt 0.89394 0.23446
vt 0.89331 0.24163
vt 0.88488 0.25933
vt 0.89568 0.25629
vt 0.89852 0.27425
vt 0.88736 0.27512
vt 0.89722 0.26598
vt 0.88595 0.26722
vt 0.88829 0.28402
vt 0.89978 0.28379
vt 0.89356 0.22447
vt 0.90338 0.24426
vt 0.90983 0.24521
vt 0.90412 0.2264
vt 0.89845 0.23232
vt 0.90536 0.24229
vt 0.90847 0.23147
vt 0.9149 0.24109
vt 0.91212 0.2514
vt 0.92111 0.24982
vt 0.89411 0.22348
vt 0.9051 0.22363
vt 0.89221 0.22471
vt 0.89163 0.22378
vt 0.89478 0.21773
vt 0.90403 0.21882
vt 0.91675 0.25919
vt 0.90529 0.26092
vt 0.92568 0.25754
vt 0.91931 0.27026
vt 0.9276 0.2699
vt 0.90917 0.27037
vt 0.92302 0.23173
vt 0.93145 0.23649
vt 0.92223 0.24825
vt 0.92747 0.25071
vt 0.93147 0.253
vt 0.93913 0.24372
vt 0.94139 0.23676
vt 0.94177 0.24318
vt 0.95303 0.24262
vt 0.95118 0.24757
vt 0.94344 0.24996
vt 0.94972 0.25141
vt 0.93552 0.24909
vt 0.93227 0.2414
vt 0.93014 0.2344
vt 0.92945 0.22839
vt 0.94215 0.23085
vt 0.92937 0.22443
vt 0.94279 0.22702
vt 0.95485 0.23791
vt 0.92286 0.25653
vt 0.92795 0.2581
vt 0.92517 0.26964
vt 0.92978 0.27026
vt 0.93313 0.25907
vt 0.93543 0.2709
vt 0.9457 0.2574
vt 0.93809 0.25687
vt 0.95302 0.25787
vt 0.94871 0.26947
vt 0.95758 0.26968
vt 0.94081 0.26945
vt 0.94495 0.2539
vt 0.95021 0.26928
vt 0.95796 0.25642
vt 0.96466 0.26945
vt 0.96131 0.25371
vt 0.96896 0.26821
vt 0.90289 0.24999
vt 0.89775 0.22885
vt 0.9086 0.23183
vt 0.91273 0.2522
vt 0.89485 0.22181
vt 0.90624 0.2269
vt 0.89712 0.22423
vt 0.90861 0.22874
vt 0.90308 0.24236
vt 0.90681 0.2561
vt 0.91949 0.26461
vt 0.90831 0.26531
vt 0.91724 0.25513
vt 0.90745 0.26902
vt 0.91649 0.26904
vt 0.91153 0.28304
vt 0.91959 0.2829
vt 0.90942 0.2734
vt 0.91148 0.28336
vt 0.92057 0.27304
vt 0.92216 0.28322
vt 0.92211 0.25504
vt 0.92006 0.23886
vt 0.92105 0.23447
vt 0.92378 0.23538
vt 0.93489 0.26375
vt 0.92937 0.25398
vt 0.92799 0.28274
vt 0.92516 0.26961
vt 0.93739 0.27295
vt 0.93852 0.28318
vt 0.90563 0.25451
vt 0.91216 0.25465
vt 0.9069 0.26965
vt 0.91562 0.2693
vt 0.93426 0.26958
vt 0.93199 0.25686
vt 0.92851 0.24901
vt 0.92851 0.22321
vt 0.91713 0.22041
vt 0.91672 0.22077
vt 0.9041 0.21797
vt 0.91409 0.22839
vt 0.91636 0.24644
vt 0.91862 0.23227
vt 0.92349 0.24078
vt 0.93825 0.22777
vt 0.89282 0.21632
vt 0.84454 0.20603
vt 0.87432 0.21226
vt 0.86479 0.28593
vt 0.87058 0.2864
vt 0.87738 0.28574
vt 0.88792 0.28553
vt 0.89882 0.28531
vt 0.90867 0.28512
vt 0.91742 0.28496
vt 0.92122 0.26922
vt 0.92291 0.28491
vt 0.92667 0.28491
vt 0.93076 0.28493
vt 0.93639 0.28496
vt 0.95284 0.28494
vt 0.96787 0.28472
vt 0.97159 0.26672
vt 0.97656 0.28434
vt 0.97616 0.2845
vt 0.97369 0.28422
vt 0.96803 0.28417
vt 0.96003 0.28415
vt 0.95078 0.28414
vt 0.94249 0.28412
vt 0.93618 0.28412
vt 0.92981 0.28416
vt 0.92097 0.28422
vt 0.91011 0.28429
vt 0.95294 0.2722
vt 0.95002 0.26215
vt 0.95398 0.28288
vt 0.90091 0.22962
vt 0.88964 0.2171
vt 0.91207 0.23408
vt 0.91356 0.24374
vt 0.92523 0.23976
vt 0.92311 0.24551
vt 0.91679 0.22501
vt 0.94037 0.24984
vt 0.96357 0.25014
vt 0.88808 0.26422
vt 0.91812 0.25499
vt 0.95397 0.51439
vt 0.95548 0.51306
vt 0.95427 0.5129
vt 0.95551 0.51163
vt 0.95656 0.51015
vt 0.95753 0.50624
vt 0.9574 0.5001
vt 0.95754 0.50583
vt 0.95732 0.4989
vt 0.95668 0.4969
vt 0.95643 0.49279
vt 0.95592 0.48933
vt 0.95641 0.49294
vt 0.9556 0.48979
vt 0.95403 0.48369
vt 0.9553 0.48479
vt 0.95225 0.48053
vt 0.84413 0.20926
vt 0.84495 0.22129
vt 0.95534 0.4862
vt 0.95554 0.48615
vt 0.95488 0.48532
vt 0.95669 0.50895
vt 0.95675 0.49569
vt 0.95504 0.48739
vt 0.88677 0.21631
vt 0.87299 0.21572
vt 0.87785 0.50518
vt 0.87765 0.50058
vt 0.87737 0.50451
vt 0.87741 0.50024
vt 0.87697 0.50344
vt 0.87722 0.4997
vt 0.87668 0.50202
vt 0.87706 0.49899
vt 0.8765 0.50033
vt 0.87698 0.49814
vt 0.87645 0.49844
vt 0.87696 0.49719
vt 0.87652 0.49644
vt 0.87701 0.49619
vt 0.87673 0.49442
vt 0.87712 0.49517
vt 0.87728 0.4942
vt 0.87705 0.49249
vt 0.8775 0.49332
vt 0.87748 0.49073
vt 0.878 0.4892
vt 0.87777 0.49255
vt 0.87872 0.48781
vt 0.87814 0.49188
vt 0.87923 0.48742
vt 0.8784 0.49172
vt 0.87864 0.50969
vt 0.87793 0.50869
vt 0.87735 0.5071
vt 0.87691 0.50501
vt 0.87665 0.5025
vt 0.87656 0.49969
vt 0.87667 0.49673
vt 0.87696 0.49373
vt 0.87742 0.49086
vt 0.87805 0.48825
vt 0.8788 0.48599
vt 0.87989 0.48389
vt 0.88065 0.48325
vt 0.88 0.51404
vt 0.87907 0.51273
vt 0.87831 0.51065
vt 0.87774 0.5079
vt 0.87739 0.50462
vt 0.87728 0.50094
vt 0.87742 0.49705
vt 0.87779 0.49313
vt 0.87839 0.48936
vt 0.87921 0.48595
vt 0.8802 0.48299
vt 0.88162 0.48031
vt 0.88264 0.4794
vt 0.88191 0.51817
vt 0.88077 0.51657
vt 0.87984 0.51403
vt 0.87914 0.51067
vt 0.87871 0.50665
vt 0.87858 0.50217
vt 0.87875 0.49741
vt 0.87921 0.49262
vt 0.87995 0.48802
vt 0.881 0.4839
vt 0.88231 0.48037
vt 0.88391 0.47731
vt 0.88513 0.47593
vt 0.88434 0.52203
vt 0.88301 0.52016
vt 0.88191 0.51719
vt 0.8811 0.51328
vt 0.8806 0.50859
vt 0.88045 0.50334
vt 0.88065 0.49779
vt 0.88118 0.4922
vt 0.88206 0.48684
vt 0.88326 0.48202
vt 0.88477 0.47787
vt 0.88683 0.47433
vt 0.88812 0.47238
vt 0.88724 0.52555
vt 0.88575 0.52344
vt 0.88451 0.5201
vt 0.88359 0.51567
vt 0.88303 0.51038
vt 0.88286 0.50446
vt 0.88308 0.4982
vt 0.88368 0.49188
vt 0.88466 0.48582
vt 0.88598 0.48033
vt 0.88777 0.47564
vt 0.88896 0.4721
vt 0.89059 0.52869
vt 0.88895 0.52637
vt 0.88759 0.52269
vt 0.88658 0.51783
vt 0.88596 0.51201
vt 0.88577 0.5055
vt 0.88601 0.49862
vt 0.88668 0.49167
vt 0.88773 0.48499
vt 0.88916 0.47895
vt 0.891 0.47412
vt 0.89433 0.5314
vt 0.89257 0.5289
vt 0.8911 0.52495
vt 0.89001 0.51971
vt 0.88935 0.51345
vt 0.88915 0.50645
vt 0.88941 0.49904
vt 0.89012 0.49157
vt 0.89126 0.48438
vt 0.89281 0.47798
vt 0.89469 0.47336
vt 0.89841 0.53364
vt 0.89654 0.531
vt 0.895 0.52683
vt 0.89385 0.5213
vt 0.89315 0.51469
vt 0.89293 0.5073
vt 0.89321 0.49947
vt 0.89397 0.49158
vt 0.89516 0.48399
vt 0.89686 0.47739
vt 0.89886 0.47308
vt 0.90277 0.53538
vt 0.90083 0.53264
vt 0.89922 0.5283
vt 0.89803 0.52256
vt 0.89731 0.51569
vt 0.89708 0.50802
vt 0.89737 0.49989
vt 0.89815 0.4917
vt 0.8994 0.48382
vt 0.90145 0.47707
vt 0.90382 0.47298
vt 0.9097 0.53692
vt 0.90771 0.53411
vt 0.90606 0.52965
vt 0.90484 0.52377
vt 0.90409 0.51672
vt 0.90386 0.50884
vt 0.90415 0.50051
vt 0.90496 0.4921
vt 0.90624 0.48401
vt 0.90801 0.47713
vt 0.91003 0.4732
vt 0.91685 0.53736
vt 0.91487 0.53456
vt 0.91323 0.53012
vt 0.91416 0.52447
vt 0.91316 0.5182
vt 0.91344 0.51134
vt 0.91133 0.50108
vt 0.91213 0.4927
vt 0.91341 0.48465
vt 0.91513 0.47783
vt 0.91699 0.47362
vt 0.92166 0.53691
vt 0.91972 0.53417
vt 0.91917 0.52928
vt 0.91717 0.5053
vt 0.91984 0.49641
vt 0.9209 0.48623
vt 0.92238 0.47923
vt 0.92426 0.47461
vt 0.92641 0.53591
vt 0.92483 0.53224
vt 0.93102 0.53438
vt 0.92969 0.53188
vt 0.92797 0.48772
vt 0.9276 0.49589
vt 0.92937 0.48073
vt 0.93192 0.47517
vt 0.93543 0.53233
vt 0.93439 0.53038
vt 0.93323 0.48898
vt 0.93276 0.49607
vt 0.93474 0.48216
vt 0.9376 0.47689
vt 0.93959 0.5298
vt 0.93885 0.5278
vt 0.93773 0.49025
vt 0.93696 0.49652
vt 0.93922 0.48412
vt 0.94242 0.47938
vt 0.94342 0.52682
vt 0.94272 0.52459
vt 0.94233 0.49143
vt 0.94207 0.49701
vt 0.9436 0.48751
vt 0.94693 0.48276
vt 0.94534 0.47681
vt 0.94976 0.48098
vt 0.94065 0.47378
vt 0.94756 0.5214
vt 0.9466 0.52028
vt 0.94952 0.51793
vt 0.95132 0.5149
vt 0.69942 0.80925
vt 0.71011 0.86004
vt 0.76747 0.81472
vt 0.76992 0.8588
vt 0.66969 0.86051
vt 0.65188 0.80111
vt 0.73229 0.90298
vt 0.70645 0.91148
vt 0.77629 0.89568
vt 0.70879 0.70778
vt 0.69933 0.75706
vt 0.7726 0.72195
vt 0.76885 0.76777
vt 0.65043 0.74051
vt 0.66489 0.68639
vt 0.74711 0.6305
vt 0.72575 0.66487
vt 0.78169 0.64616
vt 0.77729 0.6804
vt 0.69223 0.64265
vt 0.72532 0.60913
vt 0.77036 0.60769
vt 0.78207 0.62298
vt 0.80056 0.5994
vt 0.80056 0.61467
vt 0.76123 0.58731
vt 0.80093 0.57907
vt 0.8614 0.63022
vt 0.8843 0.60923
vt 0.83319 0.60748
vt 0.84314 0.58672
vt 0.8212 0.62272
vt 0.82665 0.64596
vt 0.88491 0.6659
vt 0.83507 0.68042
vt 0.90123 0.71045
vt 0.84087 0.7223
vt 0.94596 0.69353
vt 0.9203 0.64559
vt 0.90821 0.76054
vt 0.84247 0.76842
vt 0.90504 0.81283
vt 0.84021 0.81545
vt 0.95295 0.80922
vt 0.95749 0.74959
vt 0.89371 0.86146
vt 0.83619 0.85918
vt 0.8762 0.90199
vt 0.83254 0.89532
vt 0.90466 0.90974
vt 0.93421 0.86446
vt 0.85048 0.92931
vt 0.83283 0.91963
vt 0.81088 0.94021
vt 0.80827 0.92905
vt 0.81549 0.95581
vt 0.86573 0.94028
vt 0.76716 0.93134
vt 0.78107 0.92057
vt 0.75769 0.9477
vt 0.92689 0.51291
vt 0.92785 0.51284
vt 0.92838 0.51011
vt 0.92918 0.51043
vt 0.93141 0.50923
vt 0.93082 0.50864
vt 0.92998 0.51075
vt 0.93053 0.52336
vt 0.93089 0.52182
vt 0.92835 0.52198
vt 0.92896 0.52061
vt 0.92844 0.51747
vt 0.9276 0.51852
vt 0.92958 0.51923
vt 0.92675 0.51957
vt 0.92618 0.51626
vt 0.9272 0.51571
vt 0.92882 0.51278
vt 0.92821 0.51516
vt 0.93237 0.50668
vt 0.93024 0.50805
vt 0.93266 0.50744
vt 0.93452 0.50754
vt 0.93451 0.50671
vt 0.93294 0.5082
vt 0.9345 0.50588
vt 0.93657 0.50559
vt 0.93632 0.50646
vt 0.93607 0.50732
vt 0.93755 0.50758
vt 0.93807 0.50675
vt 0.9389 0.50842
vt 0.94004 0.50988
vt 0.93977 0.50788
vt 0.94109 0.50973
vt 0.94071 0.50731
vt 0.93859 0.50593
vt 0.94291 0.512
vt 0.94227 0.50949
vt 0.94175 0.51189
vt 0.94077 0.51182
vt 0.94087 0.51398
vt 0.94172 0.51424
vt 0.9417 0.51715
vt 0.94267 0.51459
vt 0.9409 0.51662
vt 0.9401 0.51609
vt 0.93867 0.51797
vt 0.93927 0.51881
vt 0.93755 0.52174
vt 0.93987 0.51964
vt 0.93715 0.52057
vt 0.93676 0.5194
vt 0.93485 0.52031
vt 0.93506 0.52176
vt 0.93293 0.52379
vt 0.93526 0.52321
vt 0.93299 0.5222
vt 0.93304 0.5206
vt 0.93125 0.52028
vt 0.71507 0.59271
vt 0.678 0.62732
vt 0.64792 0.67237
vt 0.62853 0.79732
vt 0.64899 0.86536
vt 0.69392 0.92227
vt 0.62759 0.72928
vt 0.80151 0.56134
vt 0.75646 0.57046
vt 0.75363 0.96132
vt 0.82018 0.96968
vt 0.89664 0.59197
vt 0.84914 0.56846
vt 0.87816 0.9536
vt 0.925 0.92076
vt 0.97024 0.68128
vt 0.93957 0.62972
vt 0.96186 0.87118
vt 0.97834 0.80746
vt 0.98306 0.7427
vt 0.93257 0.50801
vt 0.93416 0.50737
vt 0.93096 0.50901
vt 0.92784 0.51479
vt 0.92841 0.51254
vt 0.92811 0.51693
vt 0.92952 0.51055
vt 0.93567 0.50717
vt 0.93708 0.50744
vt 0.92909 0.51864
vt 0.93071 0.51967
vt 0.93835 0.5083
vt 0.9394 0.50972
vt 0.93255 0.52004
vt 0.93443 0.51972
vt 0.94008 0.51152
vt 0.94011 0.51352
vt 0.93634 0.51879
vt 0.93812 0.51738
vt 0.93941 0.51552
vt 0.94364 0.50897
vt 0.94194 0.50631
vt 0.93907 0.50453
vt 0.94388 0.51543
vt 0.94433 0.51217
vt 0.92794 0.50696
vt 0.92507 0.50972
vt 0.92323 0.51335
vt 0.93527 0.52619
vt 0.93823 0.52422
vt 0.94084 0.52145
vt 0.92348 0.52185
vt 0.92573 0.52478
vt 0.92879 0.5265
vt 0.9226 0.51776
vt 0.93396 0.50438
vt 0.93103 0.5053
vt 0.93653 0.50409
vt 0.94277 0.51841
vt 0.93212 0.52704
vt 0.94535 0.50757
vt 0.94309 0.50374
vt 0.9399 0.50202
vt 0.94612 0.51181
vt 0.94535 0.51601
vt 0.92529 0.50471
vt 0.92096 0.50815
vt 0.91838 0.51252
vt 0.93855 0.52648
vt 0.93454 0.52895
vt 0.94181 0.52328
vt 0.9217 0.5272
vt 0.9183 0.52367
vt 0.92596 0.52935
vt 0.91721 0.51887
vt 0.93308 0.50172
vt 0.92935 0.50251
vt 0.93645 0.50161
vt 0.9439 0.51988
vt 0.93031 0.52993
vt 0.94801 0.50561
vt 0.94487 0.49939
vt 0.94781 0.51606
vt 0.9491 0.51119
vt 0.87935 0.30987
vt 0.87583 0.30605
vt 0.87565 0.30814
vt 0.87901 0.30641
vt 0.87629 0.29414
vt 0.87898 0.29303
vt 0.87617 0.30109
vt 0.87981 0.3004
vt 0.8822 0.29745
vt 0.88025 0.30345
vt 0.89318 0.29769
vt 0.85918 0.35062
vt 0.87292 0.32733
vt 0.86582 0.34963
vt 0.88025 0.32649
vt 0.86571 0.33042
vt 0.85282 0.35921
vt 0.8771 0.30144
vt 0.86405 0.30109
vt 0.86926 0.32294
vt 0.85282 0.32782
vt 0.87268 0.31623
vt 0.86612 0.31719
vt 0.86566 0.30115
vt 0.8713 0.30156
vt 0.87952 0.30093
vt 0.882 0.3158
vt 0.8783 0.34897
vt 0.88848 0.32611
vt 0.88826 0.34741
vt 0.89705 0.32551
vt 0.85702 0.36394
vt 0.86038 0.36
vt 0.87201 0.3642
vt 0.87466 0.35869
vt 0.88863 0.3558
vt 0.8861 0.35963
vt 0.87291 0.36101
vt 0.85813 0.36229
vt 0.88171 0.32082
vt 0.8759 0.34608
vt 0.86242 0.3493
vt 0.89356 0.31864
vt 0.88871 0.34197
vt 0.88756 0.30004
vt 0.89855 0.29674
vt 0.88815 0.30067
vt 0.89872 0.30028
vt 0.89048 0.31569
vt 0.89883 0.31539
vt 0.89438 0.35379
vt 0.89407 0.35413
vt 0.89092 0.35625
vt 0.9529 0.30427
vt 0.94952 0.30553
vt 0.94217 0.31834
vt 0.9377 0.32086
vt 0.93712 0.30759
vt 0.93126 0.3189
vt 0.95573 0.29353
vt 0.95177 0.2933
vt 0.94054 0.29418
vt 0.96462 0.30244
vt 0.97234 0.3027
vt 0.95759 0.321
vt 0.96563 0.32196
vt 0.95766 0.33335
vt 0.95095 0.33276
vt 0.90439 0.31456
vt 0.88789 0.31234
vt 0.89768 0.32331
vt 0.88894 0.31624
vt 0.87864 0.30813
vt 0.89571 0.32606
vt 0.89626 0.33354
vt 0.88765 0.30891
vt 0.89696 0.31197
vt 0.89796 0.30193
vt 0.8877 0.30103
vt 0.89888 0.29329
vt 0.88788 0.29293
vt 0.89673 0.34447
vt 0.90557 0.32469
vt 0.90699 0.34249
vt 0.91179 0.32425
vt 0.90091 0.3356
vt 0.91104 0.3363
vt 0.90705 0.32597
vt 0.91714 0.32667
vt 0.92329 0.31808
vt 0.91518 0.31603
vt 0.90809 0.34419
vt 0.8971 0.34454
vt 0.89514 0.34314
vt 0.89461 0.34415
vt 0.89811 0.35044
vt 0.90726 0.34918
vt 0.90787 0.30837
vt 0.9184 0.3096
vt 0.92705 0.31082
vt 0.9283 0.29844
vt 0.92 0.29818
vt 0.90993 0.29824
vt 0.92916 0.31887
vt 0.93383 0.33257
vt 0.92404 0.32125
vt 0.92563 0.33719
vt 0.94116 0.32555
vt 0.93305 0.31666
vt 0.94373 0.33097
vt 0.95508 0.32527
vt 0.94379 0.32463
vt 0.95298 0.32036
vt 0.95133 0.31657
vt 0.94513 0.31796
vt 0.93725 0.3188
vt 0.93437 0.32636
vt 0.93258 0.33327
vt 0.93219 0.3393
vt 0.93232 0.34342
vt 0.94478 0.33689
vt 0.94561 0.34089
vt 0.95713 0.33006
vt 0.92426 0.31326
vt 0.92592 0.30016
vt 0.92928 0.31172
vt 0.9305 0.29958
vt 0.93613 0.29897
vt 0.93441 0.31077
vt 0.93944 0.3114
vt 0.94703 0.31085
vt 0.95432 0.31033
vt 0.95829 0.2986
vt 0.94944 0.29882
vt 0.94153 0.29883
vt 0.94648 0.3157
vt 0.95098 0.30051
vt 0.96975 0.30016
vt 0.96539 0.29881
vt 0.96281 0.31448
vt 0.95933 0.31174
vt 0.90454 0.3166
vt 0.90045 0.33816
vt 0.91427 0.31409
vt 0.91115 0.33482
vt 0.91083 0.33848
vt 0.90904 0.34021
vt 0.90004 0.34337
vt 0.89792 0.3457
vt 0.90508 0.32483
vt 0.90771 0.31184
vt 0.90905 0.30192
vt 0.91875 0.31151
vt 0.92024 0.30185
vt 0.90816 0.29733
vt 0.91718 0.29703
vt 0.90993 0.29344
vt 0.92041 0.29344
vt 0.9235 0.31088
vt 0.92225 0.32738
vt 0.92347 0.33208
vt 0.92592 0.33126
vt 0.93058 0.31215
vt 0.93497 0.3025
vt 0.92582 0.29614
vt 0.93758 0.29342
vt 0.9164 0.30054
vt 0.91365 0.3151
vt 0.90771 0.3001
vt 0.90728 0.31478
vt 0.93498 0.29871
vt 0.93334 0.31141
vt 0.93031 0.3189
vt 0.93153 0.34505
vt 0.92028 0.34782
vt 0.91985 0.34707
vt 0.90738 0.3504
vt 0.91686 0.34047
vt 0.91826 0.32302
vt 0.92117 0.33535
vt 0.92558 0.32701
vt 0.94104 0.34069
vt 0.89626 0.35219
vt 0.84712 0.36309
vt 0.87792 0.35551
vt 0.92199 0.30055
vt 0.97246 0.30187
vt 0.95347 0.29358
vt 0.95083 0.30366
vt 0.89295 0.35076
vt 0.90326 0.33798
vt 0.9156 0.32297
vt 0.91417 0.33304
vt 0.92731 0.3267
vt 0.92504 0.3209
vt 0.9197 0.34266
vt 0.94187 0.316
vt 0.96525 0.31822
vt 0.88996 0.30615
vt 0.9196 0.31475
vt 0.95322 0.51126
vt 0.9527 0.5127
vt 0.95113 0.50884
vt 0.95087 0.50441
vt 0.94603 0.49781
vt 0.9504 0.50469
vt 0.94616 0.49879
vt 0.94411 0.49602
vt 0.94597 0.48909
vt 0.9455 0.48861
vt 0.94468 0.49218
vt 0.94429 0.49198
vt 0.95135 0.48426
vt 0.84589 0.35918
vt 0.84732 0.3467
vt 0.94839 0.48529
vt 0.95291 0.48594
vt 0.95201 0.50775
vt 0.94461 0.49477
vt 0.94856 0.48675
vt 0.89011 0.35133
vt 0.87636 0.35204
vt 0.88997 0.44897
vt 0.87853 0.49169
vt 0.87957 0.4873
vt 0.88119 0.48303
vt 0.88336 0.47906
vt 0.88597 0.47544
vt 0.82645 0.42742
vt 0.88976 0.47212
vt 0.88175 0.48296
vt 0.88405 0.47897
vt 0.88681 0.47543
vt 0.94283 0.47237
vt 0.87797 0.39766
vt 0.88352 0.39765
vt 0.87395 0.39766
vt 0.87083 0.39767
vt 0.86789 0.39767
vt 0.92548 0.39763
vt 0.91856 0.39764
vt 0.90947 0.39764
vt 0.9016 0.39765
vt 0.89103 0.39764
vt 0.92929 0.39764
vt 0.89481 0.39764
vt 0.93127 0.39766
vt 0.86549 0.39767
vt 0.93124 0.39766
vt 0.877 0.39766
vt 0.88253 0.39765
vt 0.8716 0.39767
vt 0.86866 0.39767
vt 0.86871 0.39767
vt 0.92585 0.39764
vt 0.91878 0.39766
vt 0.90961 0.39767
vt 0.90125 0.39767
vt 0.8905 0.39766
vt 0.92961 0.39764
vt 0.8941 0.39766
vt 0.86771 0.39767
vt 0.9001 0.39768
vt 0.4847 0.40254
vt 0.48306 0.46754
vt 0.02641 0.04184
vt 0.02721 0.11532
vt 0.02723 0.17626
vt 0.02704 0.24483
vt 0.02836 0.32768
vt 0.03551 0.44249
vt 0.03916 0.51728
vt 0.03955 0.56003
vt 0.48697 0.32045
vt 0.49603 0.23208
vt 0.49839 0.17152
vt 0.16693 0.93203
vt 0.08913 0.90146
vt 0.41284 0.95495
vt 0.28065 0.94225
vt 0.17226 0.58353
vt 0.0926 0.64369
vt 0.0486 0.71391
vt 0.03427 0.78377
vt 0.28897 0.53753
vt 0.0472 0.84903
vt 0.42957 0.51636
vt 0.5736 0.51499
vt 0.72033 0.53521
vt 0.54436 0.97507
vt 0.68292 0.98004
vt 0.41238 0.94896
vt 0.27495 0.94136
vt 0.15993 0.92619
vt 0.07861 0.8932
vt 0.04555 0.71211
vt 0.02976 0.77526
vt 0.17457 0.58993
vt 0.09387 0.64765
vt 0.28672 0.54223
vt 0.03968 0.83759
vt 0.4253 0.51753
vt 0.56802 0.51485
vt 0.71565 0.5367
vt 0.54356 0.96576
vt 0.68559 0.96739
usemtl mat0
f 1/1/1 2/2/2 3/3/3
f 3/3/3 2/2/2 4/4/4
f 2/2/2 1/1/1 5/5/5
f 5/5/5 1/1/1 6/6/6
f 7/7/7 8/8/8 6/6/6
f 6/6/6 8/8/8 5/5/5
f 8/8/8 7/7/7 9/9/9
f 9/9/9 7/7/7 10/10/10
f 11/11/11 12/12/12 13/13/13
f 13/13/13 12/12/12 14/14/14
f 12/12/12 11/11/11 15/15/15
f 15/15/15 11/11/11 16/16/16
f 17/17/17 1/1/1 18/18/18
f 18/18/18 1/1/1 3/3/3
f 1/1/1 17/17/17 6/6/6
f 6/6/6 17/17/17 19/19/19
f 17/17/17 20/20/20 19/19/19
f 19/19/19 20/20/20 21/21/21
f 20/20/20 17/17/17 22/22/22
f 22/22/22 17/17/17 18/18/18
f 23/23/23 7/7/7 19/19/19
f 19/19/19 7/7/7 6/6/6
f 7/7/7 23/23/23 10/10/10
f 10/10/10 23/23/23 24/24/24
f 23/23/23 25/25/25 24/24/24
f 24/24/24 25/25/25 26/26/26
f 25/25/25 23/23/23 21/21/21
f 21/21/21 23/23/23 19/19/19
f 27/27/27 12/12/12 28/28/28
f 28/28/28 12/12/12 15/15/15
f 12/12/12 27/27/27 14/14/14
f 14/14/14 27/27/27 29/29/29
f 30/30/30 31/31/31 32/32/32
f 32/32/32 31/31/31 33/33/33
f 31/31/31 30/30/30 14/14/14
f 14/14/14 30/30/30 13/13/13
f 34/34/34 20/20/20 35/35/35
f 35/35/35 20/20/20 22/22/22
f 20/20/20 34/34/34 21/21/21
f 21/21/21 34/34/34 36/36/36
f 34/34/34 37/37/37 36/36/36
f 36/36/36 37/37/37 38/38/38
f 37/37/37 34/34/34 39/39/39
f 39/39/39 34/34/34 35/35/35
f 40/40/40 31/31/31 29/29/29
f 29/29/29 31/31/31 14/14/14
f 31/31/31 40/40/40 33/33/33
f 33/33/33 40/40/40 41/41/41
f 42/42/42 43/43/43 33/33/33
f 33/33/33 43/43/43 32/32/32
f 43/43/43 42/42/42 44/44/44
f 44/44/44 42/42/42 45/45/45
f 46/46/46 42/42/42 41/41/41
f 41/41/41 42/42/42 33/33/33
f 42/42/42 46/46/46 45/45/45
f 45/45/45 46/46/46 47/47/47
f 48/48/48 49/49/49 50/50/50
f 50/50/50 49/49/49 51/51/51
f 51/51/51 49/49/49 45/45/45
f 45/45/45 49/49/49 44/44/44
f 52/52/52 51/51/51 47/47/47
f 47/47/47 51/51/51 45/45/45
f 52/52/52 53/53/53 51/51/51
f 51/51/51 53/53/53 50/50/50
f 54/54/54 55/55/55 56/56/56
f 56/56/56 55/55/55 57/57/57
f 55/55/55 48/48/48 57/57/57
f 57/57/57 48/48/48 50/50/50
f 53/53/53 58/58/58 50/50/50
f 50/50/50 58/58/58 57/57/57
f 58/58/58 59/59/59 57/57/57
f 57/57/57 59/59/59 56/56/56
f 60/60/60 61/61/61 62/62/62
f 62/62/62 61/61/61 63/63/63
f 61/61/61 54/54/54 63/63/63
f 63/63/63 54/54/54 56/56/56
f 59/59/59 64/64/64 56/56/56
f 56/56/56 64/64/64 63/63/63
f 64/64/64 65/65/65 63/63/63
f 63/63/63 65/65/65 62/62/62
f 66/66/66 67/67/67 68/68/68
f 68/68/68 67/67/67 69/69/69
f 68/68/68 69/69/69 70/70/70
f 70/70/70 69/69/69 71/71/71
f 69/69/69 72/72/72 71/71/71
f 71/71/71 72/72/72 73/73/73
f 72/72/72 69/69/69 74/74/74
f 74/74/74 69/69/69 67/67/67
f 75/75/75 76/76/76 77/77/77
f 77/77/77 76/76/76 78/78/78
f 76/76/76 75/75/75 79/79/79
f 79/79/79 75/75/75 80/80/80
f 75/75/75 68/68/68 80/80/80
f 80/80/80 68/68/68 70/70/70
f 68/68/68 75/75/75 66/66/66
f 66/66/66 75/75/75 77/77/77
f 80/80/80 81/81/81 79/79/79
f 79/79/79 81/81/81 82/82/82
f 80/80/80 70/70/70 81/81/81
f 81/81/81 70/70/70 83/83/83
f 84/84/84 85/85/85 86/86/86
f 86/86/86 85/85/85 87/87/87
f 88/88/87 89/89/85 90/90/88
f 90/90/88 89/89/85 91/91/89
f 89/89/85 92/92/90 91/91/89
f 91/91/89 92/92/90 93/93/91
f 85/85/85 84/84/84 94/94/90
f 94/94/90 84/84/84 95/95/92
f 96/96/93 97/97/94 98/98/95
f 98/98/95 97/97/94 99/99/96
f 97/97/94 84/84/84 99/99/96
f 99/99/96 84/84/84 86/86/86
f 84/84/84 97/97/94 95/95/92
f 95/95/92 97/97/94 100/100/97
f 97/97/94 96/96/93 100/100/97
f 100/100/97 96/96/93 101/101/98
f 102/102/99 103/103/100 101/101/98
f 101/101/98 103/103/100 100/100/97
f 103/103/100 104/104/101 100/100/97
f 100/100/97 104/104/101 95/95/92
f 104/104/101 103/103/100 105/105/102
f 105/105/102 103/103/100 106/106/103
f 103/103/100 102/102/99 106/106/103
f 106/106/103 102/102/99 107/107/104
f 108/108/105 109/109/106 110/110/107
f 110/110/107 109/109/106 111/111/108
f 111/111/108 109/109/106 112/112/109
f 112/112/109 109/109/106 113/113/110
f 109/109/106 102/102/99 113/113/110
f 113/113/110 102/102/99 101/101/98
f 109/109/106 108/108/105 102/102/99
f 102/102/99 108/108/105 107/107/104
f 114/114/111 25/25/25 36/36/36
f 36/36/36 25/25/25 21/21/21
f 25/25/25 114/114/111 26/26/26
f 26/26/26 114/114/111 115/115/112
f 114/114/111 116/116/113 115/115/112
f 115/115/112 116/116/113 117/117/114
f 116/116/113 114/114/111 38/38/38
f 38/38/38 114/114/111 36/36/36
f 118/118/115 119/119/116 120/120/117
f 120/120/117 119/119/116 121/121/118
f 119/119/116 122/122/119 121/121/118
f 121/121/118 122/122/119 123/123/120
f 37/37/37 124/124/121 38/38/38
f 38/38/38 124/124/121 125/125/122
f 124/124/121 126/126/105 125/125/122
f 125/125/122 126/126/105 127/127/107
f 126/126/105 124/124/121 128/128/104
f 128/128/104 124/124/121 129/129/123
f 124/124/121 37/37/37 129/129/123
f 129/129/123 37/37/37 39/39/39
f 116/116/113 130/130/124 117/117/114
f 117/117/114 130/130/124 131/131/125
f 130/130/124 132/132/126 131/131/125
f 131/131/125 132/132/126 133/133/127
f 132/132/126 130/130/124 127/127/107
f 127/127/107 130/130/124 125/125/122
f 130/130/124 116/116/113 125/125/122
f 125/125/122 116/116/113 38/38/38
f 134/134/128 135/135/129 136/136/130
f 136/136/130 135/135/129 137/137/131
f 122/122/119 134/134/128 123/123/120
f 123/123/120 134/134/128 136/136/130
f 138/138/132 139/139/133 140/140/134
f 140/140/134 139/139/133 141/141/135
f 142/142/136 143/143/137 78/78/78
f 78/78/78 143/143/137 77/77/77
f 143/143/137 144/144/138 77/77/77
f 77/77/77 144/144/138 66/66/66
f 145/145/138 146/146/137 147/147/139
f 147/147/139 146/146/137 148/148/140
f 146/146/137 149/149/136 148/148/140
f 148/148/140 149/149/136 150/150/141
f 151/151/142 152/152/143 153/153/144
f 153/153/144 152/152/143 154/154/145
f 152/152/143 60/60/60 154/154/145
f 154/154/145 60/60/60 62/62/62
f 155/155/146 156/156/147 74/74/74
f 74/74/74 156/156/147 72/72/72
f 156/156/147 157/157/148 72/72/72
f 72/72/72 157/157/148 73/73/73
f 157/157/148 156/156/147 151/151/142
f 151/151/142 156/156/147 152/152/143
f 156/156/147 155/155/146 152/152/143
f 152/152/143 155/155/146 60/60/60
f 65/65/65 158/158/149 62/62/62
f 62/62/62 158/158/149 154/154/145
f 158/158/149 159/159/150 154/154/145
f 154/154/145 159/159/150 153/153/144
f 160/160/151 83/83/83 71/71/71
f 71/71/71 83/83/83 70/70/70
f 71/71/71 73/73/73 160/160/151
f 160/160/151 73/73/73 161/161/152
f 162/162/153 163/163/154 93/93/91
f 93/93/91 163/163/154 91/91/89
f 163/163/154 164/164/155 91/91/89
f 91/91/89 164/164/155 90/90/88
f 164/164/155 163/163/154 150/150/141
f 150/150/141 163/163/154 148/148/140
f 163/163/154 162/162/153 148/148/140
f 148/148/140 162/162/153 147/147/139
f 165/165/126 166/166/156 167/167/127
f 167/167/127 166/166/156 168/168/157
f 166/166/156 169/169/158 168/168/157
f 168/168/157 169/169/158 170/170/159
f 169/169/158 166/166/156 112/112/109
f 112/112/109 166/166/156 111/111/108
f 166/166/156 165/165/126 111/111/108
f 111/111/108 165/165/126 110/110/107
f 171/171/160 172/172/161 162/162/153
f 162/162/153 172/172/161 147/147/139
f 173/173/161 174/174/160 105/105/102
f 105/105/102 174/174/160 104/104/101
f 174/174/160 94/94/90 104/104/101
f 104/104/101 94/94/90 95/95/92
f 92/92/90 171/171/160 93/93/91
f 93/93/91 171/171/160 162/162/153
f 113/113/110 175/175/162 112/112/109
f 112/112/109 175/175/162 169/169/158
f 169/169/158 175/175/162 170/170/159
f 170/170/159 175/175/162 176/176/163
f 175/175/162 96/96/93 176/176/163
f 176/176/163 96/96/93 98/98/95
f 96/96/93 175/175/162 101/101/98
f 101/101/98 175/175/162 113/113/110
f 159/159/150 177/177/164 153/153/144
f 153/153/144 177/177/164 178/178/165
f 177/177/164 179/179/166 178/178/165
f 178/178/165 179/179/166 180/180/167
f 181/181/168 182/182/169 183/183/170
f 183/183/170 182/182/169 161/161/152
f 182/182/169 181/181/168 184/184/171
f 184/184/171 181/181/168 185/185/172
f 181/181/168 186/186/173 185/185/172
f 185/185/172 186/186/173 187/187/174
f 186/186/173 181/181/168 151/151/142
f 151/151/142 181/181/168 183/183/170
f 187/187/174 186/186/173 180/180/167
f 180/180/167 186/186/173 178/178/165
f 178/178/165 186/186/173 153/153/144
f 153/153/144 186/186/173 151/151/142
f 182/182/169 188/188/175 161/161/152
f 161/161/152 188/188/175 160/160/151
f 188/188/175 189/189/176 160/160/151
f 160/160/151 189/189/176 83/83/83
f 189/189/176 188/188/175 190/190/177
f 190/190/177 188/188/175 191/191/178
f 188/188/175 182/182/169 191/191/178
f 191/191/178 182/182/169 184/184/171
f 192/192/179 193/193/180 16/16/16
f 16/16/16 193/193/180 15/15/15
f 194/194/181 195/195/182 196/196/183
f 196/196/183 195/195/182 197/197/184
f 195/195/182 192/192/179 197/197/184
f 197/197/184 192/192/179 16/16/16
f 198/198/185 199/199/186 4/4/4
f 4/4/4 199/199/186 3/3/3
f 193/193/180 200/200/187 15/15/15
f 15/15/15 200/200/187 28/28/28
f 201/201/188 202/202/189 197/197/184
f 197/197/184 202/202/189 196/196/183
f 202/202/189 201/201/188 203/203/190
f 203/203/190 201/201/188 204/204/191
f 201/201/188 11/11/11 204/204/191
f 204/204/191 11/11/11 13/13/13
f 11/11/11 201/201/188 16/16/16
f 16/16/16 201/201/188 197/197/184
f 199/199/186 205/205/192 3/3/3
f 3/3/3 205/205/192 18/18/18
f 205/205/192 206/206/193 18/18/18
f 18/18/18 206/206/193 22/22/22
f 207/207/194 208/208/195 209/209/196
f 209/209/196 208/208/195 210/210/197
f 208/208/195 211/211/198 210/210/197
f 210/210/197 211/211/198 212/212/199
f 213/213/195 214/214/200 215/215/198
f 215/215/198 214/214/200 216/216/201
f 214/214/200 213/213/195 217/217/202
f 217/217/202 213/213/195 218/218/194
f 211/211/198 219/219/203 212/212/199
f 212/212/199 219/219/203 220/220/204
f 220/220/204 219/219/203 221/221/205
f 221/221/205 219/219/203 222/222/206
f 223/223/206 224/224/203 225/225/207
f 225/225/207 224/224/203 226/226/208
f 224/224/203 215/215/198 226/226/208
f 226/226/208 215/215/198 216/216/201
f 227/227/209 228/228/210 222/222/206
f 222/222/206 228/228/210 221/221/205
f 228/228/210 227/227/209 229/229/211
f 229/229/211 227/227/209 230/230/212
f 231/231/212 232/232/209 233/233/213
f 233/233/213 232/232/209 234/234/214
f 232/232/209 223/223/206 234/234/214
f 234/234/214 223/223/206 225/225/207
f 235/235/215 155/155/146 236/236/216
f 236/236/216 155/155/146 74/74/74
f 155/155/146 235/235/215 60/60/60
f 60/60/60 235/235/215 61/61/61
f 235/235/215 237/237/217 61/61/61
f 61/61/61 237/237/217 54/54/54
f 157/157/148 183/183/170 73/73/73
f 73/73/73 183/183/170 161/161/152
f 183/183/170 157/157/148 151/151/142
f 237/237/217 238/238/218 54/54/54
f 54/54/54 238/238/218 55/55/55
f 238/238/218 239/239/219 55/55/55
f 55/55/55 239/239/219 48/48/48
f 239/239/219 240/240/220 48/48/48
f 48/48/48 240/240/220 49/49/49
f 49/49/49 240/240/220 44/44/44
f 44/44/44 240/240/220 241/241/221
f 242/242/222 43/43/43 241/241/221
f 241/241/221 43/43/43 44/44/44
f 43/43/43 242/242/222 32/32/32
f 32/32/32 242/242/222 243/243/223
f 244/244/224 245/245/225 204/204/191
f 204/204/191 245/245/225 203/203/190
f 244/244/224 30/30/30 243/243/223
f 243/243/223 30/30/30 32/32/32
f 30/30/30 244/244/224 13/13/13
f 13/13/13 244/244/224 204/204/191
f 206/206/193 246/246/226 22/22/22
f 22/22/22 246/246/226 35/35/35
f 246/246/226 247/247/227 35/35/35
f 35/35/35 247/247/227 39/39/39
f 247/247/227 248/248/228 39/39/39
f 39/39/39 248/248/228 129/129/123
f 248/248/228 249/249/229 129/129/123
f 129/129/123 249/249/229 128/128/104
f 250/250/230 251/251/231 252/252/103
f 252/252/103 251/251/231 253/253/102
f 249/249/229 250/250/230 128/128/104
f 128/128/104 250/250/230 252/252/103
f 254/254/232 255/255/161 251/251/231
f 251/251/231 255/255/161 253/253/102
f 255/255/161 254/254/232 256/256/139
f 256/256/139 254/254/232 138/138/132
f 257/257/233 258/258/234 135/135/129
f 135/135/129 258/258/234 137/137/131
f 259/259/235 260/260/236 257/257/233
f 257/257/233 260/260/236 258/258/234
f 140/140/134 144/144/138 138/138/132
f 138/138/132 144/144/138 256/256/139
f 261/261/237 67/67/67 140/140/134
f 67/67/67 66/66/66 140/140/134
f 140/140/134 66/66/66 144/144/138
f 262/262/238 263/263/239 248/248/228
f 248/248/228 263/263/239 249/249/229
f 264/264/240 265/265/241 266/266/242
f 266/266/242 265/265/241 267/267/243
f 268/268/244 264/264/240 269/269/245
f 269/269/245 264/264/240 266/266/242
f 270/270/246 262/262/238 247/247/227
f 247/247/227 262/262/238 248/248/228
f 271/271/247 272/272/248 250/250/230
f 250/250/230 272/272/248 251/251/231
f 273/273/249 274/274/250 275/275/251
f 275/275/251 274/274/250 276/276/252
f 265/265/241 273/273/249 267/267/243
f 267/267/243 273/273/249 275/275/251
f 263/263/239 271/271/247 249/249/229
f 249/249/229 271/271/247 250/250/230
f 244/244/224 277/277/253 245/245/225
f 245/245/225 277/277/253 278/278/254
f 279/279/255 280/280/256 281/281/257
f 281/281/257 280/280/256 282/282/258
f 283/283/257 284/284/258 285/285/259
f 285/285/259 284/284/258 286/286/260
f 277/277/253 244/244/224 287/287/261
f 287/287/261 244/244/224 243/243/223
f 288/288/262 270/270/246 246/246/226
f 246/246/226 270/270/246 247/247/227
f 289/289/263 268/268/244 290/290/264
f 290/290/264 268/268/244 269/269/245
f 242/242/222 291/291/265 243/243/223
f 243/243/223 291/291/265 287/287/261
f 285/285/259 286/286/260 292/292/266
f 292/292/266 286/286/260 293/293/267
f 292/292/266 293/293/267 294/294/268
f 294/294/268 293/293/267 295/295/269
f 291/291/265 242/242/222 296/296/270
f 296/296/270 242/242/222 241/241/221
f 240/240/220 297/297/271 241/241/221
f 241/241/221 297/297/271 296/296/270
f 294/294/268 295/295/269 298/298/272
f 298/298/272 295/295/269 299/299/273
f 300/300/274 298/298/272 301/301/275
f 301/301/275 298/298/272 299/299/273
f 302/302/276 297/297/271 239/239/219
f 239/239/219 297/297/271 240/240/220
f 303/303/277 304/304/278 235/235/215
f 235/235/215 304/304/278 237/237/217
f 305/305/279 306/306/280 307/307/281
f 307/307/281 306/306/280 308/308/282
f 309/309/283 310/310/279 311/311/284
f 311/311/284 310/310/279 312/312/281
f 313/313/285 303/303/277 236/236/216
f 236/236/216 303/303/277 235/235/215
f 314/314/286 302/302/276 238/238/218
f 238/238/218 302/302/276 239/239/219
f 315/315/287 300/300/274 316/316/288
f 316/316/288 300/300/274 301/301/275
f 306/306/280 315/315/287 308/308/282
f 308/308/282 315/315/287 316/316/288
f 304/304/278 314/314/286 237/237/217
f 237/237/217 314/314/286 238/238/218
f 254/254/232 317/317/289 138/138/132
f 138/138/132 317/317/289 139/139/133
f 318/318/290 319/319/291 320/320/292
f 320/320/292 319/319/291 321/321/293
f 320/320/292 321/321/293 274/274/250
f 274/274/250 321/321/293 276/276/252
f 317/317/289 254/254/232 272/272/248
f 272/272/248 254/254/232 251/251/231
f 322/322/294 323/323/295 318/318/290
f 318/318/290 323/323/295 319/319/291
f 324/324/296 325/325/297 322/322/294
f 322/322/294 325/325/297 323/323/295
f 326/326/298 327/327/299 123/123/120
f 123/123/120 327/327/299 121/121/118
f 120/120/117 121/121/118 328/328/300
f 328/328/300 121/121/118 327/327/299
f 329/329/301 330/330/302 137/137/131
f 137/137/131 330/330/302 136/136/130
f 123/123/120 136/136/130 326/326/298
f 326/326/298 136/136/130 330/330/302
f 331/331/303 207/207/194 332/332/304
f 332/332/304 207/207/194 209/209/196
f 218/218/194 333/333/303 217/217/202
f 217/217/202 333/333/303 334/334/305
f 328/328/300 335/335/306 120/120/117
f 120/120/117 335/335/306 118/118/115
f 217/217/202 334/334/305 214/214/200
f 214/214/200 334/334/305 336/336/307
f 214/214/200 336/336/307 216/216/201
f 216/216/201 336/336/307 337/337/308
f 216/216/201 337/337/308 226/226/208
f 226/226/208 337/337/308 338/338/309
f 225/225/207 226/226/208 339/339/310
f 339/339/310 226/226/208 338/338/309
f 340/340/311 341/341/312 233/233/213
f 233/233/213 341/341/312 231/231/212
f 229/229/211 230/230/212 342/342/313
f 342/342/313 230/230/212 343/343/312
f 339/339/310 344/344/314 225/225/207
f 225/225/207 344/344/314 234/234/214
f 233/233/213 234/234/214 340/340/311
f 340/340/311 234/234/214 344/344/314
f 345/345/315 258/258/234 346/346/316
f 346/346/316 258/258/234 260/260/236
f 329/329/301 137/137/131 345/345/315
f 345/345/315 137/137/131 258/258/234
f 346/346/316 260/260/236 347/347/317
f 347/347/317 260/260/236 259/259/235
f 347/347/317 259/259/235 348/348/318
f 348/348/318 259/259/235 349/349/319
f 349/349/319 229/229/211 348/348/318
f 348/348/318 229/229/211 342/342/313
f 257/257/233 350/350/320 259/259/235
f 259/259/235 350/350/320 349/349/319
f 228/228/210 350/350/320 221/221/205
f 221/221/205 350/350/320 351/351/321
f 352/352/322 351/351/321 134/134/128
f 134/134/128 351/351/321 135/135/129
f 352/352/322 353/353/323 220/220/204
f 220/220/204 353/353/323 212/212/199
f 354/354/324 353/353/323 119/119/116
f 119/119/116 353/353/323 122/122/119
f 354/354/324 355/355/325 210/210/197
f 210/210/197 355/355/325 209/209/196
f 355/355/325 118/118/115 356/356/326
f 356/356/326 118/118/115 335/335/306
f 355/355/325 356/356/326 209/209/196
f 209/209/196 356/356/326 332/332/304
f 357/357/327 289/289/263 358/358/328
f 358/358/328 289/289/263 290/290/264
f 359/359/329 360/360/330 278/278/254
f 278/278/254 360/360/330 245/245/225
f 360/360/330 361/361/331 245/245/225
f 245/245/225 361/361/331 203/203/190
f 362/362/332 361/361/331 205/205/192
f 205/205/192 361/361/331 206/206/193
f 202/202/189 362/362/332 196/196/183
f 196/196/183 362/362/332 363/363/333
f 364/364/334 363/363/333 198/198/185
f 198/198/185 363/363/333 199/199/186
f 273/273/249 265/265/241 330/330/302
f 330/330/302 265/265/241 326/326/298
f 274/274/250 273/273/249 329/329/301
f 329/329/301 273/273/249 330/330/302
f 268/268/244 289/289/263 328/328/300
f 328/328/300 289/289/263 335/335/306
f 265/265/241 264/264/240 326/326/298
f 326/326/298 264/264/240 327/327/299
f 264/264/240 268/268/244 327/327/299
f 327/327/299 268/268/244 328/328/300
f 345/345/315 320/320/292 329/329/301
f 329/329/301 320/320/292 274/274/250
f 320/320/292 345/345/315 318/318/290
f 318/318/290 345/345/315 346/346/316
f 289/289/263 357/357/327 335/335/306
f 335/335/306 357/357/327 356/356/326
f 280/280/256 279/279/255 358/358/328
f 358/358/328 279/279/255 357/357/327
f 336/336/307 292/292/266 337/337/308
f 337/337/308 292/292/266 294/294/268
f 292/292/266 336/336/307 285/285/259
f 285/285/259 336/336/307 334/334/305
f 281/281/257 331/331/303 279/279/255
f 279/279/255 331/331/303 332/332/304
f 333/333/303 283/283/257 334/334/305
f 334/334/305 283/283/257 285/285/259
f 298/298/272 338/338/309 294/294/268
f 294/294/268 338/338/309 337/337/308
f 298/298/272 300/300/274 338/338/309
f 338/338/309 300/300/274 339/339/310
f 300/300/274 315/315/287 339/339/310
f 339/339/310 315/315/287 344/344/314
f 315/315/287 306/306/280 344/344/314
f 344/344/314 306/306/280 340/340/311
f 324/324/296 309/309/283 325/325/297
f 325/325/297 309/309/283 311/311/284
f 309/309/283 324/324/296 342/342/313
f 342/342/313 324/324/296 348/348/318
f 306/306/280 305/305/279 340/340/311
f 340/340/311 305/305/279 341/341/312
f 310/310/279 309/309/283 343/343/312
f 343/343/312 309/309/283 342/342/313
f 347/347/317 322/322/294 346/346/316
f 346/346/316 322/322/294 318/318/290
f 27/27/27 365/365/335 29/29/29
f 29/29/29 365/365/335 366/366/336
f 365/365/335 27/27/27 367/367/337
f 367/367/337 27/27/27 28/28/28
f 40/40/40 368/368/338 41/41/41
f 41/41/41 368/368/338 369/369/339
f 368/368/338 40/40/40 366/366/336
f 366/366/336 40/40/40 29/29/29
f 46/46/46 370/370/340 47/47/47
f 47/47/47 370/370/340 371/371/341
f 370/370/340 46/46/46 369/369/339
f 369/369/339 46/46/46 41/41/41
f 372/372/342 373/373/343 52/52/52
f 52/52/52 373/373/343 53/53/53
f 371/371/341 372/372/342 47/47/47
f 47/47/47 372/372/342 52/52/52
f 374/374/344 375/375/345 58/58/58
f 58/58/58 375/375/345 59/59/59
f 373/373/343 374/374/344 53/53/53
f 53/53/53 374/374/344 58/58/58
f 376/376/346 377/377/347 64/64/64
f 64/64/64 377/377/347 65/65/65
f 375/375/345 376/376/346 59/59/59
f 59/59/59 376/376/346 64/64/64
f 378/378/348 379/379/349 158/158/149
f 158/158/149 379/379/349 159/159/150
f 158/158/149 65/65/65 378/378/348
f 378/378/348 65/65/65 377/377/347
f 380/380/350 381/381/351 177/177/164
f 177/177/164 381/381/351 179/179/166
f 177/177/164 159/159/150 380/380/350
f 380/380/350 159/159/150 379/379/349
f 200/200/187 382/382/352 28/28/28
f 28/28/28 382/382/352 367/367/337
f 383/383/353 81/81/81 189/189/176
f 189/189/176 81/81/81 83/83/83
f 81/81/81 383/383/353 82/82/82
f 82/82/82 383/383/353 384/384/354
f 383/383/353 385/385/355 384/384/354
f 384/384/354 385/385/355 386/386/356
f 383/383/353 189/189/176 385/385/355
f 385/385/355 189/189/176 190/190/177
f 387/387/357 388/388/358 190/190/177
f 190/190/177 388/388/358 385/385/355
f 388/388/358 389/389/359 385/385/355
f 385/385/355 389/389/359 386/386/356
f 389/389/359 388/388/358 390/390/360
f 390/390/360 388/388/358 391/391/361
f 388/388/358 387/387/357 391/391/361
f 391/391/361 387/387/357 392/392/362
f 393/393/363 394/394/364 184/184/171
f 184/184/171 394/394/364 191/191/178
f 394/394/364 387/387/357 191/191/178
f 191/191/178 387/387/357 190/190/177
f 387/387/357 394/394/364 392/392/362
f 392/392/362 394/394/364 395/395/365
f 394/394/364 393/393/363 395/395/365
f 395/395/365 393/393/363 396/396/366
f 397/397/367 393/393/363 185/185/172
f 185/185/172 393/393/363 184/184/171
f 393/393/363 397/397/367 396/396/366
f 396/396/366 397/397/367 398/398/368
f 398/398/368 397/397/367 399/399/369
f 399/399/369 397/397/367 400/400/370
f 397/397/367 185/185/172 400/400/370
f 400/400/370 185/185/172 187/187/174
f 399/399/369 400/400/370 401/401/371
f 401/401/371 400/400/370 402/402/372
f 400/400/370 187/187/174 402/402/372
f 402/402/372 187/187/174 180/180/167
f 179/179/166 403/403/373 180/180/167
f 180/180/167 403/403/373 402/402/372
f 402/402/372 403/403/373 401/401/371
f 401/401/371 403/403/373 404/404/374
f 381/381/351 405/405/375 179/179/166
f 179/179/166 405/405/375 403/403/373
f 405/405/375 406/406/376 403/403/373
f 403/403/373 406/406/376 404/404/374
f 140/140/134 141/141/135 261/261/237
f 261/261/237 141/141/135 407/407/377
f 261/261/237 236/236/216 67/67/67
f 67/67/67 236/236/216 74/74/74
f 407/407/377 313/313/285 261/261/237
f 261/261/237 313/313/285 236/236/216
f 363/363/333 364/364/334 196/196/183
f 196/196/183 364/364/334 194/194/181
f 363/363/333 362/362/332 199/199/186
f 199/199/186 362/362/332 205/205/192
f 203/203/190 361/361/331 202/202/189
f 202/202/189 361/361/331 362/362/332
f 361/361/331 360/360/330 206/206/193
f 206/206/193 360/360/330 246/246/226
f 246/246/226 360/360/330 288/288/262
f 288/288/262 360/360/330 359/359/329
f 356/356/326 357/357/327 332/332/304
f 332/332/304 357/357/327 279/279/255
f 355/355/325 354/354/324 118/118/115
f 118/118/115 354/354/324 119/119/116
f 353/353/323 354/354/324 212/212/199
f 212/212/199 354/354/324 210/210/197
f 353/353/323 352/352/322 122/122/119
f 122/122/119 352/352/322 134/134/128
f 221/221/205 351/351/321 220/220/204
f 220/220/204 351/351/321 352/352/322
f 135/135/129 351/351/321 257/257/233
f 257/257/233 351/351/321 350/350/320
f 229/229/211 349/349/319 228/228/210
f 228/228/210 349/349/319 350/350/320
f 348/348/318 324/324/296 347/347/317
f 347/347/317 324/324/296 322/322/294
f 9/9/9 10/10/10 408/408/378
f 408/408/378 10/10/10 409/409/379
f 10/10/10 24/24/24 409/409/379
f 409/409/379 24/24/24 410/410/380
f 24/24/24 26/26/26 410/410/380
f 410/410/380 26/26/26 411/411/381
f 365/365/335 412/412/382 366/366/336
f 366/366/336 412/412/382 413/413/383
f 367/367/337 414/414/384 365/365/335
f 365/365/335 414/414/384 412/412/382
f 368/368/338 415/415/385 369/369/339
f 369/369/339 415/415/385 416/416/386
f 368/368/338 366/366/336 415/415/385
f 415/415/385 366/366/336 413/413/383
f 370/370/340 417/417/387 371/371/341
f 371/371/341 417/417/387 418/418/388
f 369/369/339 416/416/386 370/370/340
f 370/370/340 416/416/386 417/417/387
f 372/372/342 419/419/389 373/373/343
f 373/373/343 419/419/389 420/420/390
f 371/371/341 418/418/388 372/372/342
f 372/372/342 418/418/388 419/419/389
f 374/374/344 421/421/391 375/375/345
f 375/375/345 421/421/391 422/422/392
f 373/373/343 420/420/390 374/374/344
f 374/374/344 420/420/390 421/421/391
f 377/377/347 376/376/346 423/423/393
f 423/423/393 376/376/346 424/424/394
f 375/375/345 422/422/392 376/376/346
f 376/376/346 422/422/392 424/424/394
f 425/425/395 426/426/396 427/427/397
f 427/427/397 426/426/396 428/428/398
f 429/429/399 430/430/400 425/425/395
f 425/425/395 430/430/400 426/426/396
f 431/431/401 432/432/402 429/429/399
f 429/429/399 432/432/402 430/430/400
f 86/86/86 87/87/87 433/433/403
f 433/433/403 87/87/87 434/434/404
f 435/435/405 436/436/404 437/437/406
f 437/437/406 436/436/404 438/438/407
f 98/98/95 99/99/96 439/439/408
f 439/439/408 99/99/96 440/440/409
f 99/99/96 86/86/86 440/440/409
f 440/440/409 86/86/86 433/433/403
f 26/26/26 115/115/112 411/411/381
f 411/411/381 115/115/112 441/441/410
f 442/442/411 443/443/412 444/444/413
f 444/444/413 443/443/412 445/445/414
f 446/446/415 447/447/416 448/448/417
f 448/448/417 447/447/416 449/449/418
f 427/427/397 428/428/398 450/450/415
f 450/450/415 428/428/398 451/451/416
f 378/378/348 452/452/419 379/379/349
f 379/379/349 452/452/419 453/453/420
f 377/377/347 423/423/393 378/378/348
f 378/378/348 423/423/393 452/452/419
f 454/454/421 455/455/422 438/438/407
f 438/438/407 455/455/422 437/437/406
f 448/448/417 449/449/418 454/454/421
f 454/454/421 449/449/418 455/455/422
f 167/167/127 168/168/157 456/456/423
f 456/456/423 168/168/157 457/457/424
f 168/168/157 170/170/159 457/457/424
f 457/457/424 170/170/159 458/458/425
f 170/170/159 176/176/163 458/458/425
f 458/458/425 176/176/163 459/459/426
f 176/176/163 98/98/95 459/459/426
f 459/459/426 98/98/95 439/439/408
f 380/380/350 460/460/427 381/381/351
f 381/381/351 460/460/427 461/461/428
f 379/379/349 453/453/420 380/380/350
f 380/380/350 453/453/420 460/460/427
f 462/462/429 463/463/430 431/431/401
f 431/431/401 463/463/430 432/432/402
f 464/464/431 465/465/432 462/462/429
f 462/462/429 465/465/432 463/463/430
f 382/382/352 466/466/433 367/367/337
f 367/367/337 466/466/433 414/414/384
f 467/467/434 468/468/435 464/464/431
f 464/464/431 468/468/435 465/465/432
f 469/469/436 470/470/437 467/467/434
f 467/467/434 470/470/437 468/468/435
f 406/406/376 405/405/375 471/471/438
f 471/471/438 405/405/375 472/472/439
f 405/405/375 381/381/351 472/472/439
f 472/472/439 381/381/351 461/461/428
f 473/473/440 474/474/441 475/475/442
f 475/475/442 474/474/441 476/476/443
f 477/477/444 473/473/440 478/478/445
f 478/478/445 473/473/440 475/475/442
f 479/479/446 477/477/444 480/480/447
f 480/480/447 477/477/444 478/478/445
f 481/481/448 479/479/446 482/482/449
f 482/482/449 479/479/446 480/480/447
f 483/483/450 484/484/451 485/485/452
f 485/485/452 484/484/451 486/486/453
f 484/484/451 487/487/454 486/486/453
f 486/486/453 487/487/454 488/488/455
f 474/474/441 473/473/440 489/489/456
f 489/489/456 473/473/440 490/490/457
f 473/473/440 477/477/444 490/490/457
f 490/490/457 477/477/444 491/491/458
f 492/492/459 493/493/460 491/491/458
f 491/491/458 493/493/460 490/490/457
f 493/493/460 494/494/461 490/490/457
f 490/490/457 494/494/461 489/489/456
f 477/477/444 479/479/446 491/491/458
f 491/491/458 479/479/446 495/495/462
f 479/479/446 481/481/448 495/495/462
f 495/495/462 481/481/448 496/496/463
f 497/497/464 498/498/465 496/496/463
f 496/496/463 498/498/465 495/495/462
f 498/498/465 492/492/459 495/495/462
f 495/495/462 492/492/459 491/491/458
f 487/487/454 484/484/451 499/499/466
f 499/499/466 484/484/451 500/500/467
f 484/484/451 483/483/450 500/500/467
f 500/500/467 483/483/450 501/501/468
f 502/502/469 503/503/470 504/504/471
f 504/504/471 503/503/470 505/505/472
f 503/503/470 483/483/450 505/505/472
f 505/505/472 483/483/450 485/485/452
f 494/494/461 493/493/460 506/506/473
f 506/506/473 493/493/460 507/507/474
f 493/493/460 492/492/459 507/507/474
f 507/507/474 492/492/459 508/508/475
f 509/509/476 510/510/477 508/508/475
f 508/508/475 510/510/477 507/507/474
f 510/510/477 511/511/478 507/507/474
f 507/507/474 511/511/478 506/506/473
f 483/483/450 503/503/470 501/501/468
f 501/501/468 503/503/470 512/512/479
f 503/503/470 502/502/469 512/512/479
f 512/512/479 502/502/469 513/513/480
f 514/514/481 502/502/469 515/515/482
f 515/515/482 502/502/469 504/504/471
f 516/516/483 514/514/481 517/517/484
f 517/517/484 514/514/481 515/515/482
f 502/502/469 514/514/481 513/513/480
f 513/513/480 514/514/481 518/518/485
f 514/514/481 516/516/483 518/518/485
f 518/518/485 516/516/483 519/519/486
f 520/520/487 521/521/488 522/522/489
f 522/522/489 521/521/488 523/523/490
f 523/523/490 516/516/483 522/522/489
f 522/522/489 516/516/483 517/517/484
f 516/516/483 523/523/490 519/519/486
f 519/519/486 523/523/490 524/524/491
f 521/521/488 525/525/492 523/523/490
f 523/523/490 525/525/492 524/524/491
f 526/526/493 527/527/494 528/528/495
f 528/528/495 527/527/494 529/529/496
f 521/521/488 520/520/487 529/529/496
f 529/529/496 520/520/487 528/528/495
f 525/525/492 521/521/488 530/530/497
f 530/530/497 521/521/488 529/529/496
f 527/527/494 531/531/498 529/529/496
f 529/529/496 531/531/498 530/530/497
f 532/532/499 533/533/500 534/534/501
f 534/534/501 533/533/500 535/535/502
f 527/527/494 526/526/493 535/535/502
f 535/535/502 526/526/493 534/534/501
f 531/531/498 527/527/494 536/536/503
f 536/536/503 527/527/494 535/535/502
f 533/533/500 537/537/504 535/535/502
f 535/535/502 537/537/504 536/536/503
f 538/538/505 539/539/506 540/540/507
f 540/540/507 539/539/506 541/541/508
f 539/539/506 542/542/509 541/541/508
f 541/541/508 542/542/509 543/543/510
f 544/544/511 545/545/512 543/543/510
f 543/543/510 545/545/512 541/541/508
f 545/545/512 546/546/513 541/541/508
f 541/541/508 546/546/513 540/540/507
f 547/547/514 548/548/515 549/549/516
f 549/549/516 548/548/515 550/550/517
f 548/548/515 551/551/518 550/550/517
f 550/550/517 551/551/518 552/552/519
f 542/542/509 539/539/506 552/552/519
f 552/552/519 539/539/506 550/550/517
f 539/539/506 538/538/505 550/550/517
f 550/550/517 538/538/505 549/549/516
f 552/552/519 551/551/518 553/553/520
f 553/553/520 551/551/518 554/554/521
f 552/552/519 553/553/520 542/542/509
f 542/542/509 553/553/520 555/555/522
f 556/556/523 557/557/524 558/558/525
f 558/558/525 557/557/524 559/559/526
f 560/560/526 561/561/527 562/562/525
f 562/562/525 561/561/527 563/563/528
f 564/564/529 565/565/530 563/563/528
f 563/563/528 565/565/530 562/562/525
f 566/566/531 556/556/523 567/567/530
f 567/567/530 556/556/523 558/558/525
f 568/568/532 569/569/533 570/570/534
f 570/570/534 569/569/533 571/571/535
f 557/557/524 556/556/523 571/571/535
f 571/571/535 556/556/523 570/570/534
f 556/556/523 566/566/531 570/570/534
f 570/570/534 566/566/531 572/572/536
f 573/573/537 568/568/532 572/572/536
f 572/572/536 568/568/532 570/570/534
f 574/574/538 573/573/537 575/575/539
f 575/575/539 573/573/537 572/572/536
f 566/566/531 576/576/540 572/572/536
f 572/572/536 576/576/540 575/575/539
f 576/576/540 577/577/541 575/575/539
f 575/575/539 577/577/541 578/578/542
f 579/579/543 574/574/538 578/578/542
f 578/578/542 574/574/538 575/575/539
f 580/580/544 581/581/545 582/582/546
f 582/582/546 581/581/545 583/583/547
f 583/583/547 584/584/548 582/582/546
f 582/582/546 584/584/548 585/585/549
f 573/573/537 574/574/538 585/585/549
f 585/585/549 574/574/538 582/582/546
f 579/579/543 580/580/544 574/574/538
f 574/574/538 580/580/544 582/582/546
f 492/492/459 498/498/465 508/508/475
f 508/508/475 498/498/465 586/586/550
f 498/498/465 497/497/464 586/586/550
f 586/586/550 497/497/464 587/587/551
f 588/588/552 589/589/553 587/587/551
f 587/587/551 589/589/553 586/586/550
f 589/589/553 509/509/476 586/586/550
f 586/586/550 509/509/476 508/508/475
f 590/590/554 591/591/555 592/592/556
f 592/592/556 591/591/555 593/593/557
f 594/594/558 595/595/559 593/593/557
f 593/593/557 595/595/559 592/592/556
f 510/510/477 509/509/476 596/596/560
f 596/596/560 509/509/476 597/597/561
f 598/598/545 599/599/544 597/597/561
f 597/597/561 599/599/544 596/596/560
f 599/599/544 600/600/543 596/596/560
f 596/596/560 600/600/543 601/601/562
f 511/511/478 510/510/477 601/601/562
f 601/601/562 510/510/477 596/596/560
f 589/589/553 588/588/552 602/602/563
f 602/602/563 588/588/552 603/603/564
f 604/604/565 605/605/566 603/603/564
f 603/603/564 605/605/566 602/602/563
f 605/605/566 598/598/545 602/602/563
f 602/602/563 598/598/545 597/597/561
f 509/509/476 589/589/553 597/597/561
f 597/597/561 589/589/553 602/602/563
f 606/606/567 607/607/568 608/608/569
f 608/608/569 607/607/568 609/609/570
f 595/595/559 594/594/558 609/609/570
f 609/609/570 594/594/558 608/608/569
f 610/610/571 611/611/572 612/612/573
f 612/612/573 611/611/572 613/613/574
f 614/614/575 547/547/514 615/615/576
f 615/615/576 547/547/514 549/549/516
f 538/538/505 616/616/577 549/549/516
f 549/549/516 616/616/577 615/615/576
f 617/617/577 618/618/578 619/619/576
f 619/619/576 618/618/578 620/620/579
f 621/621/580 622/622/575 620/620/579
f 620/620/579 622/622/575 619/619/576
f 623/623/581 624/624/582 625/625/583
f 625/625/583 624/624/582 626/626/584
f 533/533/500 532/532/499 626/626/584
f 626/626/584 532/532/499 625/625/583
f 627/627/585 546/546/513 628/628/586
f 628/628/586 546/546/513 545/545/512
f 544/544/511 629/629/587 545/545/512
f 545/545/512 629/629/587 628/628/586
f 629/629/587 623/623/581 628/628/586
f 628/628/586 623/623/581 625/625/583
f 532/532/499 627/627/585 625/625/583
f 625/625/583 627/627/585 628/628/586
f 537/537/504 533/533/500 630/630/588
f 630/630/588 533/533/500 626/626/584
f 624/624/582 631/631/589 626/626/584
f 626/626/584 631/631/589 630/630/588
f 632/632/590 543/543/510 555/555/522
f 555/555/522 543/543/510 542/542/509
f 633/633/591 544/544/511 632/632/590
f 632/632/590 544/544/511 543/543/510
f 634/634/592 564/564/529 635/635/593
f 635/635/593 564/564/529 563/563/528
f 561/561/527 636/636/594 563/563/528
f 563/563/528 636/636/594 635/635/593
f 636/636/594 621/621/580 635/635/593
f 635/635/593 621/621/580 620/620/579
f 618/618/578 634/634/592 620/620/579
f 620/620/579 634/634/592 635/635/593
f 637/637/566 638/638/565 639/639/595
f 639/639/595 638/638/565 640/640/596
f 641/641/597 642/642/598 640/640/596
f 640/640/596 642/642/598 639/639/595
f 642/642/598 584/584/548 639/639/595
f 639/639/595 584/584/548 583/583/547
f 581/581/545 637/637/566 583/583/547
f 583/583/547 637/637/566 639/639/595
f 634/634/592 618/618/578 643/643/599
f 643/643/599 618/618/578 644/644/600
f 577/577/541 576/576/540 645/645/600
f 645/645/600 576/576/540 646/646/599
f 566/566/531 567/567/530 576/576/540
f 576/576/540 567/567/530 646/646/599
f 565/565/530 564/564/529 643/643/599
f 643/643/599 564/564/529 634/634/592
f 584/584/548 642/642/598 585/585/549
f 585/585/549 642/642/598 647/647/601
f 642/642/598 641/641/597 647/647/601
f 647/647/601 641/641/597 648/648/602
f 569/569/533 568/568/532 648/648/602
f 648/648/602 568/568/532 647/647/601
f 568/568/532 573/573/537 647/647/601
f 647/647/601 573/573/537 585/585/549
f 631/631/589 624/624/582 649/649/603
f 649/649/603 624/624/582 650/650/604
f 651/651/605 652/652/606 650/650/604
f 650/650/604 652/652/606 649/649/603
f 633/633/591 653/653/607 654/654/608
f 654/654/608 653/653/607 655/655/609
f 653/653/607 656/656/610 655/655/609
f 655/655/609 656/656/610 657/657/611
f 657/657/611 658/658/612 655/655/609
f 655/655/609 658/658/612 659/659/613
f 659/659/613 623/623/581 655/655/609
f 655/655/609 623/623/581 654/654/608
f 658/658/612 651/651/605 659/659/613
f 659/659/613 651/651/605 650/650/604
f 624/624/582 623/623/581 650/650/604
f 650/650/604 623/623/581 659/659/613
f 653/653/607 633/633/591 660/660/614
f 660/660/614 633/633/591 632/632/590
f 555/555/522 661/661/615 632/632/590
f 632/632/590 661/661/615 660/660/614
f 661/661/615 662/662/616 660/660/614
f 660/660/614 662/662/616 663/663/617
f 656/656/610 653/653/607 663/663/617
f 663/663/617 653/653/607 660/660/614
f 487/487/454 664/664/618 488/488/455
f 488/488/455 664/664/618 665/665/619
f 666/666/620 667/667/621 668/668/622
f 668/668/622 667/667/621 669/669/623
f 488/488/455 665/665/619 669/669/623
f 669/669/623 665/665/619 668/668/622
f 474/474/441 670/670/624 476/476/443
f 476/476/443 670/670/624 671/671/625
f 664/664/618 487/487/454 672/672/626
f 672/672/626 487/487/454 499/499/466
f 667/667/621 673/673/627 669/669/623
f 669/669/623 673/673/627 674/674/628
f 673/673/627 675/675/629 674/674/628
f 674/674/628 675/675/629 676/676/630
f 485/485/452 486/486/453 676/676/630
f 676/676/630 486/486/453 674/674/628
f 486/486/453 488/488/455 674/674/628
f 674/674/628 488/488/455 669/669/623
f 670/670/624 474/474/441 677/677/631
f 677/677/631 474/474/441 489/489/456
f 494/494/461 678/678/632 489/489/456
f 489/489/456 678/678/632 677/677/631
f 679/679/633 680/680/634 681/681/635
f 681/681/635 680/680/634 682/682/636
f 683/683/637 684/684/638 682/682/636
f 682/682/636 684/684/638 681/681/635
f 685/685/639 686/686/640 687/687/638
f 687/687/638 686/686/640 688/688/635
f 686/686/640 689/689/641 688/688/635
f 688/688/635 689/689/641 690/690/633
f 684/684/638 683/683/637 691/691/642
f 691/691/642 683/683/637 692/692/643
f 693/693/644 694/694/645 692/692/643
f 692/692/643 694/694/645 691/691/642
f 695/695/645 696/696/646 697/697/642
f 697/697/642 696/696/646 698/698/647
f 698/698/647 685/685/639 697/697/642
f 697/697/642 685/685/639 687/687/638
f 694/694/645 693/693/644 699/699/648
f 699/699/648 693/693/644 700/700/649
f 700/700/649 701/701/650 699/699/648
f 699/699/648 701/701/650 702/702/651
f 703/703/651 704/704/652 705/705/648
f 705/705/648 704/704/652 706/706/653
f 696/696/646 695/695/645 706/706/653
f 706/706/653 695/695/645 705/705/648
f 546/546/513 627/627/585 707/707/654
f 707/707/654 627/627/585 708/708/655
f 627/627/585 532/532/499 708/708/655
f 708/708/655 532/532/499 534/534/501
f 526/526/493 709/709/656 534/534/501
f 534/534/501 709/709/656 708/708/655
f 544/544/511 633/633/591 629/629/587
f 629/629/587 633/633/591 654/654/608
f 654/654/608 623/623/581 629/629/587
f 709/709/656 526/526/493 710/710/657
f 710/710/657 526/526/493 528/528/495
f 520/520/487 711/711/658 528/528/495
f 528/528/495 711/711/658 710/710/657
f 711/711/658 520/520/487 712/712/659
f 712/712/659 520/520/487 522/522/489
f 522/522/489 517/517/484 712/712/659
f 712/712/659 517/517/484 713/713/660
f 517/517/484 515/515/482 713/713/660
f 713/713/660 515/515/482 714/714/661
f 515/515/482 504/504/471 714/714/661
f 714/714/661 504/504/471 715/715/662
f 675/675/629 716/716/663 676/676/630
f 676/676/630 716/716/663 717/717/664
f 504/504/471 505/505/472 715/715/662
f 715/715/662 505/505/472 717/717/664
f 505/505/472 485/485/452 717/717/664
f 717/717/664 485/485/452 676/676/630
f 678/678/632 494/494/461 718/718/665
f 718/718/665 494/494/461 506/506/473
f 511/511/478 719/719/666 506/506/473
f 506/506/473 719/719/666 718/718/665
f 719/719/666 511/511/478 720/720/667
f 720/720/667 511/511/478 601/601/562
f 600/600/543 721/721/668 601/601/562
f 601/601/562 721/721/668 720/720/667
f 722/722/541 723/723/669 724/724/542
f 724/724/542 723/723/669 725/725/670
f 721/721/668 600/600/543 725/725/670
f 725/725/670 600/600/543 724/724/542
f 722/722/541 726/726/600 723/723/669
f 723/723/669 726/726/600 727/727/671
f 726/726/600 728/728/578 727/727/671
f 727/727/671 728/728/578 613/613/574
f 606/606/567 729/729/672 607/607/568
f 607/607/568 729/729/672 730/730/673
f 731/731/674 730/730/673 732/732/675
f 732/732/675 730/730/673 729/729/672
f 728/728/578 616/616/577 613/613/574
f 613/613/574 616/616/577 612/612/573
f 733/733/676 612/612/573 540/540/507
f 612/612/573 616/616/577 540/540/507
f 616/616/577 538/538/505 540/540/507
f 721/721/668 734/734/677 720/720/667
f 720/720/667 734/734/677 735/735/678
f 736/736/679 737/737/680 738/738/681
f 738/738/681 737/737/680 739/739/682
f 740/740/683 741/741/684 736/736/679
f 736/736/679 741/741/684 737/737/680
f 742/742/685 719/719/666 735/735/678
f 735/735/678 719/719/666 720/720/667
f 723/723/669 743/743/686 725/725/670
f 725/725/670 743/743/686 744/744/687
f 745/745/688 746/746/689 747/747/690
f 747/747/690 746/746/689 748/748/691
f 738/738/681 739/739/682 745/745/688
f 745/745/688 739/739/682 746/746/689
f 734/734/677 721/721/668 744/744/687
f 744/744/687 721/721/668 725/725/670
f 717/717/664 716/716/663 749/749/692
f 749/749/692 716/716/663 750/750/693
f 751/751/694 752/752/695 753/753/696
f 753/753/696 752/752/695 754/754/697
f 755/755/695 756/756/698 757/757/697
f 757/757/697 756/756/698 758/758/699
f 715/715/662 717/717/664 759/759/700
f 759/759/700 717/717/664 749/749/692
f 719/719/666 742/742/685 718/718/665
f 718/718/665 742/742/685 760/760/701
f 761/761/702 762/762/703 740/740/683
f 740/740/683 762/762/703 741/741/684
f 714/714/661 715/715/662 763/763/704
f 763/763/704 715/715/662 759/759/700
f 756/756/698 764/764/705 758/758/699
f 758/758/699 764/764/705 765/765/706
f 764/764/705 766/766/707 765/765/706
f 765/765/706 766/766/707 767/767/708
f 713/713/660 714/714/661 768/768/709
f 768/768/709 714/714/661 763/763/704
f 712/712/659 713/713/660 769/769/710
f 769/769/710 713/713/660 768/768/709
f 766/766/707 770/770/711 767/767/708
f 767/767/708 770/770/711 771/771/712
f 772/772/713 773/773/714 770/770/711
f 770/770/711 773/773/714 771/771/712
f 774/774/715 711/711/658 769/769/710
f 769/769/710 711/711/658 712/712/659
f 709/709/656 775/775/716 708/708/655
f 708/708/655 775/775/716 776/776/717
f 777/777/718 778/778/719 779/779/720
f 779/779/720 778/778/719 780/780/721
f 781/781/722 782/782/723 783/783/718
f 783/783/718 782/782/723 784/784/719
f 785/785/724 707/707/654 776/776/717
f 776/776/717 707/707/654 708/708/655
f 711/711/658 774/774/715 710/710/657
f 710/710/657 774/774/715 786/786/725
f 787/787/726 788/788/727 772/772/713
f 772/772/713 788/788/727 773/773/714
f 779/779/720 780/780/721 787/787/726
f 787/787/726 780/780/721 788/788/727
f 775/775/716 709/709/656 786/786/725
f 786/786/725 709/709/656 710/710/657
f 727/727/671 613/613/574 789/789/728
f 789/789/728 613/613/574 611/611/572
f 790/790/729 791/791/730 792/792/731
f 792/792/731 791/791/730 793/793/732
f 791/791/730 747/747/690 793/793/732
f 793/793/732 747/747/690 748/748/691
f 723/723/669 727/727/671 743/743/686
f 743/743/686 727/727/671 789/789/728
f 794/794/733 790/790/729 795/795/734
f 795/795/734 790/790/729 792/792/731
f 796/796/735 794/794/733 797/797/736
f 797/797/736 794/794/733 795/795/734
f 798/798/737 594/594/558 799/799/738
f 799/799/738 594/594/558 593/593/557
f 799/799/738 593/593/557 800/800/739
f 800/800/739 593/593/557 591/591/555
f 801/801/740 606/606/567 802/802/741
f 802/802/741 606/606/567 608/608/569
f 802/802/741 608/608/569 798/798/737
f 798/798/737 608/608/569 594/594/558
f 803/803/742 804/804/743 679/679/633
f 679/679/633 804/804/743 680/680/634
f 690/690/633 689/689/641 805/805/742
f 805/805/742 689/689/641 806/806/744
f 800/800/739 591/591/555 807/807/745
f 807/807/745 591/591/555 590/590/554
f 808/808/746 806/806/744 686/686/640
f 686/686/640 806/806/744 689/689/641
f 686/686/640 685/685/639 808/808/746
f 808/808/746 685/685/639 809/809/747
f 810/810/748 809/809/747 698/698/647
f 698/698/647 809/809/747 685/685/639
f 810/810/748 698/698/647 811/811/749
f 811/811/749 698/698/647 696/696/646
f 812/812/750 704/704/652 813/813/751
f 813/813/751 704/704/652 703/703/651
f 814/814/751 702/702/651 815/815/752
f 815/815/752 702/702/651 701/701/650
f 811/811/749 696/696/646 816/816/753
f 816/816/753 696/696/646 706/706/653
f 816/816/753 706/706/653 812/812/750
f 812/812/750 706/706/653 704/704/652
f 817/817/754 818/818/755 729/729/672
f 729/729/672 818/818/755 732/732/675
f 729/729/672 606/606/567 817/817/754
f 817/817/754 606/606/567 801/801/740
f 818/818/755 819/819/756 732/732/675
f 732/732/675 819/819/756 731/731/674
f 819/819/756 820/820/757 731/731/674
f 731/731/674 820/820/757 821/821/758
f 815/815/752 701/701/650 820/820/757
f 820/820/757 701/701/650 821/821/758
f 730/730/673 731/731/674 822/822/759
f 822/822/759 731/731/674 821/821/758
f 693/693/644 823/823/760 700/700/649
f 700/700/649 823/823/760 822/822/759
f 607/607/568 823/823/760 609/609/570
f 609/609/570 823/823/760 824/824/761
f 683/683/637 825/825/762 692/692/643
f 692/692/643 825/825/762 824/824/761
f 595/595/559 825/825/762 592/592/556
f 592/592/556 825/825/762 826/826/763
f 680/680/634 827/827/764 682/682/636
f 682/682/636 827/827/764 826/826/763
f 807/807/745 590/590/554 828/828/765
f 828/828/765 590/590/554 827/827/764
f 804/804/743 828/828/765 680/680/634
f 680/680/634 828/828/765 827/827/764
f 762/762/703 761/761/702 829/829/766
f 829/829/766 761/761/702 830/830/767
f 716/716/663 831/831/768 750/750/693
f 750/750/693 831/831/768 832/832/769
f 675/675/629 833/833/770 716/716/663
f 716/716/663 833/833/770 831/831/768
f 678/678/632 833/833/770 677/677/631
f 677/677/631 833/833/770 834/834/771
f 673/673/627 667/667/621 834/834/771
f 834/834/771 667/667/621 835/835/772
f 670/670/624 835/835/772 671/671/625
f 671/671/625 835/835/772 836/836/773
f 798/798/737 738/738/681 802/802/741
f 802/802/741 738/738/681 745/745/688
f 747/747/690 801/801/740 745/745/688
f 745/745/688 801/801/740 802/802/741
f 740/740/683 800/800/739 761/761/702
f 761/761/702 800/800/739 807/807/745
f 738/738/681 798/798/737 736/736/679
f 736/736/679 798/798/737 799/799/738
f 800/800/739 740/740/683 799/799/738
f 799/799/738 740/740/683 736/736/679
f 817/817/754 801/801/740 791/791/730
f 791/791/730 801/801/740 747/747/690
f 818/818/755 817/817/754 790/790/729
f 790/790/729 817/817/754 791/791/730
f 761/761/702 807/807/745 830/830/767
f 830/830/767 807/807/745 828/828/765
f 830/830/767 751/751/694 829/829/766
f 829/829/766 751/751/694 753/753/696
f 808/808/746 809/809/747 764/764/705
f 764/764/705 809/809/747 766/766/707
f 806/806/744 808/808/746 756/756/698
f 756/756/698 808/808/746 764/764/705
f 804/804/743 803/803/742 751/751/694
f 751/751/694 803/803/742 752/752/695
f 805/805/742 806/806/744 755/755/695
f 755/755/695 806/806/744 756/756/698
f 809/809/747 810/810/748 766/766/707
f 766/766/707 810/810/748 770/770/711
f 811/811/749 772/772/713 810/810/748
f 810/810/748 772/772/713 770/770/711
f 772/772/713 811/811/749 787/787/726
f 787/787/726 811/811/749 816/816/753
f 812/812/750 779/779/720 816/816/753
f 816/816/753 779/779/720 787/787/726
f 796/796/735 797/797/736 781/781/722
f 781/781/722 797/797/736 782/782/723
f 781/781/722 815/815/752 796/796/735
f 796/796/735 815/815/752 820/820/757
f 779/779/720 812/812/750 777/777/718
f 777/777/718 812/812/750 813/813/751
f 815/815/752 781/781/722 814/814/751
f 814/814/751 781/781/722 783/783/718
f 819/819/756 818/818/755 794/794/733
f 794/794/733 818/818/755 790/790/729
f 837/837/774 481/481/448 838/838/775
f 838/838/775 481/481/448 482/482/449
f 481/481/448 837/837/774 496/496/463
f 496/496/463 837/837/774 839/839/776
f 840/840/777 497/497/464 839/839/776
f 839/839/776 497/497/464 496/496/463
f 500/500/467 501/501/468 412/412/382
f 412/412/382 501/501/468 413/413/383
f 499/499/466 500/500/467 414/414/384
f 414/414/384 500/500/467 412/412/382
f 512/512/479 513/513/480 415/415/385
f 415/415/385 513/513/480 416/416/386
f 501/501/468 512/512/479 413/413/383
f 413/413/383 512/512/479 415/415/385
f 519/519/486 418/418/388 518/518/485
f 518/518/485 418/418/388 417/417/387
f 513/513/480 518/518/485 416/416/386
f 416/416/386 518/518/485 417/417/387
f 525/525/492 420/420/390 524/524/491
f 524/524/491 420/420/390 419/419/389
f 418/418/388 519/519/486 419/419/389
f 419/419/389 519/519/486 524/524/491
f 531/531/498 422/422/392 530/530/497
f 530/530/497 422/422/392 421/421/391
f 420/420/390 525/525/492 421/421/391
f 421/421/391 525/525/492 530/530/497
f 537/537/504 423/423/393 536/536/503
f 536/536/503 423/423/393 424/424/394
f 422/422/392 531/531/498 424/424/394
f 424/424/394 531/531/498 536/536/503
f 548/548/515 547/547/514 426/426/396
f 426/426/396 547/547/514 428/428/398
f 551/551/518 548/548/515 430/430/400
f 430/430/400 548/548/515 426/426/396
f 551/551/518 430/430/400 554/554/521
f 554/554/521 430/430/400 432/432/402
f 557/557/524 841/841/778 559/559/526
f 559/559/526 841/841/778 842/842/405
f 437/437/406 561/561/527 435/435/405
f 435/435/405 561/561/527 560/560/526
f 569/569/533 843/843/779 571/571/535
f 571/571/535 843/843/779 844/844/780
f 841/841/778 557/557/524 844/844/780
f 844/844/780 557/557/524 571/571/535
f 497/497/464 840/840/777 587/587/551
f 587/587/551 840/840/777 845/845/781
f 442/442/411 588/588/552 845/845/781
f 845/845/781 588/588/552 587/587/551
f 588/588/552 442/442/411 603/603/564
f 603/603/564 442/442/411 444/444/413
f 846/846/782 604/604/565 444/444/413
f 444/444/413 604/604/565 603/603/564
f 621/621/580 449/449/418 622/622/575
f 622/622/575 449/449/418 447/447/416
f 428/428/398 547/547/514 451/451/416
f 451/451/416 547/547/514 614/614/575
f 631/631/589 453/453/420 630/630/588
f 630/630/588 453/453/420 452/452/419
f 630/630/588 452/452/419 537/537/504
f 537/537/504 452/452/419 423/423/393
f 636/636/594 561/561/527 455/455/422
f 455/455/422 561/561/527 437/437/406
f 621/621/580 636/636/594 449/449/418
f 449/449/418 636/636/594 455/455/422
f 638/638/565 847/847/782 640/640/596
f 640/640/596 847/847/782 848/848/783
f 849/849/784 641/641/597 848/848/783
f 848/848/783 641/641/597 640/640/596
f 641/641/597 849/849/784 648/648/602
f 648/648/602 849/849/784 850/850/785
f 843/843/779 569/569/533 850/850/785
f 850/850/785 569/569/533 648/648/602
f 652/652/606 461/461/428 649/649/603
f 649/649/603 461/461/428 460/460/427
f 649/649/603 460/460/427 631/631/589
f 631/631/589 460/460/427 453/453/420
f 554/554/521 432/432/402 851/851/786
f 851/851/786 432/432/402 463/463/430
f 465/465/432 852/852/787 463/463/430
f 463/463/430 852/852/787 851/851/786
f 672/672/626 499/499/466 466/466/433
f 466/466/433 499/499/466 414/414/384
f 555/555/522 553/553/520 661/661/615
f 661/661/615 553/553/520 853/853/788
f 553/553/520 554/554/521 853/853/788
f 853/853/788 554/554/521 851/851/786
f 852/852/787 854/854/789 851/851/786
f 851/851/786 854/854/789 853/853/788
f 854/854/789 662/662/616 853/853/788
f 853/853/788 662/662/616 661/661/615
f 852/852/787 465/465/432 855/855/790
f 855/855/790 465/465/432 468/468/435
f 856/856/791 855/855/790 470/470/437
f 470/470/437 855/855/790 468/468/435
f 662/662/616 854/854/789 857/857/792
f 857/857/792 854/854/789 858/858/793
f 854/854/789 852/852/787 858/858/793
f 858/858/793 852/852/787 855/855/790
f 856/856/791 859/859/794 855/855/790
f 855/855/790 859/859/794 858/858/793
f 860/860/795 857/857/792 859/859/794
f 859/859/794 857/857/792 858/858/793
f 861/861/796 656/656/610 862/862/797
f 862/862/797 656/656/610 663/663/617
f 663/663/617 662/662/616 862/862/797
f 862/862/797 662/662/616 857/857/792
f 860/860/795 863/863/798 857/857/792
f 857/857/792 863/863/798 862/862/797
f 863/863/798 864/864/799 862/862/797
f 862/862/797 864/864/799 861/861/796
f 657/657/611 656/656/610 865/865/800
f 865/865/800 656/656/610 861/861/796
f 864/864/799 866/866/801 861/861/796
f 861/861/796 866/866/801 865/865/800
f 866/866/801 867/867/802 865/865/800
f 865/865/800 867/867/802 868/868/803
f 658/658/612 657/657/611 868/868/803
f 868/868/803 657/657/611 865/865/800
f 867/867/802 869/869/804 868/868/803
f 868/868/803 869/869/804 870/870/805
f 651/651/605 658/658/612 870/870/805
f 870/870/805 658/658/612 868/868/803
f 652/652/606 651/651/605 871/871/806
f 871/871/806 651/651/605 870/870/805
f 869/869/804 872/872/807 870/870/805
f 870/870/805 872/872/807 871/871/806
f 461/461/428 652/652/606 472/472/439
f 472/472/439 652/652/606 871/871/806
f 872/872/807 471/471/438 871/871/806
f 871/871/806 471/471/438 472/472/439
f 873/873/808 874/874/809 875/875/810
f 875/875/810 874/874/809 876/876/811
f 877/877/812 878/878/813 873/873/808
f 873/873/808 878/878/813 874/874/809
f 879/879/814 880/880/815 877/877/812
f 877/877/812 880/880/815 878/878/813
f 881/881/816 882/882/817 879/879/814
f 879/879/814 882/882/817 880/880/815
f 883/883/818 884/884/819 881/881/816
f 881/881/816 884/884/819 882/882/817
f 885/885/820 886/886/821 883/883/818
f 883/883/818 886/886/821 884/884/819
f 887/887/822 888/888/823 885/885/820
f 885/885/820 888/888/823 886/886/821
f 889/889/824 890/890/825 887/887/822
f 887/887/822 890/890/825 888/888/823
f 889/889/824 891/891/826 890/890/825
f 890/890/825 891/891/826 892/892/827
f 891/891/826 893/893/828 892/892/827
f 892/892/827 893/893/828 894/894/829
f 895/895/830 896/896/831 893/893/828
f 893/893/828 896/896/831 894/894/829
f 897/897/832 898/898/833 895/895/830
f 895/895/830 898/898/833 896/896/831
f 899/899/834 900/900/835 901/901/836
f 901/901/836 900/900/835 902/902/837
f 874/874/809 903/903/838 876/876/811
f 876/876/811 903/903/838 904/904/839
f 878/878/813 905/905/840 874/874/809
f 874/874/809 905/905/840 903/903/838
f 880/880/815 906/906/841 878/878/813
f 878/878/813 906/906/841 905/905/840
f 882/882/817 907/907/842 880/880/815
f 880/880/815 907/907/842 906/906/841
f 884/884/819 908/908/843 882/882/817
f 882/882/817 908/908/843 907/907/842
f 886/886/821 909/909/844 884/884/819
f 884/884/819 909/909/844 908/908/843
f 888/888/823 910/910/845 886/886/821
f 886/886/821 910/910/845 909/909/844
f 890/890/825 911/911/846 888/888/823
f 888/888/823 911/911/846 910/910/845
f 890/890/825 892/892/827 911/911/846
f 911/911/846 892/892/827 912/912/847
f 892/892/827 894/894/829 912/912/847
f 912/912/847 894/894/829 913/913/848
f 896/896/831 914/914/849 894/894/829
f 894/894/829 914/914/849 913/913/848
f 915/915/850 898/898/833 916/916/851
f 916/916/851 898/898/833 902/902/837
f 903/903/838 917/917/852 904/904/839
f 904/904/839 917/917/852 918/918/853
f 905/905/840 919/919/854 903/903/838
f 903/903/838 919/919/854 917/917/852
f 906/906/841 920/920/855 905/905/840
f 905/905/840 920/920/855 919/919/854
f 907/907/842 921/921/856 906/906/841
f 906/906/841 921/921/856 920/920/855
f 908/908/843 922/922/857 907/907/842
f 907/907/842 922/922/857 921/921/856
f 909/909/844 923/923/858 908/908/843
f 908/908/843 923/923/858 922/922/857
f 910/910/845 924/924/859 909/909/844
f 909/909/844 924/924/859 923/923/858
f 911/911/846 925/925/860 910/910/845
f 910/910/845 925/925/860 924/924/859
f 911/911/846 912/912/847 925/925/860
f 925/925/860 912/912/847 926/926/861
f 913/913/848 927/927/862 912/912/847
f 912/912/847 927/927/862 926/926/861
f 914/914/849 928/928/863 913/913/848
f 913/913/848 928/928/863 927/927/862
f 929/929/864 915/915/850 930/930/865
f 930/930/865 915/915/850 916/916/851
f 918/918/853 917/917/852 931/931/866
f 931/931/866 917/917/852 932/932/867
f 919/919/854 933/933/868 917/917/852
f 917/917/852 933/933/868 932/932/867
f 920/920/855 934/934/869 919/919/854
f 919/919/854 934/934/869 933/933/868
f 921/921/856 935/935/870 920/920/855
f 920/920/855 935/935/870 934/934/869
f 922/922/857 936/936/871 921/921/856
f 921/921/856 936/936/871 935/935/870
f 923/923/858 937/937/872 922/922/857
f 922/922/857 937/937/872 936/936/871
f 924/924/859 938/938/873 923/923/858
f 923/923/858 938/938/873 937/937/872
f 925/925/860 939/939/874 924/924/859
f 924/924/859 939/939/874 938/938/873
f 925/925/860 926/926/861 939/939/874
f 939/939/874 926/926/861 940/940/875
f 927/927/862 941/941/876 926/926/861
f 926/926/861 941/941/876 940/940/875
f 928/928/863 942/942/877 927/927/862
f 927/927/862 942/942/877 941/941/876
f 943/943/878 929/929/864 944/944/879
f 944/944/879 929/929/864 930/930/865
f 931/931/866 932/932/867 945/945/880
f 945/945/880 932/932/867 946/946/881
f 933/933/868 947/947/882 932/932/867
f 932/932/867 947/947/882 946/946/881
f 934/934/869 948/948/883 933/933/868
f 933/933/868 948/948/883 947/947/882
f 935/935/870 949/949/884 934/934/869
f 934/934/869 949/949/884 948/948/883
f 936/936/871 950/950/885 935/935/870
f 935/935/870 950/950/885 949/949/884
f 937/937/872 951/951/886 936/936/871
f 936/936/871 951/951/886 950/950/885
f 938/938/873 952/952/887 937/937/872
f 937/937/872 952/952/887 951/951/886
f 939/939/874 953/953/888 938/938/873
f 938/938/873 953/953/888 952/952/887
f 939/939/874 940/940/875 953/953/888
f 953/953/888 940/940/875 954/954/889
f 941/941/876 955/955/890 940/940/875
f 940/940/875 955/955/890 954/954/889
f 942/942/877 956/956/891 941/941/876
f 941/941/876 956/956/891 955/955/890
f 957/957/892 943/943/878 958/958/893
f 958/958/893 943/943/878 944/944/879
f 945/945/880 946/946/881 959/959/894
f 959/959/894 946/946/881 960/960/895
f 947/947/882 961/961/896 946/946/881
f 946/946/881 961/961/896 960/960/895
f 948/948/883 962/962/897 947/947/882
f 947/947/882 962/962/897 961/961/896
f 949/949/884 963/963/898 948/948/883
f 948/948/883 963/963/898 962/962/897
f 950/950/885 964/964/899 949/949/884
f 949/949/884 964/964/899 963/963/898
f 951/951/886 965/965/900 950/950/885
f 950/950/885 965/965/900 964/964/899
f 952/952/887 966/966/901 951/951/886
f 951/951/886 966/966/901 965/965/900
f 953/953/888 967/967/902 952/952/887
f 952/952/887 967/967/902 966/966/901
f 953/953/888 954/954/889 967/967/902
f 967/967/902 954/954/889 968/968/903
f 954/954/889 955/955/890 968/968/903
f 968/968/903 955/955/890 969/969/904
f 956/956/891 970/970/905 955/955/890
f 955/955/890 970/970/905 969/969/904
f 392/392/362 957/957/892 391/391/361
f 391/391/361 957/957/892 958/958/893
f 959/959/894 960/960/895 971/971/906
f 971/971/906 960/960/895 972/972/907
f 961/961/896 973/973/908 960/960/895
f 960/960/895 973/973/908 972/972/907
f 962/962/897 974/974/909 961/961/896
f 961/961/896 974/974/909 973/973/908
f 963/963/898 975/975/910 962/962/897
f 962/962/897 975/975/910 974/974/909
f 964/964/899 976/976/911 963/963/898
f 963/963/898 976/976/911 975/975/910
f 965/965/900 977/977/912 964/964/899
f 964/964/899 977/977/912 976/976/911
f 966/966/901 978/978/913 965/965/900
f 965/965/900 978/978/913 977/977/912
f 967/967/902 979/979/914 966/966/901
f 966/966/901 979/979/914 978/978/913
f 967/967/902 968/968/903 979/979/914
f 979/979/914 968/968/903 980/980/915
f 968/968/903 969/969/904 980/980/915
f 980/980/915 969/969/904 981/981/916
f 970/970/905 982/982/917 969/969/904
f 969/969/904 982/982/917 981/981/916
f 971/971/906 972/972/907 983/983/918
f 983/983/918 972/972/907 984/984/919
f 973/973/908 985/985/920 972/972/907
f 972/972/907 985/985/920 984/984/919
f 974/974/909 986/986/921 973/973/908
f 973/973/908 986/986/921 985/985/920
f 975/975/910 987/987/922 974/974/909
f 974/974/909 987/987/922 986/986/921
f 976/976/911 988/988/923 975/975/910
f 975/975/910 988/988/923 987/987/922
f 977/977/912 989/989/924 976/976/911
f 976/976/911 989/989/924 988/988/923
f 978/978/913 990/990/925 977/977/912
f 977/977/912 990/990/925 989/989/924
f 979/979/914 991/991/926 978/978/913
f 978/978/913 991/991/926 990/990/925
f 979/979/914 980/980/915 991/991/926
f 991/991/926 980/980/915 992/992/927
f 980/980/915 981/981/916 992/992/927
f 992/992/927 981/981/916 993/993/928
f 982/982/917 994/994/929 981/981/916
f 981/981/916 994/994/929 993/993/928
f 983/983/918 984/984/919 995/995/930
f 995/995/930 984/984/919 996/996/931
f 985/985/920 997/997/932 984/984/919
f 984/984/919 997/997/932 996/996/931
f 986/986/921 998/998/933 985/985/920
f 985/985/920 998/998/933 997/997/932
f 987/987/922 999/999/934 986/986/921
f 986/986/921 999/999/934 998/998/933
f 988/988/923 1000/1000/935 987/987/922
f 987/987/922 1000/1000/935 999/999/934
f 989/989/924 1001/1001/936 988/988/923
f 988/988/923 1001/1001/936 1000/1000/935
f 990/990/925 1002/1002/937 989/989/924
f 989/989/924 1002/1002/937 1001/1001/936
f 991/991/926 1003/1003/938 990/990/925
f 990/990/925 1003/1003/938 1002/1002/937
f 991/991/926 992/992/927 1003/1003/938
f 1003/1003/938 992/992/927 1004/1004/939
f 992/992/927 993/993/928 1004/1004/939
f 1004/1004/939 993/993/928 1005/1005/940
f 994/994/929 1006/1006/941 993/993/928
f 993/993/928 1006/1006/941 1005/1005/940
f 995/995/930 996/996/931 1007/1007/942
f 1007/1007/942 996/996/931 1008/1008/943
f 997/997/932 1009/1009/944 996/996/931
f 996/996/931 1009/1009/944 1008/1008/943
f 998/998/933 1010/1010/945 997/997/932
f 997/997/932 1010/1010/945 1009/1009/944
f 999/999/934 1011/1011/946 998/998/933
f 998/998/933 1011/1011/946 1010/1010/945
f 1000/1000/935 1012/1012/947 999/999/934
f 999/999/934 1012/1012/947 1011/1011/946
f 1001/1001/936 1013/1013/948 1000/1000/935
f 1000/1000/935 1013/1013/948 1012/1012/947
f 1002/1002/937 1014/1014/949 1001/1001/936
f 1001/1001/936 1014/1014/949 1013/1013/948
f 1002/1002/937 1003/1003/938 1014/1014/949
f 1014/1014/949 1003/1003/938 1015/1015/950
f 1003/1003/938 1004/1004/939 1015/1015/950
f 1015/1015/950 1004/1004/939 1016/1016/951
f 1004/1004/939 1005/1005/940 1016/1016/951
f 1016/1016/951 1005/1005/940 1017/1017/952
f 1005/1005/940 1006/1006/941 1017/1017/952
f 1017/1017/952 1006/1006/941 1018/1018/953
f 1007/1007/942 1008/1008/943 1019/1019/954
f 1019/1019/954 1008/1008/943 1020/1020/955
f 1009/1009/944 1021/1021/956 1008/1008/943
f 1008/1008/943 1021/1021/956 1020/1020/955
f 1010/1010/945 1022/1022/957 1009/1009/944
f 1009/1009/944 1022/1022/957 1021/1021/956
f 1011/1011/946 1023/1023/958 1010/1010/945
f 1010/1010/945 1023/1023/958 1022/1022/957
f 1012/1012/947 1024/1024/959 1011/1011/946
f 1011/1011/946 1024/1024/959 1023/1023/958
f 1013/1013/948 1025/1025/960 1012/1012/947
f 1012/1012/947 1025/1025/960 1024/1024/959
f 1014/1014/949 1026/1026/961 1013/1013/948
f 1013/1013/948 1026/1026/961 1025/1025/960
f 1014/1014/949 1015/1015/950 1026/1026/961
f 1026/1026/961 1015/1015/950 1027/1027/962
f 1015/1015/950 1016/1016/951 1027/1027/962
f 1027/1027/962 1016/1016/951 1028/1028/963
f 1017/1017/952 1029/1029/964 1016/1016/951
f 1016/1016/951 1029/1029/964 1028/1028/963
f 1017/1017/952 1018/1018/953 1029/1029/964
f 1029/1029/964 1018/1018/953 1030/1030/965
f 1019/1019/954 1020/1020/955 1031/1031/966
f 1031/1031/966 1020/1020/955 1032/1032/967
f 1020/1020/955 1021/1021/956 1032/1032/967
f 1032/1032/967 1021/1021/956 1033/1033/968
f 1021/1021/956 1022/1022/957 1033/1033/968
f 1033/1033/968 1022/1022/957 1034/1034/969
f 1022/1022/957 1023/1023/958 1034/1034/969
f 1034/1034/969 1023/1023/958 1035/1035/970
f 1024/1024/959 1036/1036/971 1023/1023/958
f 1023/1023/958 1036/1036/971 1035/1035/970
f 1025/1025/960 1037/1037/972 1024/1024/959
f 1024/1024/959 1037/1037/972 1036/1036/971
f 1026/1026/961 1038/1038/973 1025/1025/960
f 1025/1025/960 1038/1038/973 1037/1037/972
f 1026/1026/961 1027/1027/962 1038/1038/973
f 1038/1038/973 1027/1027/962 1039/1039/974
f 1028/1028/963 1040/1040/975 1027/1027/962
f 1027/1027/962 1040/1040/975 1039/1039/974
f 1029/1029/964 1041/1041/976 1028/1028/963
f 1028/1028/963 1041/1041/976 1040/1040/975
f 1030/1030/965 1042/1042/977 1029/1029/964
f 1029/1029/964 1042/1042/977 1041/1041/976
f 1031/1031/966 1032/1032/967 1043/1043/978
f 1043/1043/978 1032/1032/967 1044/1044/979
f 1032/1032/967 1033/1033/968 1044/1044/979
f 1044/1044/979 1033/1033/968 1045/1045/980
f 1033/1033/968 1034/1034/969 1045/1045/980
f 1045/1045/980 1034/1034/969 1046/1046/981
f 1037/1037/972 1038/1038/973 1047/1047/982
f 1039/1039/974 1048/1048/983 1038/1038/973
f 1038/1038/973 1048/1048/983 1047/1047/982
f 1040/1040/975 1049/1049/984 1039/1039/974
f 1039/1039/974 1049/1049/984 1048/1048/983
f 1041/1041/976 1050/1050/985 1040/1040/975
f 1040/1040/975 1050/1050/985 1049/1049/984
f 1042/1042/977 1051/1051/986 1041/1041/976
f 1041/1041/976 1051/1051/986 1050/1050/985
f 1043/1043/978 1044/1044/979 1052/1052/987
f 1052/1052/987 1044/1044/979 1053/1053/988
f 1044/1044/979 1045/1045/980 1053/1053/988
f 1053/1053/988 1045/1045/980 1054/1054/989
f 1052/1052/987 1053/1053/988 1055/1055/990
f 1055/1055/990 1053/1053/988 1056/1056/991
f 1054/1054/989 1057/1057/992 1053/1053/988
f 1053/1053/988 1057/1057/992 1056/1056/991
f 1058/1058/993 1059/1059/994 1049/1049/984
f 1049/1049/984 1059/1059/994 1048/1048/983
f 1050/1050/985 1060/1060/995 1049/1049/984
f 1049/1049/984 1060/1060/995 1058/1058/993
f 1051/1051/986 1061/1061/996 1050/1050/985
f 1050/1050/985 1061/1061/996 1060/1060/995
f 1055/1055/990 1056/1056/991 1062/1062/997
f 1062/1062/997 1056/1056/991 1063/1063/998
f 1057/1057/992 1064/1064/999 1056/1056/991
f 1056/1056/991 1064/1064/999 1063/1063/998
f 1065/1065/1000 1059/1059/994 1066/1066/1001
f 1066/1066/1001 1059/1059/994 1058/1058/993
f 1058/1058/993 1060/1060/995 1066/1066/1001
f 1066/1066/1001 1060/1060/995 1067/1067/1002
f 1061/1061/996 1068/1068/1003 1060/1060/995
f 1060/1060/995 1068/1068/1003 1067/1067/1002
f 1062/1062/997 1063/1063/998 1069/1069/1004
f 1069/1069/1004 1063/1063/998 1070/1070/1005
f 1063/1063/998 1064/1064/999 1070/1070/1005
f 1070/1070/1005 1064/1064/999 1071/1071/1006
f 1072/1072/1007 1073/1073/1008 1066/1066/1001
f 1066/1066/1001 1073/1073/1008 1065/1065/1000
f 1066/1066/1001 1067/1067/1002 1072/1072/1007
f 1072/1072/1007 1067/1067/1002 1074/1074/1009
f 1068/1068/1003 1075/1075/1010 1067/1067/1002
f 1067/1067/1002 1075/1075/1010 1074/1074/1009
f 1069/1069/1004 1070/1070/1005 1076/1076/1011
f 1076/1076/1011 1070/1070/1005 1077/1077/1012
f 1070/1070/1005 1071/1071/1006 1077/1077/1012
f 1077/1077/1012 1071/1071/1006 1078/1078/1013
f 1073/1073/1008 1072/1072/1007 1079/1079/1014
f 1079/1079/1014 1072/1072/1007 1080/1080/1015
f 1072/1072/1007 1074/1074/1009 1080/1080/1015
f 1080/1080/1015 1074/1074/1009 1081/1081/1016
f 1074/1074/1009 1075/1075/1010 1081/1081/1016
f 1081/1081/1016 1075/1075/1010 1082/1082/1017
f 1075/1075/1010 1083/1083/1018 1082/1082/1017
f 1082/1082/1017 1083/1083/1018 1084/1084/1019
f 1085/1085/1020 1083/1083/1018 1086/1086/1021
f 1086/1086/1021 1083/1083/1018 1087/1087/1022
f 1076/1076/1011 1077/1077/1012 1088/1088/1023
f 1088/1088/1023 1077/1077/1012 1089/1089/1024
f 1077/1077/1012 1078/1078/1013 1089/1089/1024
f 1089/1089/1024 1078/1078/1013 1090/1090/1025
f 1091/1091/1026 1092/1092/1027 1093/1093/1028
f 1093/1093/1028 1092/1092/1027 1094/1094/1029
f 873/873/808 875/875/810 1095/1095/1030
f 877/877/812 873/873/808 1095/1095/1030
f 879/879/814 877/877/812 1095/1095/1030
f 881/881/816 879/879/814 1095/1095/1030
f 883/883/818 881/881/816 1095/1095/1030
f 885/885/820 883/883/818 1095/1095/1030
f 887/887/822 885/885/820 1095/1095/1030
f 889/889/824 887/887/822 1095/1095/1030
f 891/891/826 889/889/824 1095/1095/1030
f 893/893/828 891/891/826 1095/1095/1030
f 895/895/830 893/893/828 1095/1095/1030
f 895/895/830 1095/1095/1030 897/897/832
f 899/899/834 901/901/836 1095/1095/1030
f 1096/1096/1031 1097/1097/1032 1098/1098/1033
f 1098/1098/1033 1097/1097/1032 1099/1099/1034
f 1098/1098/1033 1100/1100/1035 1096/1096/1031
f 1096/1096/1031 1100/1100/1035 1101/1101/1036
f 1102/1102/1037 1103/1103/1038 1098/1098/1033
f 1098/1098/1033 1103/1103/1038 1100/1100/1035
f 1098/1098/1033 1099/1099/1034 1102/1102/1037
f 1102/1102/1037 1099/1099/1034 1104/1104/1039
f 1105/1105/1040 1106/1106/1041 1107/1107/1042
f 1107/1107/1042 1106/1106/1041 1108/1108/1043
f 1107/1107/1042 1109/1109/1044 1105/1105/1040
f 1105/1105/1040 1109/1109/1044 1110/1110/1045
f 1096/1096/1031 1101/1101/1036 1107/1107/1042
f 1107/1107/1042 1101/1101/1036 1109/1109/1044
f 1107/1107/1042 1108/1108/1043 1096/1096/1031
f 1096/1096/1031 1108/1108/1043 1097/1097/1032
f 1111/1111/1046 1112/1112/1047 1113/1113/1048
f 1113/1113/1048 1112/1112/1047 1114/1114/1049
f 1113/1113/1048 1115/1115/1050 1111/1111/1046
f 1111/1111/1046 1115/1115/1050 1116/1116/1051
f 1105/1105/1040 1110/1110/1045 1113/1113/1048
f 1113/1113/1048 1110/1110/1045 1115/1115/1050
f 1113/1113/1048 1114/1114/1049 1105/1105/1040
f 1105/1105/1040 1114/1114/1049 1106/1106/1041
f 1117/1117/1052 1118/1118/1053 1119/1119/1054
f 1119/1119/1054 1118/1118/1053 1120/1120/1055
f 1120/1120/1055 1121/1121/1056 1119/1119/1054
f 1119/1119/1054 1121/1121/1056 1122/1122/1057
f 1111/1111/1046 1116/1116/1051 1120/1120/1055
f 1120/1120/1055 1116/1116/1051 1121/1121/1056
f 1120/1120/1055 1118/1118/1053 1111/1111/1046
f 1111/1111/1046 1118/1118/1053 1112/1112/1047
f 1123/1123/1058 1124/1124/1059 1125/1125/1060
f 1125/1125/1060 1124/1124/1059 1126/1126/1061
f 1122/1122/1057 1123/1123/1058 1119/1119/1054
f 1119/1119/1054 1123/1123/1058 1125/1125/1060
f 1125/1125/1060 1126/1126/1061 1127/1127/1062
f 1127/1127/1062 1126/1126/1061 1128/1128/1063
f 1129/1129/1064 1130/1130/1065 1131/1131/1066
f 1131/1131/1066 1130/1130/1065 1132/1132/1067
f 1133/1133/1068 1134/1134/1069 1132/1132/1067
f 1132/1132/1067 1134/1134/1069 1131/1131/1066
f 1124/1124/1059 1133/1133/1068 1126/1126/1061
f 1126/1126/1061 1133/1133/1068 1132/1132/1067
f 1130/1130/1065 1128/1128/1063 1132/1132/1067
f 1132/1132/1067 1128/1128/1063 1126/1126/1061
f 1135/1135/1070 1136/1136/1071 1137/1137/1072
f 1137/1137/1072 1136/1136/1071 1138/1138/1073
f 1139/1139/1074 1140/1140/1075 1138/1138/1073
f 1138/1138/1073 1140/1140/1075 1137/1137/1072
f 1134/1134/1069 1139/1139/1074 1131/1131/1066
f 1131/1131/1066 1139/1139/1074 1138/1138/1073
f 1136/1136/1071 1129/1129/1064 1138/1138/1073
f 1138/1138/1073 1129/1129/1064 1131/1131/1066
f 1141/1141/1076 1142/1142/1077 1143/1143/1078
f 1143/1143/1078 1142/1142/1077 1144/1144/1079
f 1145/1145/1080 1146/1146/1081 1144/1144/1079
f 1144/1144/1079 1146/1146/1081 1143/1143/1078
f 1140/1140/1075 1145/1145/1080 1137/1137/1072
f 1137/1137/1072 1145/1145/1080 1144/1144/1079
f 1142/1142/1077 1135/1135/1070 1144/1144/1079
f 1144/1144/1079 1135/1135/1070 1137/1137/1072
f 1147/1147/1082 1148/1148/1083 1149/1149/1084
f 1149/1149/1084 1148/1148/1083 1150/1150/1085
f 1151/1151/1086 1152/1152/1087 1150/1150/1085
f 1150/1150/1085 1152/1152/1087 1149/1149/1084
f 1146/1146/1081 1151/1151/1086 1143/1143/1078
f 1143/1143/1078 1151/1151/1086 1150/1150/1085
f 1148/1148/1083 1141/1141/1076 1150/1150/1085
f 1150/1150/1085 1141/1141/1076 1143/1143/1078
f 1102/1102/1037 1104/1104/1039 1153/1153/1088
f 1153/1153/1088 1104/1104/1039 1154/1154/1089
f 1153/1153/1088 1155/1155/1090 1102/1102/1037
f 1102/1102/1037 1155/1155/1090 1103/1103/1038
f 1149/1149/1084 1152/1152/1087 1153/1153/1088
f 1153/1153/1088 1152/1152/1087 1155/1155/1090
f 1153/1153/1088 1154/1154/1089 1149/1149/1084
f 1149/1149/1084 1154/1154/1089 1147/1147/1082
f 1142/1142/1077 1141/1141/1076 1099/1099/1034
f 1099/1099/1034 1141/1141/1076 1104/1104/1039
f 1156/1156/1091 1157/1157/1092 1158/1158/1093
f 1158/1158/1093 1157/1157/1092 1159/1159/1094
f 1160/1160/1095 1161/1161/1096 1162/1162/1097
f 1162/1162/1097 1161/1161/1096 1159/1159/1094
f 1163/1163/1098 1164/1164/1099 1165/1165/1100
f 1165/1165/1100 1164/1164/1099 1166/1166/1101
f 1167/1167/1102 1168/1168/1103 1169/1169/1104
f 1169/1169/1104 1168/1168/1103 1166/1166/1101
f 1170/1170/1105 1171/1171/1106 1169/1169/1104
f 1169/1169/1104 1171/1171/1106 1172/1172/1107
f 1173/1173/1108 1174/1174/1109 1158/1158/1093
f 1158/1158/1093 1174/1174/1109 1172/1172/1107
f 1175/1175/1110 1176/1176/1111 1177/1177/1112
f 1177/1177/1112 1176/1176/1111 1162/1162/1097
f 1178/1178/1113 1179/1179/1114 1180/1180/1115
f 1180/1180/1115 1179/1179/1114 1176/1176/1111
f 1181/1181/1116 1182/1182/1117 1180/1180/1115
f 1180/1180/1115 1182/1182/1117 1183/1183/1118
f 1184/1184/1119 1183/1183/1118 1185/1185/1120
f 1185/1185/1120 1183/1183/1118 1186/1186/1121
f 1187/1187/1122 1188/1188/1123 1189/1189/1124
f 1189/1189/1124 1188/1188/1123 1190/1190/1125
f 1191/1191/1126 1188/1188/1123 1192/1192/1127
f 1192/1192/1127 1188/1188/1123 1186/1186/1121
f 1193/1193/1128 1194/1194/1129 1195/1195/1130
f 1195/1195/1130 1194/1194/1129 1190/1190/1125
f 1196/1196/1131 1194/1194/1129 1197/1197/1132
f 1197/1197/1132 1194/1194/1129 1198/1198/1133
f 1199/1199/1134 1200/1200/1135 1201/1201/1136
f 1201/1201/1136 1200/1200/1135 1198/1198/1133
f 1202/1202/1137 1200/1200/1135 1203/1203/1138
f 1203/1203/1138 1200/1200/1135 1204/1204/1139
f 1205/1205/1140 1206/1206/1141 1207/1207/1142
f 1207/1207/1142 1206/1206/1141 1204/1204/1139
f 1208/1208/1143 1206/1206/1141 1209/1209/1144
f 1209/1209/1144 1206/1206/1141 1210/1210/1145
f 1211/1211/1146 1212/1212/1147 1213/1213/1148
f 1213/1213/1148 1212/1212/1147 1210/1210/1145
f 1214/1214/1149 1212/1212/1147 1215/1215/1150
f 1215/1215/1150 1212/1212/1147 1165/1165/1100
f 1115/1115/1050 1216/1216/1151 1116/1116/1051
f 1116/1116/1051 1216/1216/1151 1217/1217/1151
f 1216/1216/1152 1115/1115/1050 1218/1218/1152
f 1218/1218/1152 1115/1115/1050 1110/1110/1045
f 1100/1100/1035 1219/1219/1153 1101/1101/1036
f 1101/1101/1036 1219/1219/1153 1220/1220/1153
f 1219/1219/1154 1100/1100/1035 1221/1221/1154
f 1221/1221/1154 1100/1100/1035 1103/1103/1038
f 1109/1109/1044 1222/1222/1155 1110/1110/1045
f 1110/1110/1045 1222/1222/1155 1218/1218/1155
f 1222/1222/1156 1109/1109/1044 1220/1220/1156
f 1220/1220/1156 1109/1109/1044 1101/1101/1036
f 1121/1121/1056 1223/1223/1157 1122/1122/1057
f 1122/1122/1057 1223/1223/1157 1224/1224/1157
f 1223/1223/1158 1121/1121/1056 1217/1217/1158
f 1217/1217/1158 1121/1121/1056 1116/1116/1051
f 1155/1155/1090 1225/1225/1159 1103/1103/1038
f 1103/1103/1038 1225/1225/1159 1221/1221/1159
f 1225/1225/1160 1155/1155/1090 1226/1226/1160
f 1226/1226/1160 1155/1155/1090 1152/1152/1087
f 1124/1124/1059 1123/1123/1058 1227/1227/1161
f 1227/1227/1161 1123/1123/1058 1228/1228/1161
f 1123/1123/1058 1122/1122/1057 1228/1228/1162
f 1228/1228/1162 1122/1122/1057 1224/1224/1162
f 1152/1152/1087 1151/1151/1086 1226/1226/1163
f 1226/1226/1163 1151/1151/1086 1229/1229/1163
f 1151/1151/1086 1146/1146/1081 1229/1229/1164
f 1229/1229/1164 1146/1146/1081 1230/1230/1164
f 1134/1134/1069 1133/1133/1068 1231/1231/1165
f 1231/1231/1165 1133/1133/1068 1232/1232/1165
f 1133/1133/1068 1124/1124/1059 1232/1232/1166
f 1232/1232/1166 1124/1124/1059 1227/1227/1166
f 1146/1146/1081 1145/1145/1080 1230/1230/1167
f 1230/1230/1167 1145/1145/1080 1233/1233/1167
f 1145/1145/1080 1140/1140/1075 1233/1233/1168
f 1233/1233/1168 1140/1140/1075 1234/1234/1168
f 1140/1140/1075 1139/1139/1074 1234/1234/1169
f 1234/1234/1169 1139/1139/1074 1235/1235/1169
f 1139/1139/1074 1134/1134/1069 1235/1235/1170
f 1235/1235/1170 1134/1134/1069 1231/1231/1170
f 1236/1236/1171 1179/1179/1114 1237/1237/1171
f 1237/1237/1171 1179/1179/1114 1178/1178/1113
f 1179/1179/1114 1236/1236/1172 1160/1160/1095
f 1160/1160/1095 1236/1236/1172 1238/1238/1172
f 1239/1239/1173 1174/1174/1109 1240/1240/1173
f 1240/1240/1173 1174/1174/1109 1173/1173/1108
f 1167/1167/1102 1174/1174/1109 1241/1241/1174
f 1241/1241/1174 1174/1174/1109 1239/1239/1174
f 1160/1160/1095 1238/1238/1175 1161/1161/1096
f 1161/1161/1096 1238/1238/1175 1242/1242/1175
f 1240/1240/1176 1173/1173/1108 1242/1242/1176
f 1242/1242/1176 1173/1173/1108 1161/1161/1096
f 1243/1243/1177 1184/1184/1119 1244/1244/1177
f 1244/1244/1177 1184/1184/1119 1185/1185/1120
f 1237/1237/1178 1178/1178/1113 1243/1243/1178
f 1243/1243/1178 1178/1178/1113 1184/1184/1119
f 1241/1241/1179 1245/1245/1179 1167/1167/1102
f 1167/1167/1102 1245/1245/1179 1168/1168/1103
f 1215/1215/1150 1168/1168/1103 1246/1246/1180
f 1246/1246/1180 1168/1168/1103 1245/1245/1180
f 1247/1247/1181 1187/1187/1122 1248/1248/1181
f 1248/1248/1181 1187/1187/1122 1189/1189/1124
f 1244/1244/1182 1185/1185/1120 1247/1247/1182
f 1247/1247/1182 1185/1185/1120 1187/1187/1122
f 1246/1246/1183 1249/1249/1183 1215/1215/1150
f 1215/1215/1150 1249/1249/1183 1214/1214/1149
f 1209/1209/1144 1214/1214/1149 1250/1250/1184
f 1250/1250/1184 1214/1214/1149 1249/1249/1184
f 1251/1251/1185 1196/1196/1131 1252/1252/1185
f 1252/1252/1185 1196/1196/1131 1197/1197/1132
f 1248/1248/1186 1189/1189/1124 1251/1251/1186
f 1251/1251/1186 1189/1189/1124 1196/1196/1131
f 1250/1250/1187 1253/1253/1187 1209/1209/1144
f 1209/1209/1144 1253/1253/1187 1208/1208/1143
f 1203/1203/1138 1208/1208/1143 1254/1254/1188
f 1254/1254/1188 1208/1208/1143 1253/1253/1188
f 1203/1203/1138 1254/1254/1189 1202/1202/1137
f 1202/1202/1137 1254/1254/1189 1255/1255/1189
f 1252/1252/1190 1197/1197/1132 1255/1255/1190
f 1255/1255/1190 1197/1197/1132 1202/1202/1137
f 1191/1191/1126 1256/1256/1191 1195/1195/1130
f 1195/1195/1130 1256/1256/1191 1257/1257/1192
f 1191/1191/1126 1192/1192/1127 1256/1256/1191
f 1256/1256/1191 1192/1192/1127 1258/1258/1193
f 1193/1193/1128 1259/1259/1194 1201/1201/1136
f 1201/1201/1136 1259/1259/1194 1260/1260/1195
f 1259/1259/1194 1193/1193/1128 1257/1257/1192
f 1257/1257/1192 1193/1193/1128 1195/1195/1130
f 1177/1177/1112 1157/1157/1092 1261/1261/1196
f 1261/1261/1196 1157/1157/1092 1262/1262/1197
f 1157/1157/1092 1156/1156/1091 1262/1262/1197
f 1262/1262/1197 1156/1156/1091 1263/1263/1198
f 1205/1205/1140 1264/1264/1199 1213/1213/1148
f 1213/1213/1148 1264/1264/1199 1265/1265/1200
f 1264/1264/1199 1205/1205/1140 1266/1266/1201
f 1266/1266/1201 1205/1205/1140 1207/1207/1142
f 1170/1170/1105 1164/1164/1099 1267/1267/1202
f 1267/1267/1202 1164/1164/1099 1268/1268/1203
f 1268/1268/1203 1164/1164/1099 1269/1269/1204
f 1269/1269/1204 1164/1164/1099 1163/1163/1098
f 1156/1156/1091 1171/1171/1106 1263/1263/1198
f 1263/1263/1198 1171/1171/1106 1270/1270/1205
f 1171/1171/1106 1170/1170/1105 1270/1270/1205
f 1270/1270/1205 1170/1170/1105 1267/1267/1202
f 1181/1181/1116 1175/1175/1110 1271/1271/1206
f 1271/1271/1206 1175/1175/1110 1272/1272/1207
f 1175/1175/1110 1177/1177/1112 1272/1272/1207
f 1272/1272/1207 1177/1177/1112 1261/1261/1196
f 1192/1192/1127 1182/1182/1117 1258/1258/1193
f 1258/1258/1193 1182/1182/1117 1273/1273/1208
f 1182/1182/1117 1181/1181/1116 1273/1273/1208
f 1273/1273/1208 1181/1181/1116 1271/1271/1206
f 1199/1199/1134 1274/1274/1209 1207/1207/1142
f 1207/1207/1142 1274/1274/1209 1266/1266/1201
f 1274/1274/1209 1199/1199/1134 1260/1260/1195
f 1260/1260/1195 1199/1199/1134 1201/1201/1136
f 1211/1211/1146 1275/1275/1210 1163/1163/1098
f 1163/1163/1098 1275/1275/1210 1269/1269/1204
f 1275/1275/1210 1211/1211/1146 1265/1265/1200
f 1265/1265/1200 1211/1211/1146 1213/1213/1148
f 1276/1276/1211 1277/1277/1212 1256/1256/1191
f 1256/1256/1191 1277/1277/1212 1257/1257/1192
f 1278/1278/1213 1276/1276/1211 1258/1258/1193
f 1258/1258/1193 1276/1276/1211 1256/1256/1191
f 1259/1259/1194 1279/1279/1214 1260/1260/1195
f 1260/1260/1195 1279/1279/1214 1280/1280/1215
f 1279/1279/1214 1259/1259/1194 1277/1277/1212
f 1277/1277/1212 1259/1259/1194 1257/1257/1192
f 1281/1281/1216 1282/1282/1217 1262/1262/1197
f 1262/1262/1197 1282/1282/1217 1261/1261/1196
f 1283/1283/1218 1281/1281/1216 1263/1263/1198
f 1263/1263/1198 1281/1281/1216 1262/1262/1197
f 1264/1264/1199 1284/1284/1219 1265/1265/1200
f 1265/1265/1200 1284/1284/1219 1285/1285/1220
f 1284/1284/1219 1264/1264/1199 1286/1286/1221
f 1286/1286/1221 1264/1264/1199 1266/1266/1201
f 1268/1268/1203 1287/1287/1222 1267/1267/1202
f 1267/1267/1202 1287/1287/1222 1288/1288/1223
f 1287/1287/1222 1268/1268/1203 1289/1289/1224
f 1289/1289/1224 1268/1268/1203 1269/1269/1204
f 1290/1290/1225 1283/1283/1218 1270/1270/1205
f 1270/1270/1205 1283/1283/1218 1263/1263/1198
f 1288/1288/1223 1290/1290/1225 1267/1267/1202
f 1267/1267/1202 1290/1290/1225 1270/1270/1205
f 1291/1291/1226 1292/1292/1227 1272/1272/1207
f 1272/1272/1207 1292/1292/1227 1271/1271/1206
f 1282/1282/1217 1291/1291/1226 1261/1261/1196
f 1261/1261/1196 1291/1291/1226 1272/1272/1207
f 1293/1293/1228 1278/1278/1213 1273/1273/1208
f 1273/1273/1208 1278/1278/1213 1258/1258/1193
f 1292/1292/1227 1293/1293/1228 1271/1271/1206
f 1271/1271/1206 1293/1293/1228 1273/1273/1208
f 1274/1274/1209 1294/1294/1229 1266/1266/1201
f 1266/1266/1201 1294/1294/1229 1286/1286/1221
f 1294/1294/1229 1274/1274/1209 1280/1280/1215
f 1280/1280/1215 1274/1274/1209 1260/1260/1195
f 1275/1275/1210 1295/1295/1230 1269/1269/1204
f 1269/1269/1204 1295/1295/1230 1289/1289/1224
f 1295/1295/1230 1275/1275/1210 1285/1285/1220
f 1285/1285/1220 1275/1275/1210 1265/1265/1200
f 1148/1148/1083 1147/1147/1082 1141/1141/1076
f 1141/1141/1076 1147/1147/1082 1104/1104/1039
f 1147/1147/1082 1154/1154/1089 1104/1104/1039
f 1097/1097/1032 1108/1108/1043 1135/1135/1070
f 1135/1135/1070 1108/1108/1043 1136/1136/1071
f 1099/1099/1034 1097/1097/1032 1142/1142/1077
f 1142/1142/1077 1097/1097/1032 1135/1135/1070
f 1108/1108/1043 1106/1106/1041 1136/1136/1071
f 1136/1136/1071 1106/1106/1041 1129/1129/1064
f 1118/1118/1053 1117/1117/1052 1112/1112/1047
f 1128/1128/1063 1112/1112/1047 1127/1127/1062
f 1112/1112/1047 1117/1117/1052 1127/1127/1062
f 1114/1114/1049 1130/1130/1065 1106/1106/1041
f 1106/1106/1041 1130/1130/1065 1129/1129/1064
f 1127/1127/1062 1117/1117/1052 1125/1125/1060
f 1125/1125/1060 1117/1117/1052 1119/1119/1054
f 1112/1112/1047 1128/1128/1063 1114/1114/1049
f 1114/1114/1049 1128/1128/1063 1130/1130/1065
f 1277/1277/1212 1276/1276/1211 1296/1296/1231
f 1296/1296/1231 1276/1276/1211 1297/1297/1232
f 1276/1276/1211 1278/1278/1213 1297/1297/1232
f 1297/1297/1232 1278/1278/1213 1079/1079/1014
f 1279/1279/1214 1298/1298/1233 1280/1280/1215
f 1280/1280/1215 1298/1298/1233 1299/1299/1234
f 1281/1281/1216 1047/1047/982 1282/1282/1217
f 1282/1282/1217 1047/1047/982 1048/1048/983
f 1281/1281/1216 1283/1283/1218 1047/1047/982
f 1047/1047/982 1283/1283/1218 1037/1037/972
f 1284/1284/1219 1071/1071/1006 1285/1285/1220
f 1285/1285/1220 1071/1071/1006 1064/1064/999
f 1286/1286/1221 1078/1078/1013 1284/1284/1219
f 1284/1284/1219 1078/1078/1013 1071/1071/1006
f 1288/1288/1223 1287/1287/1222 1035/1035/970
f 1035/1035/970 1287/1287/1222 1046/1046/981
f 1287/1287/1222 1289/1289/1224 1046/1046/981
f 1046/1046/981 1289/1289/1224 1054/1054/989
f 1290/1290/1225 1036/1036/971 1283/1283/1218
f 1283/1283/1218 1036/1036/971 1037/1037/972
f 1290/1290/1225 1288/1288/1223 1036/1036/971
f 1036/1036/971 1288/1288/1223 1035/1035/970
f 1292/1292/1227 1291/1291/1226 1065/1065/1000
f 1065/1065/1000 1291/1291/1226 1059/1059/994
f 1291/1291/1226 1282/1282/1217 1059/1059/994
f 1059/1059/994 1282/1282/1217 1048/1048/983
f 1293/1293/1228 1292/1292/1227 1073/1073/1008
f 1073/1073/1008 1292/1292/1227 1065/1065/1000
f 1286/1286/1221 1294/1294/1229 1078/1078/1013
f 1078/1078/1013 1294/1294/1229 1090/1090/1025
f 1280/1280/1215 1299/1299/1234 1294/1294/1229
f 1294/1294/1229 1299/1299/1234 1090/1090/1025
f 1289/1289/1224 1295/1295/1230 1054/1054/989
f 1054/1054/989 1295/1295/1230 1057/1057/992
f 1295/1295/1230 1285/1285/1220 1057/1057/992
f 1057/1057/992 1285/1285/1220 1064/1064/999
f 1277/1277/1212 1296/1296/1231 1279/1279/1214
f 1279/1279/1214 1296/1296/1231 1298/1298/1233
f 1054/1054/989 1045/1045/980 1046/1046/981
f 1046/1046/981 1034/1034/969 1035/1035/970
f 1293/1293/1228 1073/1073/1008 1278/1278/1213
f 1278/1278/1213 1073/1073/1008 1079/1079/1014
f 1300/1300/1235 1301/1301/1236 1302/1302/1237
f 1301/1301/1236 1303/1303/1238 1304/1304/1239
f 1304/1304/1239 1303/1303/1238 1302/1302/1237
f 1305/1305/1240 1306/1306/1241 1307/1307/1242
f 1307/1307/1242 1306/1306/1241 1308/1308/1243
f 1306/1306/1241 1305/1305/1240 1309/1309/1244
f 1309/1309/1244 1305/1305/1240 1310/1310/1245
f 1311/1311/1246 1312/1312/1247 1305/1305/1240
f 1305/1305/1240 1312/1312/1247 1310/1310/1245
f 1313/1313/1248 1314/1314/1249 1315/1315/1250
f 1315/1315/1250 1314/1314/1249 1311/1311/1246
f 1311/1311/1246 1305/1305/1240 1315/1315/1250
f 1315/1315/1250 1305/1305/1240 1307/1307/1242
f 1316/1316/1251 1317/1317/1252 1318/1318/1253
f 1318/1318/1253 1317/1317/1252 1319/1319/1254
f 1320/1320/1255 1319/1319/1254 1321/1321/1255
f 1321/1321/1255 1319/1319/1254 1317/1317/1252
f 1322/1322/1256 1323/1323/1256 1324/1324/1257
f 1324/1324/1257 1323/1323/1256 1325/1325/1258
f 1326/1326/1259 1325/1325/1258 1327/1327/1260
f 1327/1327/1260 1325/1325/1258 1323/1323/1260
f 1317/1317/1252 1328/1328/1261 1321/1321/1262
f 1321/1321/1262 1328/1328/1261 1329/1329/1262
f 1328/1328/1261 1330/1330/1263 1329/1329/1264
f 1329/1329/1264 1330/1330/1263 1331/1331/1264
f 1330/1330/1263 1328/1328/1261 1332/1332/1265
f 1332/1332/1265 1328/1328/1261 1333/1333/1266
f 1328/1328/1261 1317/1317/1252 1333/1333/1266
f 1333/1333/1266 1317/1317/1252 1316/1316/1251
f 1334/1334/1267 1335/1335/1268 1336/1336/1269
f 1336/1336/1269 1335/1335/1268 1337/1337/1270
f 1318/1318/1253 1337/1337/1270 1316/1316/1251
f 1316/1316/1251 1337/1337/1270 1335/1335/1268
f 1338/1338/1271 1339/1339/1272 1340/1340/1273
f 1340/1340/1273 1339/1339/1272 1341/1341/1274
f 1339/1339/1272 1342/1342/1275 1341/1341/1274
f 1341/1341/1274 1342/1342/1275 1343/1343/1276
f 1342/1342/1275 1339/1339/1272 1344/1344/1277
f 1344/1344/1277 1339/1339/1272 1345/1345/1278
f 1345/1345/1278 1339/1339/1272 1338/1338/1271
f 1346/1346/1279 1347/1347/1280 1324/1324/1257
f 1324/1324/1257 1347/1347/1280 1348/1348/1281
f 1347/1347/1280 1346/1346/1279 1349/1349/1282
f 1349/1349/1282 1346/1346/1279 1350/1350/1283
f 1346/1346/1279 1351/1351/1284 1350/1350/1283
f 1350/1350/1283 1351/1351/1284 1352/1352/1285
f 1351/1351/1284 1353/1353/1286 1352/1352/1285
f 1352/1352/1285 1353/1353/1286 1354/1354/1287
f 1353/1353/1286 1351/1351/1284 1326/1326/1259
f 1326/1326/1259 1351/1351/1284 1325/1325/1258
f 1351/1351/1284 1346/1346/1279 1325/1325/1258
f 1325/1325/1258 1346/1346/1279 1324/1324/1257
f 1355/1355/1288 1356/1356/1289 1357/1357/1290
f 1357/1357/1290 1356/1356/1289 1358/1358/1291
f 1358/1358/1291 1356/1356/1289 1334/1334/1267
f 1334/1334/1267 1356/1356/1289 1335/1335/1268
f 1356/1356/1289 1333/1333/1266 1335/1335/1268
f 1335/1335/1268 1333/1333/1266 1316/1316/1251
f 1356/1356/1289 1355/1355/1288 1333/1333/1266
f 1333/1333/1266 1355/1355/1288 1332/1332/1265
f 1343/1343/1276 1342/1342/1275 1359/1359/1292
f 1359/1359/1292 1342/1342/1275 1360/1360/1293
f 1360/1360/1293 1342/1342/1275 1361/1361/1294
f 1362/1362/1295 1363/1363/1296 1364/1364/1297
f 1364/1364/1297 1363/1363/1296 1365/1365/1298
f 1363/1363/1296 1362/1362/1295 1366/1366/1299
f 1366/1366/1299 1362/1362/1295 1367/1367/1300
f 1368/1368/1301 1369/1369/1302 1370/1370/1303
f 1370/1370/1303 1369/1369/1302 1371/1371/1304
f 1371/1371/1304 1369/1369/1302 1372/1372/1305
f 1372/1372/1305 1369/1369/1302 1373/1373/1306
f 1369/1369/1302 1363/1363/1296 1373/1373/1306
f 1373/1373/1306 1363/1363/1296 1366/1366/1299
f 1369/1369/1302 1368/1368/1301 1363/1363/1296
f 1363/1363/1296 1368/1368/1301 1365/1365/1298
f 1374/1374/1307 1375/1375/1308 1376/1376/1309
f 1376/1376/1309 1375/1375/1308 1377/1377/1310
f 1375/1375/1308 1378/1378/1311 1377/1377/1310
f 1377/1377/1310 1378/1378/1311 1379/1379/1312
f 1380/1380/1313 1381/1381/1314 1382/1382/1315
f 1382/1382/1315 1381/1381/1314 1383/1383/1316
f 1380/1380/1313 1301/1301/1236 1381/1381/1314
f 1381/1381/1314 1301/1301/1236 1300/1300/1235
f 1384/1384/1317 1385/1385/1318 1382/1382/1315
f 1382/1382/1315 1385/1385/1318 1380/1380/1313
f 1380/1380/1313 1386/1386/1319 1301/1301/1236
f 1301/1301/1236 1386/1386/1319 1303/1303/1238
f 1386/1386/1319 1380/1380/1313 1387/1387/1320
f 1387/1387/1320 1380/1380/1313 1385/1385/1318
f 1388/1388/1321 1389/1389/1322 1390/1390/1323
f 1390/1390/1323 1389/1389/1322 1391/1391/1324
f 1389/1389/1322 1306/1306/1241 1391/1391/1324
f 1391/1391/1324 1306/1306/1241 1309/1309/1244
f 1306/1306/1241 1389/1389/1322 1308/1308/1243
f 1308/1308/1243 1389/1389/1322 1392/1392/1325
f 1389/1389/1322 1388/1388/1321 1392/1392/1325
f 1392/1392/1325 1388/1388/1321 1393/1393/1326
f 1336/1336/1269 1394/1394/1327 1334/1334/1267
f 1334/1334/1267 1394/1394/1327 1395/1395/1328
f 1396/1396/1329 1395/1395/1328 1397/1397/1330
f 1397/1397/1330 1395/1395/1328 1394/1394/1327
f 1398/1398/1331 1399/1399/1332 1400/1400/1333
f 1400/1400/1333 1399/1399/1332 1401/1401/1334
f 1399/1399/1332 1402/1402/1335 1401/1401/1334
f 1401/1401/1334 1402/1402/1335 1403/1403/1336
f 1402/1402/1335 1399/1399/1332 1383/1383/1316
f 1383/1383/1316 1399/1399/1332 1382/1382/1315
f 1404/1404/1337 1398/1398/1331 1405/1405/1338
f 1405/1405/1338 1398/1398/1331 1400/1400/1333
f 1385/1385/1318 1384/1384/1317 1406/1406/1339
f 1407/1407/1340 1406/1406/1339 1384/1384/1317
f 1407/1407/1340 1404/1404/1337 1359/1359/1292
f 1359/1359/1292 1404/1404/1337 1408/1408/1341
f 1404/1404/1337 1405/1405/1338 1408/1408/1341
f 1408/1408/1341 1405/1405/1338 1409/1409/1342
f 1410/1410/1343 1402/1402/1335 1411/1411/1344
f 1411/1411/1344 1402/1402/1335 1383/1383/1316
f 1402/1402/1335 1410/1410/1343 1403/1403/1336
f 1403/1403/1336 1410/1410/1343 1412/1412/1345
f 1410/1410/1343 1413/1413/1346 1412/1412/1345
f 1412/1412/1345 1413/1413/1346 1414/1414/1347
f 1413/1413/1346 1410/1410/1343 1415/1415/1348
f 1415/1415/1348 1410/1410/1343 1411/1411/1344
f 1416/1416/1349 1417/1417/1350 1418/1418/1351
f 1418/1418/1351 1417/1417/1350 1419/1419/1352
f 1420/1420/1353 1419/1419/1352 1421/1421/1354
f 1421/1421/1354 1419/1419/1352 1417/1417/1350
f 1422/1422/1355 1423/1423/1356 1424/1424/1357
f 1424/1424/1357 1423/1423/1356 1425/1425/1358
f 1423/1423/1356 1426/1426/1359 1425/1425/1358
f 1425/1425/1358 1426/1426/1359 1427/1427/1360
f 1426/1426/1359 1423/1423/1356 1428/1428/1361
f 1428/1428/1361 1423/1423/1356 1429/1429/1362
f 1423/1423/1356 1422/1422/1355 1429/1429/1362
f 1429/1429/1362 1422/1422/1355 1430/1430/1363
f 1431/1431/1364 1432/1432/1365 1433/1433/1366
f 1433/1433/1366 1432/1432/1365 1434/1434/1367
f 1432/1432/1365 1435/1435/1368 1434/1434/1367
f 1434/1434/1367 1435/1435/1368 1379/1379/1312
f 1432/1432/1365 1422/1422/1355 1435/1435/1368
f 1435/1435/1368 1422/1422/1355 1424/1424/1357
f 1422/1422/1355 1432/1432/1365 1430/1430/1363
f 1430/1430/1363 1432/1432/1365 1431/1431/1364
f 1436/1436/1369 1437/1437/1370 1438/1438/1371
f 1438/1438/1371 1437/1437/1370 1439/1439/1372
f 1437/1437/1370 1440/1440/1373 1439/1439/1372
f 1439/1439/1372 1440/1440/1373 1441/1441/1374
f 1440/1440/1373 1437/1437/1370 1420/1420/1353
f 1420/1420/1353 1437/1437/1370 1419/1419/1352
f 1437/1437/1370 1436/1436/1369 1419/1419/1352
f 1419/1419/1352 1436/1436/1369 1418/1418/1351
f 1442/1442/1375 1426/1426/1359 1443/1443/1376
f 1443/1443/1376 1426/1426/1359 1428/1428/1361
f 1426/1426/1359 1442/1442/1375 1427/1427/1360
f 1427/1427/1360 1442/1442/1375 1444/1444/1377
f 1442/1442/1375 1445/1445/1378 1444/1444/1377
f 1444/1444/1377 1445/1445/1378 1446/1446/1379
f 1445/1445/1378 1442/1442/1375 1447/1447/1380
f 1447/1447/1380 1442/1442/1375 1443/1443/1376
f 1421/1421/1354 1448/1448/1381 1420/1420/1353
f 1420/1420/1353 1448/1448/1381 1440/1440/1373
f 1449/1449/1382 1441/1441/1374 1448/1448/1381
f 1448/1448/1381 1441/1441/1374 1440/1440/1373
f 1450/1450/1383 1451/1451/1384 1452/1452/1385
f 1452/1452/1385 1451/1451/1384 1453/1453/1386
f 1451/1451/1384 1450/1450/1383 1446/1446/1379
f 1446/1446/1379 1450/1450/1383 1444/1444/1377
f 1444/1444/1377 1450/1450/1383 1427/1427/1360
f 1427/1427/1360 1450/1450/1383 1425/1425/1358
f 1450/1450/1383 1452/1452/1385 1425/1425/1358
f 1425/1425/1358 1452/1452/1385 1424/1424/1357
f 1454/1454/1387 1455/1455/1388 1350/1350/1283
f 1350/1350/1283 1455/1455/1388 1349/1349/1282
f 1455/1455/1388 1454/1454/1387 1456/1456/1389
f 1456/1456/1389 1454/1454/1387 1457/1457/1390
f 1458/1458/1391 1459/1459/1392 1460/1460/1393
f 1460/1460/1393 1459/1459/1392 1461/1461/1394
f 1385/1385/1318 1462/1462/1395 1387/1387/1320
f 1387/1387/1320 1462/1462/1395 1463/1463/1396
f 1464/1464/1397 1465/1465/1398 1466/1466/1399
f 1466/1466/1399 1465/1465/1398 1463/1463/1396
f 1454/1454/1387 1467/1467/1400 1457/1457/1390
f 1457/1457/1390 1467/1467/1400 1468/1468/1401
f 1467/1467/1400 1469/1469/1402 1468/1468/1401
f 1468/1468/1401 1469/1469/1402 1470/1470/1403
f 1469/1469/1402 1467/1467/1400 1354/1354/1287
f 1354/1354/1287 1467/1467/1400 1352/1352/1285
f 1467/1467/1400 1454/1454/1387 1352/1352/1285
f 1352/1352/1285 1454/1454/1387 1350/1350/1283
f 1471/1471/1404 1388/1388/1321 1465/1465/1398
f 1465/1465/1398 1388/1388/1321 1390/1390/1323
f 1388/1388/1321 1471/1471/1404 1393/1393/1326
f 1393/1393/1326 1471/1471/1404 1472/1472/1405
f 1471/1471/1404 1473/1473/1406 1472/1472/1405
f 1472/1472/1405 1473/1473/1406 1474/1474/1407
f 1473/1473/1406 1471/1471/1404 1464/1464/1397
f 1464/1464/1397 1471/1471/1404 1465/1465/1398
f 1475/1475/1408 1476/1476/1409 1457/1457/1390
f 1457/1457/1390 1476/1476/1409 1456/1456/1389
f 1459/1459/1392 1477/1477/1410 1461/1461/1394
f 1461/1461/1394 1477/1477/1410 1478/1478/1411
f 1479/1479/1412 1464/1464/1397 1480/1480/1413
f 1480/1480/1413 1464/1464/1397 1466/1466/1399
f 1481/1481/1414 1482/1482/1415 1470/1470/1403
f 1470/1470/1403 1482/1482/1415 1468/1468/1401
f 1482/1482/1415 1475/1475/1408 1468/1468/1401
f 1468/1468/1401 1475/1475/1408 1457/1457/1390
f 1473/1473/1406 1483/1483/1416 1474/1474/1407
f 1474/1474/1407 1483/1483/1416 1484/1484/1417
f 1483/1483/1416 1473/1473/1406 1479/1479/1412
f 1479/1479/1412 1473/1473/1406 1464/1464/1397
f 1477/1477/1410 1362/1362/1295 1478/1478/1411
f 1478/1478/1411 1362/1362/1295 1364/1364/1297
f 1372/1372/1305 1373/1373/1306 1481/1481/1414
f 1481/1481/1414 1373/1373/1306 1482/1482/1415
f 1373/1373/1306 1366/1366/1299 1482/1482/1415
f 1482/1482/1415 1366/1366/1299 1475/1475/1408
f 1485/1485/1418 1486/1486/1419 1487/1487/1420
f 1487/1487/1420 1486/1486/1419 1488/1488/1421
f 1486/1486/1419 1485/1485/1418 1396/1396/1329
f 1396/1396/1329 1485/1485/1418 1395/1395/1328
f 1485/1485/1418 1358/1358/1291 1395/1395/1328
f 1395/1395/1328 1358/1358/1291 1334/1334/1267
f 1358/1358/1291 1485/1485/1418 1357/1357/1290
f 1357/1357/1290 1485/1485/1418 1487/1487/1420
f 1489/1489/1422 1490/1490/1423 1414/1414/1347
f 1414/1414/1347 1490/1490/1423 1412/1412/1345
f 1490/1490/1423 1491/1491/1424 1412/1412/1345
f 1412/1412/1345 1491/1491/1424 1403/1403/1336
f 1491/1491/1424 1490/1490/1423 1428/1428/1361
f 1428/1428/1361 1490/1490/1423 1443/1443/1376
f 1490/1490/1423 1489/1489/1422 1443/1443/1376
f 1443/1443/1376 1489/1489/1422 1447/1447/1380
f 1492/1492/1425 1493/1493/1426 1433/1433/1366
f 1433/1433/1366 1493/1493/1426 1494/1494/1427
f 1493/1493/1426 1495/1495/1428 1494/1494/1427
f 1494/1494/1427 1495/1495/1428 1409/1409/1342
f 1397/1397/1330 1496/1496/1429 1396/1396/1329
f 1396/1396/1329 1496/1496/1429 1497/1497/1430
f 1418/1418/1351 1497/1497/1430 1416/1416/1349
f 1416/1416/1349 1497/1497/1430 1496/1496/1429
f 1498/1498/1431 1499/1499/1432 1430/1430/1363
f 1430/1430/1363 1499/1499/1432 1429/1429/1362
f 1499/1499/1432 1491/1491/1424 1429/1429/1362
f 1429/1429/1362 1491/1491/1424 1428/1428/1361
f 1491/1491/1424 1499/1499/1432 1403/1403/1336
f 1403/1403/1336 1499/1499/1432 1401/1401/1334
f 1499/1499/1432 1498/1498/1431 1401/1401/1334
f 1401/1401/1334 1498/1498/1431 1400/1400/1333
f 1449/1449/1382 1448/1448/1381 1374/1374/1307
f 1374/1374/1307 1448/1448/1381 1375/1375/1308
f 1448/1448/1381 1421/1421/1354 1375/1375/1308
f 1375/1375/1308 1421/1421/1354 1378/1378/1311
f 1421/1421/1354 1417/1417/1350 1378/1378/1311
f 1378/1378/1311 1417/1417/1350 1500/1500/1433
f 1417/1417/1350 1416/1416/1349 1500/1500/1433
f 1500/1500/1433 1416/1416/1349 1492/1492/1425
f 1397/1397/1330 1394/1394/1327 1495/1495/1428
f 1495/1495/1428 1394/1394/1327 1501/1501/1434
f 1394/1394/1327 1336/1336/1269 1501/1501/1434
f 1501/1501/1434 1336/1336/1269 1343/1343/1276
f 1336/1336/1269 1337/1337/1270 1343/1343/1276
f 1343/1343/1276 1337/1337/1270 1341/1341/1274
f 1337/1337/1270 1318/1318/1253 1341/1341/1274
f 1341/1341/1274 1318/1318/1253 1340/1340/1273
f 1502/1502/1435 1338/1338/1271 1320/1320/1435
f 1320/1320/1435 1338/1338/1271 1340/1340/1273
f 1503/1503/1436 1344/1344/1277 1345/1345/1278
f 1458/1458/1391 1455/1455/1388 1459/1459/1392
f 1459/1459/1392 1455/1455/1388 1456/1456/1389
f 1476/1476/1409 1477/1477/1410 1456/1456/1389
f 1456/1456/1389 1477/1477/1410 1459/1459/1392
f 1367/1367/1300 1362/1362/1295 1476/1476/1409
f 1476/1476/1409 1362/1362/1295 1477/1477/1410
f 1331/1331/1437 1330/1330/1263 1504/1504/1437
f 1504/1504/1437 1330/1330/1263 1505/1505/1438
f 1505/1505/1438 1330/1330/1263 1506/1506/1439
f 1506/1506/1439 1330/1330/1263 1332/1332/1265
f 1355/1355/1288 1507/1507/1440 1332/1332/1265
f 1332/1332/1265 1507/1507/1440 1506/1506/1439
f 1507/1507/1440 1355/1355/1288 1508/1508/1441
f 1508/1508/1441 1355/1355/1288 1357/1357/1290
f 1487/1487/1420 1509/1509/1442 1357/1357/1290
f 1357/1357/1290 1509/1509/1442 1508/1508/1441
f 1487/1487/1420 1488/1488/1421 1509/1509/1442
f 1509/1509/1442 1488/1488/1421 1510/1510/1443
f 1488/1488/1421 1511/1511/1444 1510/1510/1443
f 1510/1510/1443 1511/1511/1444 1512/1512/1445
f 1511/1511/1444 1438/1438/1371 1512/1512/1445
f 1512/1512/1445 1438/1438/1371 1513/1513/1446
f 1438/1438/1371 1439/1439/1372 1513/1513/1446
f 1513/1513/1446 1439/1439/1372 1514/1514/1447
f 1439/1439/1372 1441/1441/1374 1514/1514/1447
f 1514/1514/1447 1441/1441/1374 1515/1515/1448
f 1441/1441/1374 1449/1449/1382 1515/1515/1448
f 1515/1515/1448 1449/1449/1382 1516/1516/1449
f 1449/1449/1382 1374/1374/1307 1516/1516/1449
f 1516/1516/1449 1374/1374/1307 1517/1517/1450
f 1518/1518/1451 1519/1519/1452 1376/1376/1309
f 1376/1376/1309 1519/1519/1452 1520/1520/1453
f 1519/1519/1452 1518/1518/1451 1521/1521/1454
f 1521/1521/1454 1518/1518/1451 1453/1453/1386
f 1522/1522/1455 1451/1451/1384 1523/1523/1456
f 1523/1523/1456 1451/1451/1384 1446/1446/1379
f 1451/1451/1384 1522/1522/1455 1453/1453/1386
f 1453/1453/1386 1522/1522/1455 1521/1521/1454
f 1445/1445/1378 1524/1524/1457 1446/1446/1379
f 1446/1446/1379 1524/1524/1457 1523/1523/1456
f 1524/1524/1457 1445/1445/1378 1525/1525/1458
f 1525/1525/1458 1445/1445/1378 1447/1447/1380
f 1526/1526/1459 1489/1489/1422 1527/1527/1460
f 1527/1527/1460 1489/1489/1422 1414/1414/1347
f 1489/1489/1422 1526/1526/1459 1447/1447/1380
f 1447/1447/1380 1526/1526/1459 1525/1525/1458
f 1413/1413/1346 1528/1528/1461 1414/1414/1347
f 1414/1414/1347 1528/1528/1461 1527/1527/1460
f 1528/1528/1461 1413/1413/1346 1529/1529/1462
f 1529/1529/1462 1413/1413/1346 1415/1415/1348
f 1314/1314/1249 1313/1313/1248 1415/1415/1348
f 1415/1415/1348 1313/1313/1248 1529/1529/1462
f 1368/1368/1301 1530/1530/1463 1365/1365/1298
f 1365/1365/1298 1530/1530/1463 1531/1531/1464
f 1530/1530/1463 1483/1483/1416 1531/1531/1464
f 1531/1531/1464 1483/1483/1416 1479/1479/1412
f 1483/1483/1416 1530/1530/1463 1484/1484/1417
f 1484/1484/1417 1530/1530/1463 1532/1532/1465
f 1530/1530/1463 1368/1368/1301 1532/1532/1465
f 1532/1532/1465 1368/1368/1301 1370/1370/1303
f 1517/1517/1450 1374/1374/1307 1520/1520/1453
f 1520/1520/1453 1374/1374/1307 1376/1376/1309
f 1533/1533/1466 1406/1406/1339 1460/1460/1393
f 1460/1460/1393 1406/1406/1339 1534/1534/1467
f 1406/1406/1339 1533/1533/1466 1385/1385/1318
f 1385/1385/1318 1533/1533/1466 1462/1462/1395
f 1533/1533/1466 1535/1535/1468 1462/1462/1395
f 1462/1462/1395 1535/1535/1468 1536/1536/1469
f 1535/1535/1468 1533/1533/1466 1461/1461/1394
f 1461/1461/1394 1533/1533/1466 1460/1460/1393
f 1495/1495/1428 1501/1501/1434 1409/1409/1342
f 1409/1409/1342 1501/1501/1434 1408/1408/1341
f 1408/1408/1341 1501/1501/1434 1359/1359/1292
f 1359/1359/1292 1501/1501/1434 1343/1343/1276
f 1537/1537/1470 1535/1535/1468 1478/1478/1411
f 1478/1478/1411 1535/1535/1468 1461/1461/1394
f 1535/1535/1468 1537/1537/1470 1536/1536/1469
f 1536/1536/1469 1537/1537/1470 1538/1538/1471
f 1498/1498/1431 1539/1539/1472 1400/1400/1333
f 1400/1400/1333 1539/1539/1472 1405/1405/1338
f 1405/1405/1338 1539/1539/1472 1409/1409/1342
f 1409/1409/1342 1539/1539/1472 1494/1494/1427
f 1539/1539/1472 1431/1431/1364 1494/1494/1427
f 1494/1494/1427 1431/1431/1364 1433/1433/1366
f 1539/1539/1472 1498/1498/1431 1431/1431/1364
f 1431/1431/1364 1498/1498/1431 1430/1430/1363
f 1540/1540/1473 1537/1537/1470 1364/1364/1297
f 1364/1364/1297 1537/1537/1470 1478/1478/1411
f 1537/1537/1470 1540/1540/1473 1538/1538/1471
f 1538/1538/1471 1540/1540/1473 1480/1480/1413
f 1378/1378/1311 1500/1500/1433 1379/1379/1312
f 1379/1379/1312 1500/1500/1433 1434/1434/1367
f 1500/1500/1433 1492/1492/1425 1434/1434/1367
f 1434/1434/1367 1492/1492/1425 1433/1433/1366
f 1531/1531/1464 1540/1540/1473 1365/1365/1298
f 1365/1365/1298 1540/1540/1473 1364/1364/1297
f 1518/1518/1451 1541/1541/1474 1453/1453/1386
f 1453/1453/1386 1541/1541/1474 1452/1452/1385
f 1541/1541/1474 1435/1435/1368 1452/1452/1385
f 1452/1452/1385 1435/1435/1368 1424/1424/1357
f 1435/1435/1368 1541/1541/1474 1379/1379/1312
f 1379/1379/1312 1541/1541/1474 1377/1377/1310
f 1541/1541/1474 1518/1518/1451 1377/1377/1310
f 1377/1377/1310 1518/1518/1451 1376/1376/1309
f 1366/1366/1299 1367/1367/1300 1475/1475/1408
f 1475/1475/1408 1367/1367/1300 1476/1476/1409
f 1318/1318/1253 1319/1319/1254 1340/1340/1273
f 1340/1340/1273 1319/1319/1254 1320/1320/1475
f 1359/1359/1292 1360/1360/1293 1407/1407/1340
f 1360/1360/1293 1534/1534/1467 1407/1407/1340
f 1406/1406/1339 1407/1407/1340 1534/1534/1467
f 1542/1542/1476 1314/1314/1249 1411/1411/1344
f 1411/1411/1344 1314/1314/1249 1415/1415/1348
f 1314/1314/1249 1542/1542/1476 1311/1311/1246
f 1311/1311/1246 1542/1542/1476 1312/1312/1247
f 1381/1381/1314 1542/1542/1476 1383/1383/1316
f 1383/1383/1316 1542/1542/1476 1411/1411/1344
f 1486/1486/1419 1543/1543/1477 1488/1488/1421
f 1488/1488/1421 1543/1543/1477 1511/1511/1444
f 1543/1543/1477 1436/1436/1369 1511/1511/1444
f 1511/1511/1444 1436/1436/1369 1438/1438/1371
f 1436/1436/1369 1543/1543/1477 1418/1418/1351
f 1418/1418/1351 1543/1543/1477 1497/1497/1430
f 1543/1543/1477 1486/1486/1419 1497/1497/1430
f 1497/1497/1430 1486/1486/1419 1396/1396/1329
f 1416/1416/1349 1496/1496/1429 1492/1492/1425
f 1492/1492/1425 1496/1496/1429 1493/1493/1426
f 1496/1496/1429 1397/1397/1330 1493/1493/1426
f 1493/1493/1426 1397/1397/1330 1495/1495/1428
f 1384/1384/1317 1398/1398/1331 1407/1407/1340
f 1407/1407/1340 1398/1398/1331 1404/1404/1337
f 1399/1399/1332 1398/1398/1331 1382/1382/1315
f 1382/1382/1315 1398/1398/1331 1384/1384/1317
f 1536/1536/1469 1538/1538/1471 1466/1466/1399
f 1466/1466/1399 1538/1538/1471 1480/1480/1413
f 1462/1462/1395 1536/1536/1469 1463/1463/1396
f 1463/1463/1396 1536/1536/1469 1466/1466/1399
f 1480/1480/1413 1540/1540/1473 1479/1479/1412
f 1479/1479/1412 1540/1540/1473 1531/1531/1464
f 1465/1465/1398 1390/1390/1323 1463/1463/1396
f 1463/1463/1396 1390/1390/1323 1387/1387/1320
f 1391/1391/1324 1386/1386/1319 1390/1390/1323
f 1390/1390/1323 1386/1386/1319 1387/1387/1320
f 1386/1386/1319 1391/1391/1324 1303/1303/1238
f 1303/1303/1238 1391/1391/1324 1309/1309/1244
f 1309/1309/1244 1310/1310/1245 1303/1303/1238
f 1303/1303/1238 1310/1310/1245 1302/1302/1237
f 1312/1312/1247 1300/1300/1235 1310/1310/1245
f 1310/1310/1245 1300/1300/1235 1302/1302/1237
f 1542/1542/1476 1381/1381/1314 1312/1312/1247
f 1312/1312/1247 1381/1381/1314 1300/1300/1235
f 1544/1544/1478 1545/1545/1479 1546/1546/1480
f 1546/1546/1480 1545/1545/1479 1547/1547/1480
f 1548/1548/1481 1545/1545/1479 1298/1298/1233
f 1298/1298/1233 1545/1545/1479 1094/1094/1029
f 1298/1298/1233 1094/1094/1029 1299/1299/1234
f 1299/1299/1234 1094/1094/1029 1092/1092/1027
f 1089/1089/1024 1090/1090/1025 1092/1092/1027
f 1092/1092/1027 1090/1090/1025 1299/1299/1234
f 1088/1088/1023 1089/1089/1024 1091/1091/1026
f 1091/1091/1026 1089/1089/1024 1092/1092/1027
f 1549/1549/1482 1550/1550/1483 1551/1551/1484
f 1551/1551/1484 1550/1550/1483 1552/1552/1484
f 1553/1553/1485 1550/1550/1483 1079/1079/1014
f 1079/1079/1014 1550/1550/1483 1297/1297/1232
f 1554/1554/1486 1555/1555/1487 1556/1556/1488
f 1556/1556/1488 1555/1555/1487 1557/1557/1488
f 1558/1558/1489 1559/1559/1490 1560/1560/1491
f 1560/1560/1491 1559/1559/1490 1084/1084/1019
f 1549/1549/1482 1548/1548/1481 1296/1296/1231
f 1296/1296/1231 1548/1548/1481 1298/1298/1233
f 1554/1554/1486 1553/1553/1485 1080/1080/1015
f 1080/1080/1015 1553/1553/1485 1079/1079/1014
f 1502/1502/1492 1561/1561/1492 1338/1338/1271
f 1338/1338/1271 1561/1561/1492 1345/1345/1278
f 1324/1324/1257 1348/1348/1281 1322/1322/1493
f 1322/1322/1493 1348/1348/1281 1562/1562/1493
f 1563/1563/1494 1555/1555/1487 1082/1082/1017
f 1082/1082/1017 1555/1555/1487 1081/1081/1016
f 1348/1348/1281 1345/1345/1278 1562/1562/1495
f 1562/1562/1495 1345/1345/1278 1561/1561/1495
f 1545/1545/1479 1544/1544/1478 1094/1094/1029
f 1094/1094/1029 1544/1544/1478 1093/1093/1028
f 1559/1559/1490 1558/1558/1489 1564/1564/1496
f 1564/1564/1496 1558/1558/1489 1565/1565/1496
f 1547/1547/1497 1545/1545/1479 1566/1566/1497
f 1566/1566/1497 1545/1545/1479 1548/1548/1481
f 1566/1566/1498 1548/1548/1481 1551/1551/1498
f 1551/1551/1498 1548/1548/1481 1549/1549/1482
f 1297/1297/1232 1550/1550/1483 1296/1296/1231
f 1296/1296/1231 1550/1550/1483 1549/1549/1482
f 1550/1550/1483 1553/1553/1485 1552/1552/1499
f 1552/1552/1499 1553/1553/1485 1567/1567/1499
f 1553/1553/1485 1554/1554/1486 1567/1567/1500
f 1567/1567/1500 1554/1554/1486 1556/1556/1500
f 1555/1555/1487 1554/1554/1486 1081/1081/1016
f 1081/1081/1016 1554/1554/1486 1080/1080/1015
f 1555/1555/1487 1563/1563/1494 1557/1557/1501
f 1557/1557/1501 1563/1563/1494 1568/1568/1501
f 1563/1563/1494 1559/1559/1490 1568/1568/1502
f 1568/1568/1502 1559/1559/1490 1564/1564/1502
f 1569/1569/1503 1458/1458/1391 1534/1534/1467
f 1534/1534/1467 1458/1458/1391 1460/1460/1393
f 1455/1455/1388 1458/1458/1391 1349/1349/1282
f 1349/1349/1282 1458/1458/1391 1569/1569/1503
f 1347/1347/1280 1349/1349/1282 1570/1570/1504
f 1570/1570/1504 1349/1349/1282 1569/1569/1503
f 1569/1569/1503 1534/1534/1467 1361/1361/1294
f 1361/1361/1294 1534/1534/1467 1360/1360/1293
f 1570/1570/1504 1569/1569/1503 1503/1503/1436
f 1503/1503/1436 1569/1569/1503 1361/1361/1294
f 1570/1570/1504 1503/1503/1436 1348/1348/1281
f 1348/1348/1281 1503/1503/1436 1345/1345/1278
f 1348/1348/1281 1347/1347/1280 1570/1570/1504
f 1503/1503/1436 1361/1361/1294 1344/1344/1277
f 1344/1344/1277 1361/1361/1294 1342/1342/1275
f 1082/1082/1017 1084/1084/1019 1563/1563/1494
f 1563/1563/1494 1084/1084/1019 1559/1559/1490
f 898/898/833 915/915/850 896/896/831
f 896/896/831 915/915/850 914/914/849
f 915/915/850 929/929/864 914/914/849
f 914/914/849 929/929/864 928/928/863
f 929/929/864 943/943/878 928/928/863
f 928/928/863 943/943/878 942/942/877
f 943/943/878 957/957/892 942/942/877
f 942/942/877 957/957/892 956/956/891
f 956/956/891 957/957/892 970/970/905
f 970/970/905 957/957/892 392/392/362
f 392/392/362 395/395/365 970/970/905
f 970/970/905 395/395/365 982/982/917
f 1068/1068/1003 1087/1087/1022 1075/1075/1010
f 1075/1075/1010 1087/1087/1022 1083/1083/1018
f 876/876/811 1571/1571/1505 875/875/810
f 875/875/810 1571/1571/1505 1572/1572/1506
f 1571/1571/1505 1573/1573/1507 1572/1572/1506
f 1572/1572/1506 1573/1573/1507 1574/1574/1508
f 1573/1573/1507 1575/1575/1509 1574/1574/1508
f 1574/1574/1508 1575/1575/1509 1576/1576/1510
f 1575/1575/1509 1577/1577/1511 1576/1576/1510
f 1576/1576/1510 1577/1577/1511 1578/1578/1512
f 1577/1577/1511 1579/1579/1513 1578/1578/1512
f 1578/1578/1512 1579/1579/1513 1580/1580/1514
f 1579/1579/1513 1581/1581/1515 1580/1580/1514
f 1580/1580/1514 1581/1581/1515 1582/1582/1516
f 1581/1581/1515 1583/1583/1517 1582/1582/1516
f 1582/1582/1516 1583/1583/1517 1584/1584/1518
f 1583/1583/1517 1585/1585/1519 1584/1584/1518
f 1584/1584/1518 1585/1585/1519 1586/1586/1520
f 1586/1586/1520 1585/1585/1519 1587/1587/1521
f 1587/1587/1521 1585/1585/1519 1588/1588/1522
f 1587/1587/1521 1588/1588/1522 1589/1589/1523
f 1589/1589/1523 1588/1588/1522 1590/1590/1524
f 1590/1590/1524 1591/1591/1525 1589/1589/1523
f 1589/1589/1523 1591/1591/1525 1592/1592/1526
f 1591/1591/1525 1593/1593/1527 1592/1592/1526
f 1592/1592/1526 1593/1593/1527 1594/1594/1528
f 1593/1593/1527 1595/1595/1529 1594/1594/1528
f 1594/1594/1528 1595/1595/1529 1596/1596/1530
f 904/904/839 1597/1597/1531 876/876/811
f 876/876/811 1597/1597/1531 1571/1571/1505
f 1597/1597/1531 1598/1598/1532 1571/1571/1505
f 1571/1571/1505 1598/1598/1532 1573/1573/1507
f 1598/1598/1532 1599/1599/1533 1573/1573/1507
f 1573/1573/1507 1599/1599/1533 1575/1575/1509
f 1599/1599/1533 1600/1600/1534 1575/1575/1509
f 1575/1575/1509 1600/1600/1534 1577/1577/1511
f 1600/1600/1534 1601/1601/1535 1577/1577/1511
f 1577/1577/1511 1601/1601/1535 1579/1579/1513
f 1601/1601/1535 1602/1602/1536 1579/1579/1513
f 1579/1579/1513 1602/1602/1536 1581/1581/1515
f 1602/1602/1536 1603/1603/1537 1581/1581/1515
f 1581/1581/1515 1603/1603/1537 1583/1583/1517
f 1603/1603/1537 1604/1604/1538 1583/1583/1517
f 1583/1583/1517 1604/1604/1538 1585/1585/1519
f 1585/1585/1519 1604/1604/1538 1588/1588/1522
f 1588/1588/1522 1604/1604/1538 1605/1605/1539
f 1588/1588/1522 1605/1605/1539 1590/1590/1524
f 1590/1590/1524 1605/1605/1539 1606/1606/1540
f 1606/1606/1540 1607/1607/1541 1590/1590/1524
f 1590/1590/1524 1607/1607/1541 1591/1591/1525
f 1608/1608/1542 1609/1609/1543 1593/1593/1527
f 1593/1593/1527 1609/1609/1543 1595/1595/1529
f 918/918/853 1610/1610/1544 904/904/839
f 904/904/839 1610/1610/1544 1597/1597/1531
f 1610/1610/1544 1611/1611/1545 1597/1597/1531
f 1597/1597/1531 1611/1611/1545 1598/1598/1532
f 1611/1611/1545 1612/1612/1546 1598/1598/1532
f 1598/1598/1532 1612/1612/1546 1599/1599/1533
f 1612/1612/1546 1613/1613/1547 1599/1599/1533
f 1599/1599/1533 1613/1613/1547 1600/1600/1534
f 1613/1613/1547 1614/1614/1548 1600/1600/1534
f 1600/1600/1534 1614/1614/1548 1601/1601/1535
f 1614/1614/1548 1615/1615/1549 1601/1601/1535
f 1601/1601/1535 1615/1615/1549 1602/1602/1536
f 1615/1615/1549 1616/1616/1550 1602/1602/1536
f 1602/1602/1536 1616/1616/1550 1603/1603/1537
f 1616/1616/1550 1617/1617/1551 1603/1603/1537
f 1603/1603/1537 1617/1617/1551 1604/1604/1538
f 1604/1604/1538 1617/1617/1551 1605/1605/1539
f 1605/1605/1539 1617/1617/1551 1618/1618/1552
f 1605/1605/1539 1618/1618/1552 1606/1606/1540
f 1606/1606/1540 1618/1618/1552 1619/1619/1553
f 1606/1606/1540 1619/1619/1553 1607/1607/1541
f 1607/1607/1541 1619/1619/1553 1620/1620/1554
f 1621/1621/1555 1622/1622/1556 1608/1608/1542
f 1608/1608/1542 1622/1622/1556 1609/1609/1543
f 918/918/853 931/931/866 1610/1610/1544
f 1610/1610/1544 931/931/866 1623/1623/1557
f 1623/1623/1557 1624/1624/1558 1610/1610/1544
f 1610/1610/1544 1624/1624/1558 1611/1611/1545
f 1624/1624/1558 1625/1625/1559 1611/1611/1545
f 1611/1611/1545 1625/1625/1559 1612/1612/1546
f 1625/1625/1559 1626/1626/1560 1612/1612/1546
f 1612/1612/1546 1626/1626/1560 1613/1613/1547
f 1626/1626/1560 1627/1627/1561 1613/1613/1547
f 1613/1613/1547 1627/1627/1561 1614/1614/1548
f 1627/1627/1561 1628/1628/1562 1614/1614/1548
f 1614/1614/1548 1628/1628/1562 1615/1615/1549
f 1628/1628/1562 1629/1629/1563 1615/1615/1549
f 1615/1615/1549 1629/1629/1563 1616/1616/1550
f 1629/1629/1563 1630/1630/1564 1616/1616/1550
f 1616/1616/1550 1630/1630/1564 1617/1617/1551
f 1617/1617/1551 1630/1630/1564 1618/1618/1552
f 1618/1618/1552 1630/1630/1564 1631/1631/1565
f 1631/1631/1565 1632/1632/1566 1618/1618/1552
f 1618/1618/1552 1632/1632/1566 1619/1619/1553
f 1619/1619/1553 1632/1632/1566 1620/1620/1554
f 1620/1620/1554 1632/1632/1566 1633/1633/1567
f 1634/1634/1568 1635/1635/1569 1621/1621/1555
f 1621/1621/1555 1635/1635/1569 1622/1622/1556
f 931/931/866 945/945/880 1623/1623/1557
f 1623/1623/1557 945/945/880 1636/1636/1570
f 1636/1636/1570 1637/1637/1571 1623/1623/1557
f 1623/1623/1557 1637/1637/1571 1624/1624/1558
f 1637/1637/1571 1638/1638/1572 1624/1624/1558
f 1624/1624/1558 1638/1638/1572 1625/1625/1559
f 1638/1638/1572 1639/1639/1573 1625/1625/1559
f 1625/1625/1559 1639/1639/1573 1626/1626/1560
f 1639/1639/1573 1640/1640/1574 1626/1626/1560
f 1626/1626/1560 1640/1640/1574 1627/1627/1561
f 1640/1640/1574 1641/1641/1575 1627/1627/1561
f 1627/1627/1561 1641/1641/1575 1628/1628/1562
f 1641/1641/1575 1642/1642/1576 1628/1628/1562
f 1628/1628/1562 1642/1642/1576 1629/1629/1563
f 1642/1642/1576 1643/1643/1577 1629/1629/1563
f 1629/1629/1563 1643/1643/1577 1630/1630/1564
f 1630/1630/1564 1643/1643/1577 1631/1631/1565
f 1631/1631/1565 1643/1643/1577 1644/1644/1578
f 1644/1644/1578 1645/1645/1579 1631/1631/1565
f 1631/1631/1565 1645/1645/1579 1632/1632/1566
f 1645/1645/1579 1646/1646/1580 1632/1632/1566
f 1632/1632/1566 1646/1646/1580 1633/1633/1567
f 1647/1647/1581 1648/1648/1582 1634/1634/1568
f 1634/1634/1568 1648/1648/1582 1635/1635/1569
f 945/945/880 959/959/894 1636/1636/1570
f 1636/1636/1570 959/959/894 1649/1649/1583
f 1649/1649/1583 1650/1650/1584 1636/1636/1570
f 1636/1636/1570 1650/1650/1584 1637/1637/1571
f 1650/1650/1584 1651/1651/1585 1637/1637/1571
f 1637/1637/1571 1651/1651/1585 1638/1638/1572
f 1651/1651/1585 1652/1652/1586 1638/1638/1572
f 1638/1638/1572 1652/1652/1586 1639/1639/1573
f 1652/1652/1586 1653/1653/1587 1639/1639/1573
f 1639/1639/1573 1653/1653/1587 1640/1640/1574
f 1653/1653/1587 1654/1654/1588 1640/1640/1574
f 1640/1640/1574 1654/1654/1588 1641/1641/1575
f 1654/1654/1588 1655/1655/1589 1641/1641/1575
f 1641/1641/1575 1655/1655/1589 1642/1642/1576
f 1655/1655/1589 1656/1656/1590 1642/1642/1576
f 1642/1642/1576 1656/1656/1590 1643/1643/1577
f 1643/1643/1577 1656/1656/1590 1644/1644/1578
f 1644/1644/1578 1656/1656/1590 1657/1657/1591
f 1657/1657/1591 1658/1658/1592 1644/1644/1578
f 1644/1644/1578 1658/1658/1592 1645/1645/1579
f 1658/1658/1592 1659/1659/1593 1645/1645/1579
f 1645/1645/1579 1659/1659/1593 1646/1646/1580
f 1660/1660/1594 1648/1648/1582 469/469/436
f 469/469/436 1648/1648/1582 470/470/437
f 959/959/894 971/971/906 1649/1649/1583
f 1649/1649/1583 971/971/906 1661/1661/1595
f 1661/1661/1595 1662/1662/1596 1649/1649/1583
f 1649/1649/1583 1662/1662/1596 1650/1650/1584
f 1662/1662/1596 1663/1663/1597 1650/1650/1584
f 1650/1650/1584 1663/1663/1597 1651/1651/1585
f 1663/1663/1597 1664/1664/1598 1651/1651/1585
f 1651/1651/1585 1664/1664/1598 1652/1652/1586
f 1664/1664/1598 1665/1665/1599 1652/1652/1586
f 1652/1652/1586 1665/1665/1599 1653/1653/1587
f 1665/1665/1599 1666/1666/1600 1653/1653/1587
f 1653/1653/1587 1666/1666/1600 1654/1654/1588
f 1666/1666/1600 1667/1667/1601 1654/1654/1588
f 1654/1654/1588 1667/1667/1601 1655/1655/1589
f 1667/1667/1601 1668/1668/1602 1655/1655/1589
f 1655/1655/1589 1668/1668/1602 1656/1656/1590
f 1656/1656/1590 1668/1668/1602 1657/1657/1591
f 1657/1657/1591 1668/1668/1602 1669/1669/1603
f 1657/1657/1591 1669/1669/1603 1658/1658/1592
f 1658/1658/1592 1669/1669/1603 1670/1670/1604
f 1670/1670/1604 1671/1671/1605 1658/1658/1592
f 1658/1658/1592 1671/1671/1605 1659/1659/1593
f 971/971/906 983/983/918 1661/1661/1595
f 1661/1661/1595 983/983/918 1672/1672/1606
f 1672/1672/1606 1673/1673/1607 1661/1661/1595
f 1661/1661/1595 1673/1673/1607 1662/1662/1596
f 1673/1673/1607 1674/1674/1608 1662/1662/1596
f 1662/1662/1596 1674/1674/1608 1663/1663/1597
f 1674/1674/1608 1675/1675/1609 1663/1663/1597
f 1663/1663/1597 1675/1675/1609 1664/1664/1598
f 1675/1675/1609 1676/1676/1610 1664/1664/1598
f 1664/1664/1598 1676/1676/1610 1665/1665/1599
f 1676/1676/1610 1677/1677/1611 1665/1665/1599
f 1665/1665/1599 1677/1677/1611 1666/1666/1600
f 1677/1677/1611 1678/1678/1612 1666/1666/1600
f 1666/1666/1600 1678/1678/1612 1667/1667/1601
f 1678/1678/1612 1679/1679/1613 1667/1667/1601
f 1667/1667/1601 1679/1679/1613 1668/1668/1602
f 1668/1668/1602 1679/1679/1613 1669/1669/1603
f 1669/1669/1603 1679/1679/1613 1680/1680/1614
f 1680/1680/1614 1681/1681/1615 1669/1669/1603
f 1669/1669/1603 1681/1681/1615 1670/1670/1604
f 1681/1681/1615 1682/1682/1616 1670/1670/1604
f 1670/1670/1604 1682/1682/1616 1671/1671/1605
f 983/983/918 995/995/930 1672/1672/1606
f 1672/1672/1606 995/995/930 1683/1683/1617
f 1683/1683/1617 1684/1684/1618 1672/1672/1606
f 1672/1672/1606 1684/1684/1618 1673/1673/1607
f 1684/1684/1618 1685/1685/1619 1673/1673/1607
f 1673/1673/1607 1685/1685/1619 1674/1674/1608
f 1685/1685/1619 1686/1686/1620 1674/1674/1608
f 1674/1674/1608 1686/1686/1620 1675/1675/1609
f 1686/1686/1620 1687/1687/1621 1675/1675/1609
f 1675/1675/1609 1687/1687/1621 1676/1676/1610
f 1687/1687/1621 1688/1688/1622 1676/1676/1610
f 1676/1676/1610 1688/1688/1622 1677/1677/1611
f 1688/1688/1622 1689/1689/1623 1677/1677/1611
f 1677/1677/1611 1689/1689/1623 1678/1678/1612
f 1689/1689/1623 1690/1690/1624 1678/1678/1612
f 1678/1678/1612 1690/1690/1624 1679/1679/1613
f 1679/1679/1613 1690/1690/1624 1680/1680/1614
f 1680/1680/1614 1690/1690/1624 1691/1691/1625
f 1691/1691/1625 1692/1692/1626 1680/1680/1614
f 1680/1680/1614 1692/1692/1626 1681/1681/1615
f 1692/1692/1626 1693/1693/1627 1681/1681/1615
f 1681/1681/1615 1693/1693/1627 1682/1682/1616
f 995/995/930 1007/1007/942 1683/1683/1617
f 1683/1683/1617 1007/1007/942 1694/1694/1628
f 1694/1694/1628 1695/1695/1629 1683/1683/1617
f 1683/1683/1617 1695/1695/1629 1684/1684/1618
f 1695/1695/1629 1696/1696/1630 1684/1684/1618
f 1684/1684/1618 1696/1696/1630 1685/1685/1619
f 1696/1696/1630 1697/1697/1631 1685/1685/1619
f 1685/1685/1619 1697/1697/1631 1686/1686/1620
f 1697/1697/1631 1698/1698/1632 1686/1686/1620
f 1686/1686/1620 1698/1698/1632 1687/1687/1621
f 1698/1698/1632 1699/1699/1633 1687/1687/1621
f 1687/1687/1621 1699/1699/1633 1688/1688/1622
f 1699/1699/1633 1700/1700/1634 1688/1688/1622
f 1688/1688/1622 1700/1700/1634 1689/1689/1623
f 1700/1700/1634 1701/1701/1635 1689/1689/1623
f 1689/1689/1623 1701/1701/1635 1690/1690/1624
f 1690/1690/1624 1701/1701/1635 1691/1691/1625
f 1691/1691/1625 1701/1701/1635 1702/1702/1636
f 1691/1691/1625 1702/1702/1636 1692/1692/1626
f 1692/1692/1626 1702/1702/1636 1703/1703/1637
f 1692/1692/1626 1703/1703/1637 1693/1693/1627
f 1693/1693/1627 1703/1703/1637 1704/1704/1638
f 1007/1007/942 1019/1019/954 1694/1694/1628
f 1694/1694/1628 1019/1019/954 1705/1705/1639
f 1705/1705/1639 1706/1706/1640 1694/1694/1628
f 1694/1694/1628 1706/1706/1640 1695/1695/1629
f 1706/1706/1640 1707/1707/1641 1695/1695/1629
f 1695/1695/1629 1707/1707/1641 1696/1696/1630
f 1707/1707/1641 1708/1708/1642 1696/1696/1630
f 1696/1696/1630 1708/1708/1642 1697/1697/1631
f 1708/1708/1642 1709/1709/1643 1697/1697/1631
f 1697/1697/1631 1709/1709/1643 1698/1698/1632
f 1709/1709/1643 1710/1710/1644 1698/1698/1632
f 1698/1698/1632 1710/1710/1644 1699/1699/1633
f 1710/1710/1644 1711/1711/1645 1699/1699/1633
f 1699/1699/1633 1711/1711/1645 1700/1700/1634
f 1700/1700/1634 1711/1711/1645 1701/1701/1635
f 1701/1701/1635 1711/1711/1645 1712/1712/1646
f 1701/1701/1635 1712/1712/1646 1702/1702/1636
f 1702/1702/1636 1712/1712/1646 1713/1713/1647
f 1702/1702/1636 1713/1713/1647 1703/1703/1637
f 1703/1703/1637 1713/1713/1647 1714/1714/1648
f 1703/1703/1637 1714/1714/1648 1704/1704/1638
f 1704/1704/1638 1714/1714/1648 1715/1715/1649
f 1019/1019/954 1031/1031/966 1705/1705/1639
f 1705/1705/1639 1031/1031/966 1716/1716/1650
f 1705/1705/1639 1716/1716/1650 1706/1706/1640
f 1706/1706/1640 1716/1716/1650 1717/1717/1651
f 1706/1706/1640 1717/1717/1651 1707/1707/1641
f 1707/1707/1641 1717/1717/1651 1718/1718/1652
f 1707/1707/1641 1718/1718/1652 1708/1708/1642
f 1708/1708/1642 1718/1718/1652 1719/1719/1653
f 1719/1719/1653 1720/1720/1654 1708/1708/1642
f 1708/1708/1642 1720/1720/1654 1709/1709/1643
f 1720/1720/1654 1721/1721/1655 1709/1709/1643
f 1709/1709/1643 1721/1721/1655 1710/1710/1644
f 1721/1721/1655 1722/1722/1656 1710/1710/1644
f 1710/1710/1644 1722/1722/1656 1711/1711/1645
f 1711/1711/1645 1722/1722/1656 1712/1712/1646
f 1712/1712/1646 1722/1722/1656 1723/1723/1657
f 1712/1712/1646 1723/1723/1657 1713/1713/1647
f 1713/1713/1647 1723/1723/1657 1724/1724/1658
f 1713/1713/1647 1724/1724/1658 1714/1714/1648
f 1714/1714/1648 1724/1724/1658 1725/1725/1659
f 1714/1714/1648 1725/1725/1659 1715/1715/1649
f 1715/1715/1649 1725/1725/1659 1726/1726/1660
f 1031/1031/966 1043/1043/978 1716/1716/1650
f 1716/1716/1650 1043/1043/978 1727/1727/1661
f 1716/1716/1650 1727/1727/1661 1717/1717/1651
f 1717/1717/1651 1727/1727/1661 1728/1728/1662
f 1717/1717/1651 1728/1728/1662 1718/1718/1652
f 1718/1718/1652 1728/1728/1662 1729/1729/1663
f 1721/1721/1655 1730/1730/1664 1722/1722/1656
f 1730/1730/1664 1731/1731/1665 1722/1722/1656
f 1722/1722/1656 1731/1731/1665 1723/1723/1657
f 1731/1731/1665 1732/1732/1666 1723/1723/1657
f 1723/1723/1657 1732/1732/1666 1724/1724/1658
f 1732/1732/1666 1733/1733/1667 1724/1724/1658
f 1724/1724/1658 1733/1733/1667 1725/1725/1659
f 1725/1725/1659 1733/1733/1667 1726/1726/1660
f 1726/1726/1660 1733/1733/1667 1734/1734/1668
f 1043/1043/978 1052/1052/987 1727/1727/1661
f 1727/1727/1661 1052/1052/987 1735/1735/1669
f 1727/1727/1661 1735/1735/1669 1728/1728/1662
f 1728/1728/1662 1735/1735/1669 1736/1736/1670
f 1052/1052/987 1055/1055/990 1735/1735/1669
f 1735/1735/1669 1055/1055/990 1737/1737/1671
f 1737/1737/1671 1738/1738/1672 1735/1735/1669
f 1735/1735/1669 1738/1738/1672 1736/1736/1670
f 1739/1739/1673 1732/1732/1666 1740/1740/1674
f 1740/1740/1674 1732/1732/1666 1731/1731/1665
f 1739/1739/1673 1741/1741/1675 1732/1732/1666
f 1732/1732/1666 1741/1741/1675 1733/1733/1667
f 1733/1733/1667 1741/1741/1675 1734/1734/1668
f 1734/1734/1668 1741/1741/1675 1742/1742/1676
f 1055/1055/990 1062/1062/997 1737/1737/1671
f 1737/1737/1671 1062/1062/997 1743/1743/1677
f 1743/1743/1677 1744/1744/1678 1737/1737/1671
f 1737/1737/1671 1744/1744/1678 1738/1738/1672
f 1739/1739/1673 1740/1740/1674 1745/1745/1679
f 1745/1745/1679 1740/1740/1674 1746/1746/1680
f 1739/1739/1673 1745/1745/1679 1741/1741/1675
f 1741/1741/1675 1745/1745/1679 1747/1747/1681
f 1741/1741/1675 1747/1747/1681 1742/1742/1676
f 1742/1742/1676 1747/1747/1681 1748/1748/1682
f 1062/1062/997 1069/1069/1004 1743/1743/1677
f 1743/1743/1677 1069/1069/1004 1749/1749/1683
f 1743/1743/1677 1749/1749/1683 1744/1744/1678
f 1744/1744/1678 1749/1749/1683 1750/1750/1684
f 1751/1751/1685 1745/1745/1679 1752/1752/1686
f 1752/1752/1686 1745/1745/1679 1746/1746/1680
f 1745/1745/1679 1751/1751/1685 1747/1747/1681
f 1747/1747/1681 1751/1751/1685 1753/1753/1687
f 1747/1747/1681 1753/1753/1687 1748/1748/1682
f 1748/1748/1682 1753/1753/1687 1754/1754/1688
f 1069/1069/1004 1076/1076/1011 1749/1749/1683
f 1749/1749/1683 1076/1076/1011 1755/1755/1689
f 1749/1749/1683 1755/1755/1689 1750/1750/1684
f 1750/1750/1684 1755/1755/1689 1756/1756/1690
f 1757/1757/1691 1751/1751/1685 1758/1758/1692
f 1758/1758/1692 1751/1751/1685 1752/1752/1686
f 1751/1751/1685 1757/1757/1691 1753/1753/1687
f 1753/1753/1687 1757/1757/1691 1759/1759/1693
f 1753/1753/1687 1759/1759/1693 1754/1754/1688
f 1754/1754/1688 1759/1759/1693 1760/1760/1694
f 1754/1754/1688 1760/1760/1694 1761/1761/1695
f 1761/1761/1695 1760/1760/1694 1762/1762/1696
f 1761/1761/1695 1085/1085/1020 1763/1763/1697
f 1763/1763/1697 1085/1085/1020 1086/1086/1021
f 1076/1076/1011 1088/1088/1023 1755/1755/1689
f 1755/1755/1689 1088/1088/1023 1764/1764/1698
f 1755/1755/1689 1764/1764/1698 1756/1756/1690
f 1756/1756/1690 1764/1764/1698 1765/1765/1699
f 1091/1091/1026 1093/1093/1028 1766/1766/1700
f 1766/1766/1700 1093/1093/1028 1767/1767/1701
f 1572/1572/1506 1095/1095/1030 875/875/810
f 1574/1574/1508 1095/1095/1030 1572/1572/1506
f 1576/1576/1510 1095/1095/1030 1574/1574/1508
f 1578/1578/1512 1095/1095/1030 1576/1576/1510
f 1580/1580/1514 1095/1095/1030 1578/1578/1512
f 1582/1582/1516 1095/1095/1030 1580/1580/1514
f 1584/1584/1518 1095/1095/1030 1582/1582/1516
f 1586/1586/1520 1095/1095/1030 1584/1584/1518
f 1587/1587/1521 1095/1095/1030 1586/1586/1520
f 1589/1589/1523 1095/1095/1030 1587/1587/1521
f 1592/1592/1526 1095/1095/1030 1589/1589/1523
f 1592/1592/1526 1594/1594/1528 1095/1095/1030
f 1596/1596/1530 1095/1095/1030 1594/1594/1528
f 1768/1768/1702 1769/1769/1703 1770/1770/1704
f 1770/1770/1704 1769/1769/1703 1771/1771/1705
f 1769/1769/1703 1768/1768/1702 1772/1772/1706
f 1772/1772/1706 1768/1768/1702 1773/1773/1707
f 1774/1774/1708 1769/1769/1703 1775/1775/1709
f 1775/1775/1709 1769/1769/1703 1772/1772/1706
f 1769/1769/1703 1774/1774/1708 1771/1771/1705
f 1771/1771/1705 1774/1774/1708 1776/1776/1710
f 1777/1777/1711 1778/1778/1712 1779/1779/1713
f 1779/1779/1713 1778/1778/1712 1780/1780/1714
f 1778/1778/1712 1777/1777/1711 1781/1781/1715
f 1781/1781/1715 1777/1777/1711 1782/1782/1716
f 1768/1768/1702 1778/1778/1712 1773/1773/1707
f 1773/1773/1707 1778/1778/1712 1781/1781/1715
f 1778/1778/1712 1768/1768/1702 1780/1780/1714
f 1780/1780/1714 1768/1768/1702 1770/1770/1704
f 1783/1783/1717 1784/1784/1718 1785/1785/1719
f 1785/1785/1719 1784/1784/1718 1786/1786/1720
f 1784/1784/1718 1783/1783/1717 1787/1787/1721
f 1787/1787/1721 1783/1783/1717 1788/1788/1722
f 1777/1777/1711 1784/1784/1718 1782/1782/1716
f 1782/1782/1716 1784/1784/1718 1787/1787/1721
f 1784/1784/1718 1777/1777/1711 1786/1786/1720
f 1786/1786/1720 1777/1777/1711 1779/1779/1713
f 1789/1789/1723 1790/1790/1724 1791/1791/1725
f 1791/1791/1725 1790/1790/1724 1792/1792/1726
f 1789/1789/1723 1791/1791/1725 1793/1793/1727
f 1793/1793/1727 1791/1791/1725 1794/1794/1728
f 1783/1783/1717 1789/1789/1723 1788/1788/1722
f 1788/1788/1722 1789/1789/1723 1793/1793/1727
f 1789/1789/1723 1783/1783/1717 1790/1790/1724
f 1790/1790/1724 1783/1783/1717 1785/1785/1719
f 1795/1795/1729 1796/1796/1730 1797/1797/1731
f 1797/1797/1731 1796/1796/1730 1798/1798/1732
f 1797/1797/1731 1798/1798/1732 1791/1791/1725
f 1791/1791/1725 1798/1798/1732 1794/1794/1728
f 1797/1797/1731 1799/1799/1733 1795/1795/1729
f 1795/1795/1729 1799/1799/1733 1800/1800/1734
f 1801/1801/1735 1802/1802/1736 1803/1803/1737
f 1803/1803/1737 1802/1802/1736 1804/1804/1738
f 1803/1803/1737 1805/1805/1739 1801/1801/1735
f 1801/1801/1735 1805/1805/1739 1806/1806/1740
f 1801/1801/1735 1806/1806/1740 1795/1795/1729
f 1795/1795/1729 1806/1806/1740 1796/1796/1730
f 1795/1795/1729 1800/1800/1734 1801/1801/1735
f 1801/1801/1735 1800/1800/1734 1802/1802/1736
f 1807/1807/1741 1808/1808/1742 1809/1809/1743
f 1809/1809/1743 1808/1808/1742 1810/1810/1744
f 1809/1809/1743 1811/1811/1745 1807/1807/1741
f 1807/1807/1741 1811/1811/1745 1812/1812/1746
f 1807/1807/1741 1812/1812/1746 1803/1803/1737
f 1803/1803/1737 1812/1812/1746 1805/1805/1739
f 1803/1803/1737 1804/1804/1738 1807/1807/1741
f 1807/1807/1741 1804/1804/1738 1808/1808/1742
f 1813/1813/1747 1814/1814/1748 1815/1815/1749
f 1815/1815/1749 1814/1814/1748 1816/1816/1750
f 1815/1815/1749 1817/1817/1751 1813/1813/1747
f 1813/1813/1747 1817/1817/1751 1818/1818/1752
f 1813/1813/1747 1818/1818/1752 1809/1809/1743
f 1809/1809/1743 1818/1818/1752 1811/1811/1745
f 1809/1809/1743 1810/1810/1744 1813/1813/1747
f 1813/1813/1747 1810/1810/1744 1814/1814/1748
f 1819/1819/1753 1820/1820/1754 1821/1821/1755
f 1821/1821/1755 1820/1820/1754 1822/1822/1756
f 1821/1821/1755 1823/1823/1757 1819/1819/1753
f 1819/1819/1753 1823/1823/1757 1824/1824/1758
f 1819/1819/1753 1824/1824/1758 1815/1815/1749
f 1815/1815/1749 1824/1824/1758 1817/1817/1751
f 1815/1815/1749 1816/1816/1750 1819/1819/1753
f 1819/1819/1753 1816/1816/1750 1820/1820/1754
f 1774/1774/1708 1825/1825/1759 1776/1776/1710
f 1776/1776/1710 1825/1825/1759 1826/1826/1760
f 1825/1825/1759 1774/1774/1708 1827/1827/1761
f 1827/1827/1761 1774/1774/1708 1775/1775/1709
f 1821/1821/1755 1825/1825/1759 1823/1823/1757
f 1823/1823/1757 1825/1825/1759 1827/1827/1761
f 1825/1825/1759 1821/1821/1755 1826/1826/1760
f 1826/1826/1760 1821/1821/1755 1822/1822/1756
f 1776/1776/1710 1816/1816/1750 1771/1771/1705
f 1771/1771/1705 1816/1816/1750 1814/1814/1748
f 1828/1828/1762 1829/1829/1763 1830/1830/1764
f 1830/1830/1764 1829/1829/1763 1831/1831/1765
f 1832/1832/1766 1833/1833/1767 1834/1834/1768
f 1834/1834/1768 1833/1833/1767 1831/1831/1765
f 1835/1835/1769 1836/1836/1770 1837/1837/1771
f 1837/1837/1771 1836/1836/1770 1838/1838/1772
f 1839/1839/1773 1840/1840/1774 1841/1841/1775
f 1841/1841/1775 1840/1840/1774 1838/1838/1772
f 1842/1842/1776 1840/1840/1774 1843/1843/1777
f 1843/1843/1777 1840/1840/1774 1844/1844/1778
f 1845/1845/1779 1829/1829/1763 1846/1846/1780
f 1846/1846/1780 1829/1829/1763 1844/1844/1778
f 1847/1847/1781 1848/1848/1782 1849/1849/1783
f 1849/1849/1783 1848/1848/1782 1833/1833/1767
f 1850/1850/1784 1851/1851/1785 1852/1852/1786
f 1852/1852/1786 1851/1851/1785 1849/1849/1783
f 1853/1853/1787 1851/1851/1785 1854/1854/1788
f 1854/1854/1788 1851/1851/1785 1855/1855/1789
f 1856/1856/1790 1857/1857/1791 1855/1855/1789
f 1855/1855/1789 1857/1857/1791 1858/1858/1792
f 1859/1859/1793 1860/1860/1794 1861/1861/1795
f 1861/1861/1795 1860/1860/1794 1862/1862/1796
f 1863/1863/1797 1864/1864/1798 1861/1861/1795
f 1861/1861/1795 1864/1864/1798 1858/1858/1792
f 1865/1865/1799 1866/1866/1800 1867/1867/1801
f 1867/1867/1801 1866/1866/1800 1862/1862/1796
f 1868/1868/1802 1869/1869/1803 1867/1867/1801
f 1867/1867/1801 1869/1869/1803 1870/1870/1804
f 1871/1871/1805 1872/1872/1806 1873/1873/1807
f 1873/1873/1807 1872/1872/1806 1870/1870/1804
f 1874/1874/1808 1875/1875/1809 1873/1873/1807
f 1873/1873/1807 1875/1875/1809 1876/1876/1810
f 1877/1877/1811 1878/1878/1812 1879/1879/1813
f 1879/1879/1813 1878/1878/1812 1876/1876/1810
f 1880/1880/1814 1881/1881/1815 1879/1879/1813
f 1879/1879/1813 1881/1881/1815 1882/1882/1816
f 1883/1883/1817 1884/1884/1818 1885/1885/1819
f 1885/1885/1819 1884/1884/1818 1882/1882/1816
f 1886/1886/1820 1887/1887/1821 1885/1885/1819
f 1885/1885/1819 1887/1887/1821 1836/1836/1770
f 1888/1888/1822 1889/1889/1822 1788/1788/1722
f 1788/1788/1722 1889/1889/1822 1787/1787/1721
f 1889/1889/1823 1890/1890/1823 1787/1787/1721
f 1787/1787/1721 1890/1890/1823 1782/1782/1716
f 1891/1891/1824 1892/1892/1824 1773/1773/1707
f 1773/1773/1707 1892/1892/1824 1772/1772/1706
f 1892/1892/1825 1893/1893/1825 1772/1772/1706
f 1772/1772/1706 1893/1893/1825 1775/1775/1709
f 1890/1890/1826 1894/1894/1826 1782/1782/1716
f 1782/1782/1716 1894/1894/1826 1781/1781/1715
f 1894/1894/1827 1891/1891/1827 1781/1781/1715
f 1781/1781/1715 1891/1891/1827 1773/1773/1707
f 1895/1895/1828 1896/1896/1828 1794/1794/1728
f 1794/1794/1728 1896/1896/1828 1793/1793/1727
f 1896/1896/1829 1888/1888/1829 1793/1793/1727
f 1793/1793/1727 1888/1888/1829 1788/1788/1722
f 1893/1893/1830 1897/1897/1830 1775/1775/1709
f 1775/1775/1709 1897/1897/1830 1827/1827/1761
f 1897/1897/1831 1898/1898/1831 1827/1827/1761
f 1827/1827/1761 1898/1898/1831 1823/1823/1757
f 1796/1796/1730 1899/1899/1832 1798/1798/1732
f 1798/1798/1732 1899/1899/1832 1900/1900/1832
f 1895/1895/1833 1794/1794/1728 1900/1900/1833
f 1900/1900/1833 1794/1794/1728 1798/1798/1732
f 1823/1823/1757 1898/1898/1834 1824/1824/1758
f 1824/1824/1758 1898/1898/1834 1901/1901/1834
f 1902/1902/1835 1817/1817/1751 1901/1901/1835
f 1901/1901/1835 1817/1817/1751 1824/1824/1758
f 1805/1805/1739 1903/1903/1836 1806/1806/1740
f 1806/1806/1740 1903/1903/1836 1904/1904/1836
f 1899/1899/1837 1796/1796/1730 1904/1904/1837
f 1904/1904/1837 1796/1796/1730 1806/1806/1740
f 1817/1817/1751 1902/1902/1838 1818/1818/1752
f 1818/1818/1752 1902/1902/1838 1905/1905/1838
f 1906/1906/1839 1811/1811/1745 1905/1905/1839
f 1905/1905/1839 1811/1811/1745 1818/1818/1752
f 1811/1811/1745 1906/1906/1840 1812/1812/1746
f 1812/1812/1746 1906/1906/1840 1907/1907/1840
f 1903/1903/1841 1805/1805/1739 1907/1907/1841
f 1907/1907/1841 1805/1805/1739 1812/1812/1746
f 1908/1908/1842 1909/1909/1842 1852/1852/1786
f 1852/1852/1786 1909/1909/1842 1850/1850/1784
f 1852/1852/1786 1832/1832/1766 1908/1908/1843
f 1908/1908/1843 1832/1832/1766 1910/1910/1843
f 1911/1911/1844 1912/1912/1844 1846/1846/1780
f 1846/1846/1780 1912/1912/1844 1845/1845/1779
f 1911/1911/1845 1846/1846/1780 1913/1913/1845
f 1913/1913/1845 1846/1846/1780 1839/1839/1773
f 1914/1914/1846 1910/1910/1846 1834/1834/1768
f 1834/1834/1768 1910/1910/1846 1832/1832/1766
f 1834/1834/1768 1845/1845/1779 1914/1914/1847
f 1914/1914/1847 1845/1845/1779 1912/1912/1847
f 1915/1915/1848 1916/1916/1848 1856/1856/1790
f 1856/1856/1790 1916/1916/1848 1857/1857/1791
f 1856/1856/1790 1850/1850/1784 1915/1915/1849
f 1915/1915/1849 1850/1850/1784 1909/1909/1849
f 1913/1913/1850 1839/1839/1773 1917/1917/1850
f 1917/1917/1850 1839/1839/1773 1841/1841/1775
f 1917/1917/1851 1841/1841/1775 1918/1918/1851
f 1918/1918/1851 1841/1841/1775 1887/1887/1821
f 1919/1919/1852 1920/1920/1852 1859/1859/1793
f 1859/1859/1793 1920/1920/1852 1860/1860/1794
f 1859/1859/1793 1857/1857/1791 1919/1919/1853
f 1919/1919/1853 1857/1857/1791 1916/1916/1853
f 1918/1918/1854 1887/1887/1821 1921/1921/1854
f 1921/1921/1854 1887/1887/1821 1886/1886/1820
f 1921/1921/1855 1886/1886/1820 1922/1922/1855
f 1922/1922/1855 1886/1886/1820 1881/1881/1815
f 1923/1923/1856 1924/1924/1856 1868/1868/1802
f 1868/1868/1802 1924/1924/1856 1869/1869/1803
f 1868/1868/1802 1860/1860/1794 1923/1923/1857
f 1923/1923/1857 1860/1860/1794 1920/1920/1857
f 1922/1922/1858 1881/1881/1815 1925/1925/1858
f 1925/1925/1858 1881/1881/1815 1880/1880/1814
f 1925/1925/1859 1880/1880/1814 1926/1926/1859
f 1926/1926/1859 1880/1880/1814 1875/1875/1809
f 1927/1927/1860 1926/1926/1860 1874/1874/1808
f 1874/1874/1808 1926/1926/1860 1875/1875/1809
f 1874/1874/1808 1869/1869/1803 1927/1927/1861
f 1927/1927/1861 1869/1869/1803 1924/1924/1861
f 1928/1928/1862 1929/1929/1863 1866/1866/1800
f 1866/1866/1800 1929/1929/1863 1863/1863/1797
f 1930/1930/1864 1864/1864/1798 1929/1929/1863
f 1929/1929/1863 1864/1864/1798 1863/1863/1797
f 1931/1931/1865 1932/1932/1866 1872/1872/1806
f 1872/1872/1806 1932/1932/1866 1865/1865/1799
f 1932/1932/1866 1928/1928/1862 1865/1865/1799
f 1865/1865/1799 1928/1928/1862 1866/1866/1800
f 1848/1848/1782 1933/1933/1867 1830/1830/1764
f 1830/1830/1764 1933/1933/1867 1934/1934/1868
f 1935/1935/1869 1828/1828/1762 1934/1934/1868
f 1934/1934/1868 1828/1828/1762 1830/1830/1764
f 1936/1936/1870 1937/1937/1871 1884/1884/1818
f 1884/1884/1818 1937/1937/1871 1877/1877/1811
f 1937/1937/1871 1938/1938/1872 1877/1877/1811
f 1877/1877/1811 1938/1938/1872 1878/1878/1812
f 1842/1842/1776 1939/1939/1873 1837/1837/1771
f 1837/1837/1771 1939/1939/1873 1940/1940/1874
f 1940/1940/1874 1941/1941/1875 1837/1837/1771
f 1837/1837/1771 1941/1941/1875 1835/1835/1769
f 1828/1828/1762 1935/1935/1869 1843/1843/1777
f 1843/1843/1777 1935/1935/1869 1942/1942/1876
f 1939/1939/1873 1842/1842/1776 1942/1942/1876
f 1942/1942/1876 1842/1842/1776 1843/1843/1777
f 1853/1853/1787 1943/1943/1877 1847/1847/1781
f 1847/1847/1781 1943/1943/1877 1944/1944/1878
f 1933/1933/1867 1848/1848/1782 1944/1944/1878
f 1944/1944/1878 1848/1848/1782 1847/1847/1781
f 1864/1864/1798 1930/1930/1864 1854/1854/1788
f 1854/1854/1788 1930/1930/1864 1945/1945/1879
f 1943/1943/1877 1853/1853/1787 1945/1945/1879
f 1945/1945/1879 1853/1853/1787 1854/1854/1788
f 1938/1938/1872 1946/1946/1880 1878/1878/1812
f 1878/1878/1812 1946/1946/1880 1871/1871/1805
f 1946/1946/1880 1931/1931/1865 1871/1871/1805
f 1871/1871/1805 1931/1931/1865 1872/1872/1806
f 1941/1941/1875 1947/1947/1881 1835/1835/1769
f 1835/1835/1769 1947/1947/1881 1883/1883/1817
f 1947/1947/1881 1936/1936/1870 1883/1883/1817
f 1883/1883/1817 1936/1936/1870 1884/1884/1818
f 1928/1928/1862 1948/1948/1882 1929/1929/1863
f 1929/1929/1863 1948/1948/1882 1949/1949/1883
f 1950/1950/1884 1930/1930/1864 1949/1949/1883
f 1949/1949/1883 1930/1930/1864 1929/1929/1863
f 1932/1932/1866 1931/1931/1865 1951/1951/1885
f 1951/1951/1885 1931/1931/1865 1952/1952/1886
f 1928/1928/1862 1932/1932/1866 1948/1948/1882
f 1948/1948/1882 1932/1932/1866 1951/1951/1885
f 1933/1933/1867 1953/1953/1887 1934/1934/1868
f 1934/1934/1868 1953/1953/1887 1954/1954/1888
f 1955/1955/1889 1935/1935/1869 1954/1954/1888
f 1954/1954/1888 1935/1935/1869 1934/1934/1868
f 1937/1937/1871 1936/1936/1870 1956/1956/1890
f 1956/1956/1890 1936/1936/1870 1957/1957/1891
f 1938/1938/1872 1937/1937/1871 1958/1958/1892
f 1958/1958/1892 1937/1937/1871 1956/1956/1890
f 1940/1940/1874 1939/1939/1873 1959/1959/1893
f 1959/1959/1893 1939/1939/1873 1960/1960/1894
f 1941/1941/1875 1940/1940/1874 1961/1961/1895
f 1961/1961/1895 1940/1940/1874 1959/1959/1893
f 1935/1935/1869 1955/1955/1889 1942/1942/1876
f 1942/1942/1876 1955/1955/1889 1962/1962/1896
f 1960/1960/1894 1939/1939/1873 1962/1962/1896
f 1962/1962/1896 1939/1939/1873 1942/1942/1876
f 1943/1943/1877 1963/1963/1897 1944/1944/1878
f 1944/1944/1878 1963/1963/1897 1964/1964/1898
f 1953/1953/1887 1933/1933/1867 1964/1964/1898
f 1964/1964/1898 1933/1933/1867 1944/1944/1878
f 1930/1930/1864 1950/1950/1884 1945/1945/1879
f 1945/1945/1879 1950/1950/1884 1965/1965/1899
f 1963/1963/1897 1943/1943/1877 1965/1965/1899
f 1965/1965/1899 1943/1943/1877 1945/1945/1879
f 1946/1946/1880 1938/1938/1872 1966/1966/1900
f 1966/1966/1900 1938/1938/1872 1958/1958/1892
f 1931/1931/1865 1946/1946/1880 1952/1952/1886
f 1952/1952/1886 1946/1946/1880 1966/1966/1900
f 1947/1947/1881 1941/1941/1875 1967/1967/1901
f 1967/1967/1901 1941/1941/1875 1961/1961/1895
f 1936/1936/1870 1947/1947/1881 1957/1957/1891
f 1957/1957/1891 1947/1947/1881 1967/1967/1901
f 1820/1820/1754 1816/1816/1750 1822/1822/1756
f 1816/1816/1750 1776/1776/1710 1822/1822/1756
f 1776/1776/1710 1826/1826/1760 1822/1822/1756
f 1770/1770/1704 1810/1810/1744 1780/1780/1714
f 1780/1780/1714 1810/1810/1744 1808/1808/1742
f 1771/1771/1705 1814/1814/1748 1770/1770/1704
f 1770/1770/1704 1814/1814/1748 1810/1810/1744
f 1780/1780/1714 1808/1808/1742 1779/1779/1713
f 1779/1779/1713 1808/1808/1742 1804/1804/1738
f 1790/1790/1724 1785/1785/1719 1792/1792/1726
f 1800/1800/1734 1799/1799/1733 1785/1785/1719
f 1785/1785/1719 1799/1799/1733 1792/1792/1726
f 1804/1804/1738 1802/1802/1736 1779/1779/1713
f 1779/1779/1713 1802/1802/1736 1786/1786/1720
f 1791/1791/1725 1792/1792/1726 1797/1797/1731
f 1797/1797/1731 1792/1792/1726 1799/1799/1733
f 1785/1785/1719 1786/1786/1720 1800/1800/1734
f 1800/1800/1734 1786/1786/1720 1802/1802/1736
f 1948/1948/1882 1968/1968/1902 1949/1949/1883
f 1949/1949/1883 1968/1968/1902 1969/1969/1903
f 1949/1949/1883 1969/1969/1903 1950/1950/1884
f 1950/1950/1884 1969/1969/1903 1758/1758/1692
f 1970/1970/1904 1971/1971/1905 1952/1952/1886
f 1952/1952/1886 1971/1971/1905 1951/1951/1885
f 1731/1731/1665 1730/1730/1664 1953/1953/1887
f 1953/1953/1887 1730/1730/1664 1954/1954/1888
f 1954/1954/1888 1730/1730/1664 1955/1955/1889
f 1955/1955/1889 1730/1730/1664 1721/1721/1655
f 1744/1744/1678 1750/1750/1684 1957/1957/1891
f 1957/1957/1891 1750/1750/1684 1956/1956/1890
f 1750/1750/1684 1756/1756/1690 1956/1956/1890
f 1956/1956/1890 1756/1756/1690 1958/1958/1892
f 1960/1960/1894 1719/1719/1653 1959/1959/1893
f 1959/1959/1893 1719/1719/1653 1729/1729/1663
f 1959/1959/1893 1729/1729/1663 1961/1961/1895
f 1961/1961/1895 1729/1729/1663 1736/1736/1670
f 1721/1721/1655 1720/1720/1654 1955/1955/1889
f 1955/1955/1889 1720/1720/1654 1962/1962/1896
f 1962/1962/1896 1720/1720/1654 1960/1960/1894
f 1960/1960/1894 1720/1720/1654 1719/1719/1653
f 1963/1963/1897 1746/1746/1680 1964/1964/1898
f 1964/1964/1898 1746/1746/1680 1740/1740/1674
f 1964/1964/1898 1740/1740/1674 1953/1953/1887
f 1953/1953/1887 1740/1740/1674 1731/1731/1665
f 1965/1965/1899 1752/1752/1686 1963/1963/1897
f 1963/1963/1897 1752/1752/1686 1746/1746/1680
f 1958/1958/1892 1756/1756/1690 1966/1966/1900
f 1966/1966/1900 1756/1756/1690 1765/1765/1699
f 1765/1765/1699 1970/1970/1904 1966/1966/1900
f 1966/1966/1900 1970/1970/1904 1952/1952/1886
f 1961/1961/1895 1736/1736/1670 1967/1967/1901
f 1967/1967/1901 1736/1736/1670 1738/1738/1672
f 1967/1967/1901 1738/1738/1672 1957/1957/1891
f 1957/1957/1891 1738/1738/1672 1744/1744/1678
f 1971/1971/1905 1968/1968/1902 1951/1951/1885
f 1951/1951/1885 1968/1968/1902 1948/1948/1882
f 1736/1736/1670 1729/1729/1663 1728/1728/1662
f 1729/1729/1663 1719/1719/1653 1718/1718/1652
f 1965/1965/1899 1950/1950/1884 1752/1752/1686
f 1752/1752/1686 1950/1950/1884 1758/1758/1692
f 1972/1972/1906 1973/1973/1907 1974/1974/1908
f 1973/1973/1907 1975/1975/1909 1974/1974/1908
f 1974/1974/1908 1975/1975/1909 1972/1972/1906
f 1976/1976/1910 1307/1307/1242 1977/1977/1911
f 1977/1977/1911 1307/1307/1242 1308/1308/1243
f 1978/1978/1912 1976/1976/1910 1979/1979/1913
f 1979/1979/1913 1976/1976/1910 1977/1977/1911
f 1976/1976/1910 1978/1978/1912 1980/1980/1914
f 1980/1980/1914 1978/1978/1912 1981/1981/1915
f 1315/1315/1250 1980/1980/1914 1313/1313/1248
f 1313/1313/1248 1980/1980/1914 1982/1982/1916
f 1307/1307/1242 1976/1976/1910 1315/1315/1250
f 1315/1315/1250 1976/1976/1910 1980/1980/1914
f 1983/1983/1917 1984/1984/1918 1985/1985/1919
f 1985/1985/1919 1984/1984/1918 1986/1986/1920
f 1984/1984/1918 1983/1983/1917 1987/1987/1921
f 1987/1987/1921 1983/1983/1917 1988/1988/1921
f 1989/1989/1922 1990/1990/1923 1991/1991/1924
f 1991/1991/1924 1990/1990/1923 1992/1992/1923
f 1326/1326/1259 1327/1327/1925 1989/1989/1922
f 1989/1989/1922 1327/1327/1925 1990/1990/1925
f 1984/1984/1918 1987/1987/1926 1993/1993/1927
f 1993/1993/1927 1987/1987/1926 1994/1994/1926
f 1995/1995/1928 1996/1996/1929 1994/1994/1928
f 1994/1994/1928 1996/1996/1929 1993/1993/1927
f 1996/1996/1929 1997/1997/1930 1993/1993/1927
f 1993/1993/1927 1997/1997/1930 1998/1998/1931
f 1986/1986/1920 1984/1984/1918 1998/1998/1931
f 1998/1998/1931 1984/1984/1918 1993/1993/1927
f 1999/1999/1932 2000/2000/1933 2001/2001/1934
f 2001/2001/1934 2000/2000/1933 2002/2002/1935
f 1985/1985/1919 1986/1986/1920 1999/1999/1932
f 1999/1999/1932 1986/1986/1920 2000/2000/1933
f 2003/2003/1936 2004/2004/1937 2005/2005/1938
f 2005/2005/1938 2004/2004/1937 2006/2006/1939
f 2007/2007/1940 2008/2008/1941 2006/2006/1939
f 2006/2006/1939 2008/2008/1941 2005/2005/1938
f 2008/2008/1941 2009/2009/1942 2005/2005/1938
f 2009/2009/1942 2010/2010/1943 2005/2005/1938
f 2005/2005/1938 2010/2010/1943 2003/2003/1936
f 2011/2011/1944 1991/1991/1924 2012/2012/1945
f 2012/2012/1945 1991/1991/1924 2013/2013/1946
f 2014/2014/1947 2011/2011/1944 2015/2015/1948
f 2015/2015/1948 2011/2011/1944 2012/2012/1945
f 2011/2011/1944 2014/2014/1947 2016/2016/1949
f 2016/2016/1949 2014/2014/1947 2017/2017/1950
f 1354/1354/1287 1353/1353/1286 2017/2017/1950
f 2017/2017/1950 1353/1353/1286 2016/2016/1949
f 1353/1353/1286 1326/1326/1259 2016/2016/1949
f 2016/2016/1949 1326/1326/1259 1989/1989/1922
f 1991/1991/1924 2011/2011/1944 1989/1989/1922
f 1989/1989/1922 2011/2011/1944 2016/2016/1949
f 2018/2018/1951 2019/2019/1952 2020/2020/1953
f 2020/2020/1953 2019/2019/1952 2021/2021/1954
f 2021/2021/1954 2002/2002/1935 2020/2020/1953
f 2020/2020/1953 2002/2002/1935 2000/2000/1933
f 1986/1986/1920 1998/1998/1931 2000/2000/1933
f 2000/2000/1933 1998/1998/1931 2020/2020/1953
f 1997/1997/1930 2018/2018/1951 1998/1998/1931
f 1998/1998/1931 2018/2018/1951 2020/2020/1953
f 2007/2007/1940 2022/2022/1955 2008/2008/1941
f 2008/2008/1941 2022/2022/1955 2023/2023/1956
f 2023/2023/1956 2024/2024/1957 2008/2008/1941
f 2025/2025/1958 2026/2026/1959 2027/2027/1960
f 2027/2027/1960 2026/2026/1959 2028/2028/1961
f 2026/2026/1959 2029/2029/1962 2028/2028/1961
f 2028/2028/1961 2029/2029/1962 2030/2030/1963
f 2031/2031/1964 1370/1370/1303 2032/2032/1965
f 2032/2032/1965 1370/1370/1303 1371/1371/1304
f 1371/1371/1304 1372/1372/1305 2032/2032/1965
f 2032/2032/1965 1372/1372/1305 2033/2033/1966
f 2029/2029/1962 2026/2026/1959 2033/2033/1966
f 2033/2033/1966 2026/2026/1959 2032/2032/1965
f 2025/2025/1958 2031/2031/1964 2026/2026/1959
f 2026/2026/1959 2031/2031/1964 2032/2032/1965
f 2034/2034/1967 2035/2035/1968 2036/2036/1969
f 2036/2036/1969 2035/2035/1968 2037/2037/1970
f 2038/2038/1971 2039/2039/1972 2037/2037/1970
f 2037/2037/1970 2039/2039/1972 2036/2036/1969
f 2040/2040/1973 2041/2041/1974 2042/2042/1975
f 2042/2042/1975 2041/2041/1974 2043/2043/1976
f 2044/2044/1977 1972/1972/1906 2041/2041/1974
f 2041/2041/1974 1972/1972/1906 2043/2043/1976
f 2043/2043/1976 2045/2045/1978 2042/2042/1975
f 2042/2042/1975 2045/2045/1978 2046/2046/1979
f 1975/1975/1909 2047/2047/1980 1972/1972/1906
f 1972/1972/1906 2047/2047/1980 2043/2043/1976
f 2047/2047/1980 2048/2048/1981 2043/2043/1976
f 2043/2043/1976 2048/2048/1981 2045/2045/1978
f 2049/2049/1982 2050/2050/1983 2051/2051/1984
f 2051/2051/1984 2050/2050/1983 2052/2052/1985
f 2050/2050/1983 1979/1979/1913 2052/2052/1985
f 2052/2052/1985 1979/1979/1913 1977/1977/1911
f 1977/1977/1911 1308/1308/1243 2052/2052/1985
f 2052/2052/1985 1308/1308/1243 1392/1392/1325
f 1393/1393/1326 2051/2051/1984 1392/1392/1325
f 1392/1392/1325 2051/2051/1984 2052/2052/1985
f 2001/2001/1934 2002/2002/1935 2053/2053/1986
f 2053/2053/1986 2002/2002/1935 2054/2054/1987
f 2053/2053/1986 2054/2054/1987 2055/2055/1988
f 2055/2055/1988 2054/2054/1987 2056/2056/1989
f 2057/2057/1990 2058/2058/1991 2059/2059/1992
f 2059/2059/1992 2058/2058/1991 2060/2060/1993
f 2061/2061/1994 2062/2062/1995 2060/2060/1993
f 2060/2060/1993 2062/2062/1995 2059/2059/1992
f 2062/2062/1995 2040/2040/1973 2059/2059/1992
f 2059/2059/1992 2040/2040/1973 2042/2042/1975
f 2058/2058/1991 2057/2057/1990 2063/2063/1996
f 2063/2063/1996 2057/2057/1990 2064/2064/1997
f 2045/2045/1978 2065/2065/1998 2046/2046/1979
f 2066/2066/1999 2046/2046/1979 2065/2065/1998
f 2066/2066/1999 2022/2022/1955 2064/2064/1997
f 2064/2064/1997 2022/2022/1955 2067/2067/2000
f 2068/2068/2001 2063/2063/1996 2067/2067/2000
f 2067/2067/2000 2063/2063/1996 2064/2064/1997
f 2040/2040/1973 2062/2062/1995 2069/2069/2002
f 2069/2069/2002 2062/2062/1995 2070/2070/2003
f 2062/2062/1995 2061/2061/1994 2070/2070/2003
f 2070/2070/2003 2061/2061/1994 2071/2071/2004
f 2072/2072/2005 2073/2073/2006 2071/2071/2004
f 2071/2071/2004 2073/2073/2006 2070/2070/2003
f 2073/2073/2006 2074/2074/2007 2070/2070/2003
f 2070/2070/2003 2074/2074/2007 2069/2069/2002
f 2075/2075/2008 2076/2076/2009 2077/2077/2010
f 2077/2077/2010 2076/2076/2009 2078/2078/2011
f 2076/2076/2009 2075/2075/2008 2079/2079/2012
f 2079/2079/2012 2075/2075/2008 2080/2080/2013
f 2081/2081/2014 2082/2082/2015 2083/2083/2016
f 2083/2083/2016 2082/2082/2015 2084/2084/2017
f 2085/2085/2018 2086/2086/2019 2084/2084/2017
f 2084/2084/2017 2086/2086/2019 2083/2083/2016
f 2086/2086/2019 2087/2087/2020 2083/2083/2016
f 2083/2083/2016 2087/2087/2020 2088/2088/2021
f 2089/2089/2022 2081/2081/2014 2088/2088/2021
f 2088/2088/2021 2081/2081/2014 2083/2083/2016
f 2090/2090/2023 2091/2091/2024 2092/2092/2025
f 2092/2092/2025 2091/2091/2024 2093/2093/2026
f 2038/2038/1971 2094/2094/2027 2093/2093/2026
f 2093/2093/2026 2094/2094/2027 2092/2092/2025
f 2082/2082/2015 2081/2081/2014 2094/2094/2027
f 2094/2094/2027 2081/2081/2014 2092/2092/2025
f 2081/2081/2014 2089/2089/2022 2092/2092/2025
f 2092/2092/2025 2089/2089/2022 2090/2090/2023
f 2095/2095/2028 2096/2096/2029 2097/2097/2030
f 2097/2097/2030 2096/2096/2029 2098/2098/2031
f 2099/2099/2032 2100/2100/2033 2098/2098/2031
f 2098/2098/2031 2100/2100/2033 2097/2097/2030
f 2100/2100/2033 2080/2080/2013 2097/2097/2030
f 2097/2097/2030 2080/2080/2013 2075/2075/2008
f 2077/2077/2010 2095/2095/2028 2075/2075/2008
f 2075/2075/2008 2095/2095/2028 2097/2097/2030
f 2087/2087/2020 2086/2086/2019 2101/2101/2034
f 2101/2101/2034 2086/2086/2019 2102/2102/2035
f 2086/2086/2019 2085/2085/2018 2102/2102/2035
f 2102/2102/2035 2085/2085/2018 2103/2103/2036
f 2104/2104/2037 2105/2105/2038 2103/2103/2036
f 2103/2103/2036 2105/2105/2038 2102/2102/2035
f 2105/2105/2038 2106/2106/2039 2102/2102/2035
f 2102/2102/2035 2106/2106/2039 2101/2101/2034
f 2079/2079/2012 2080/2080/2013 2107/2107/2040
f 2107/2107/2040 2080/2080/2013 2100/2100/2033
f 2108/2108/2041 2107/2107/2040 2099/2099/2032
f 2099/2099/2032 2107/2107/2040 2100/2100/2033
f 2109/2109/2042 2110/2110/2043 2111/2111/2044
f 2111/2111/2044 2110/2110/2043 2112/2112/2045
f 2110/2110/2043 2104/2104/2037 2112/2112/2045
f 2112/2112/2045 2104/2104/2037 2103/2103/2036
f 2103/2103/2036 2085/2085/2018 2112/2112/2045
f 2112/2112/2045 2085/2085/2018 2084/2084/2017
f 2082/2082/2015 2111/2111/2044 2084/2084/2017
f 2084/2084/2017 2111/2111/2044 2112/2112/2045
f 2113/2113/2046 2014/2014/1947 2114/2114/2047
f 2114/2114/2047 2014/2014/1947 2015/2015/1948
f 2115/2115/2048 2113/2113/2046 2116/2116/2049
f 2116/2116/2049 2113/2113/2046 2114/2114/2047
f 2117/2117/2050 2118/2118/2051 2119/2119/2052
f 2119/2119/2052 2118/2118/2051 2120/2120/2053
f 2045/2045/1978 2048/2048/1981 2121/2121/2054
f 2121/2121/2054 2048/2048/1981 2122/2122/2055
f 2122/2122/2055 2123/2123/2056 2124/2124/2057
f 2124/2124/2057 2123/2123/2056 2125/2125/2058
f 2113/2113/2046 2115/2115/2048 2126/2126/2059
f 2126/2126/2059 2115/2115/2048 2127/2127/2060
f 1470/1470/1403 1469/1469/1402 2127/2127/2060
f 2127/2127/2060 1469/1469/1402 2126/2126/2059
f 1469/1469/1402 1354/1354/1287 2126/2126/2059
f 2126/2126/2059 1354/1354/1287 2017/2017/1950
f 2014/2014/1947 2113/2113/2046 2017/2017/1950
f 2017/2017/1950 2113/2113/2046 2126/2126/2059
f 2049/2049/1982 2051/2051/1984 2123/2123/2056
f 2123/2123/2056 2051/2051/1984 2128/2128/2061
f 2051/2051/1984 1393/1393/1326 2128/2128/2061
f 2128/2128/2061 1393/1393/1326 1472/1472/1405
f 1474/1474/1407 2129/2129/2062 1472/1472/1405
f 1472/1472/1405 2129/2129/2062 2128/2128/2061
f 2129/2129/2062 2125/2125/2058 2128/2128/2061
f 2128/2128/2061 2125/2125/2058 2123/2123/2056
f 2130/2130/2063 2115/2115/2048 2131/2131/2064
f 2131/2131/2064 2115/2115/2048 2116/2116/2049
f 2118/2118/2051 2117/2117/2050 2132/2132/2065
f 2132/2132/2065 2117/2117/2050 2133/2133/2066
f 2124/2124/2057 2125/2125/2058 2134/2134/2067
f 2134/2134/2067 2125/2125/2058 2135/2135/2068
f 1481/1481/1414 1470/1470/1403 2136/2136/2069
f 2136/2136/2069 1470/1470/1403 2127/2127/2060
f 2115/2115/2048 2130/2130/2063 2127/2127/2060
f 2127/2127/2060 2130/2130/2063 2136/2136/2069
f 2129/2129/2062 1474/1474/1407 2137/2137/2070
f 2137/2137/2070 1474/1474/1407 1484/1484/1417
f 2125/2125/2058 2129/2129/2062 2135/2135/2068
f 2135/2135/2068 2129/2129/2062 2137/2137/2070
f 2132/2132/2065 2133/2133/2066 2028/2028/1961
f 2028/2028/1961 2133/2133/2066 2027/2027/1960
f 1372/1372/1305 1481/1481/1414 2033/2033/1966
f 2033/2033/1966 1481/1481/1414 2136/2136/2069
f 2130/2130/2063 2029/2029/1962 2136/2136/2069
f 2136/2136/2069 2029/2029/1962 2033/2033/1966
f 2138/2138/2071 2139/2139/2072 2140/2140/2073
f 2140/2140/2073 2139/2139/2072 2141/2141/2074
f 2139/2139/2072 2056/2056/1989 2141/2141/2074
f 2141/2141/2074 2056/2056/1989 2054/2054/1987
f 2002/2002/1935 2021/2021/1954 2054/2054/1987
f 2054/2054/1987 2021/2021/1954 2141/2141/2074
f 2021/2021/1954 2019/2019/1952 2141/2141/2074
f 2141/2141/2074 2019/2019/1952 2140/2140/2073
f 2142/2142/2075 2072/2072/2005 2143/2143/2076
f 2143/2143/2076 2072/2072/2005 2071/2071/2004
f 2061/2061/1994 2144/2144/2077 2071/2071/2004
f 2071/2071/2004 2144/2144/2077 2143/2143/2076
f 2144/2144/2077 2087/2087/2020 2143/2143/2076
f 2143/2143/2076 2087/2087/2020 2101/2101/2034
f 2106/2106/2039 2142/2142/2075 2101/2101/2034
f 2101/2101/2034 2142/2142/2075 2143/2143/2076
f 2145/2145/2078 2091/2091/2024 2146/2146/2079
f 2146/2146/2079 2091/2091/2024 2147/2147/2080
f 2068/2068/2001 2148/2148/2081 2147/2147/2080
f 2147/2147/2080 2148/2148/2081 2146/2146/2079
f 2055/2055/1988 2056/2056/1989 2149/2149/2082
f 2149/2149/2082 2056/2056/1989 2150/2150/2083
f 2077/2077/2010 2078/2078/2011 2150/2150/2083
f 2150/2150/2083 2078/2078/2011 2149/2149/2082
f 2151/2151/2084 2089/2089/2022 2152/2152/2085
f 2152/2152/2085 2089/2089/2022 2088/2088/2021
f 2087/2087/2020 2144/2144/2077 2088/2088/2021
f 2088/2088/2021 2144/2144/2077 2152/2152/2085
f 2144/2144/2077 2061/2061/1994 2152/2152/2085
f 2152/2152/2085 2061/2061/1994 2060/2060/1993
f 2058/2058/1991 2151/2151/2084 2060/2060/1993
f 2060/2060/1993 2151/2151/2084 2152/2152/2085
f 2108/2108/2041 2034/2034/1967 2107/2107/2040
f 2107/2107/2040 2034/2034/1967 2036/2036/1969
f 2039/2039/1972 2079/2079/2012 2036/2036/1969
f 2036/2036/1969 2079/2079/2012 2107/2107/2040
f 2079/2079/2012 2039/2039/1972 2076/2076/2009
f 2076/2076/2009 2039/2039/1972 2153/2153/2086
f 2145/2145/2078 2078/2078/2011 2153/2153/2086
f 2153/2153/2086 2078/2078/2011 2076/2076/2009
f 2055/2055/1988 2148/2148/2081 2053/2053/1986
f 2053/2053/1986 2148/2148/2081 2154/2154/2087
f 2007/2007/1940 2001/2001/1934 2154/2154/2087
f 2154/2154/2087 2001/2001/1934 2053/2053/1986
f 2001/2001/1934 2007/2007/1940 1999/1999/1932
f 1999/1999/1932 2007/2007/1940 2006/2006/1939
f 2004/2004/1937 1985/1985/1919 2006/2006/1939
f 2006/2006/1939 1985/1985/1919 1999/1999/1932
f 2004/2004/1937 2003/2003/1936 1988/1988/2088
f 1988/1988/2088 2003/2003/1936 2155/2155/2088
f 2156/2156/2089 2010/2010/1943 2009/2009/1942
f 2120/2120/2053 2118/2118/2051 2114/2114/2047
f 2114/2114/2047 2118/2118/2051 2116/2116/2049
f 2118/2118/2051 2132/2132/2065 2116/2116/2049
f 2116/2116/2049 2132/2132/2065 2131/2131/2064
f 2132/2132/2065 2028/2028/1961 2131/2131/2064
f 2131/2131/2064 2028/2028/1961 2030/2030/1963
f 1504/1504/2090 1505/1505/1438 1995/1995/2090
f 1995/1995/2090 1505/1505/1438 1996/1996/1929
f 1505/1505/1438 1506/1506/1439 1996/1996/1929
f 1996/1996/1929 1506/1506/1439 1997/1997/1930
f 1506/1506/1439 1507/1507/1440 1997/1997/1930
f 1997/1997/1930 1507/1507/1440 2018/2018/1951
f 1507/1507/1440 1508/1508/1441 2018/2018/1951
f 2018/2018/1951 1508/1508/1441 2019/2019/1952
f 1508/1508/1441 1509/1509/1442 2019/2019/1952
f 2019/2019/1952 1509/1509/1442 2140/2140/2073
f 1510/1510/1443 2138/2138/2071 1509/1509/1442
f 1509/1509/1442 2138/2138/2071 2140/2140/2073
f 2138/2138/2071 1510/1510/1443 2157/2157/2091
f 2157/2157/2091 1510/1510/1443 1512/1512/1445
f 1513/1513/1446 2096/2096/2029 1512/1512/1445
f 1512/1512/1445 2096/2096/2029 2157/2157/2091
f 2096/2096/2029 1513/1513/1446 2098/2098/2031
f 2098/2098/2031 1513/1513/1446 1514/1514/1447
f 1515/1515/1448 2099/2099/2032 1514/1514/1447
f 1514/1514/1447 2099/2099/2032 2098/2098/2031
f 1516/1516/1449 2108/2108/2041 1515/1515/1448
f 1515/1515/1448 2108/2108/2041 2099/2099/2032
f 1517/1517/1450 2034/2034/1967 1516/1516/1449
f 1516/1516/1449 2034/2034/1967 2108/2108/2041
f 1520/1520/1453 1519/1519/1452 2035/2035/1968
f 2035/2035/1968 1519/1519/1452 2158/2158/2092
f 1519/1519/1452 1521/1521/1454 2158/2158/2092
f 2158/2158/2092 1521/1521/1454 2109/2109/2042
f 1522/1522/1455 1523/1523/1456 2110/2110/2043
f 2110/2110/2043 1523/1523/1456 2104/2104/2037
f 1521/1521/1454 1522/1522/1455 2109/2109/2042
f 2109/2109/2042 1522/1522/1455 2110/2110/2043
f 1523/1523/1456 1524/1524/1457 2104/2104/2037
f 2104/2104/2037 1524/1524/1457 2105/2105/2038
f 1524/1524/1457 1525/1525/1458 2105/2105/2038
f 2105/2105/2038 1525/1525/1458 2106/2106/2039
f 1526/1526/1459 1527/1527/1460 2142/2142/2075
f 2142/2142/2075 1527/1527/1460 2072/2072/2005
f 1525/1525/1458 1526/1526/1459 2106/2106/2039
f 2106/2106/2039 1526/1526/1459 2142/2142/2075
f 1527/1527/1460 1528/1528/1461 2072/2072/2005
f 2072/2072/2005 1528/1528/1461 2073/2073/2006
f 1528/1528/1461 1529/1529/1462 2073/2073/2006
f 2073/2073/2006 1529/1529/1462 2074/2074/2007
f 1529/1529/1462 1313/1313/1248 2074/2074/2007
f 2074/2074/2007 1313/1313/1248 1982/1982/1916
f 2031/2031/1964 2025/2025/1958 2159/2159/2093
f 2159/2159/2093 2025/2025/1958 2160/2160/2094
f 2135/2135/2068 2137/2137/2070 2160/2160/2094
f 2160/2160/2094 2137/2137/2070 2159/2159/2093
f 2137/2137/2070 1484/1484/1417 2159/2159/2093
f 2159/2159/2093 1484/1484/1417 1532/1532/1465
f 1370/1370/1303 2031/2031/1964 1532/1532/1465
f 1532/1532/1465 2031/2031/1964 2159/2159/2093
f 1517/1517/1450 1520/1520/1453 2034/2034/1967
f 2034/2034/1967 1520/1520/1453 2035/2035/1968
f 2161/2161/2095 2065/2065/1998 2119/2119/2052
f 2119/2119/2052 2065/2065/1998 2162/2162/2096
f 2065/2065/1998 2045/2045/1978 2162/2162/2096
f 2162/2162/2096 2045/2045/1978 2121/2121/2054
f 2163/2163/2097 2164/2164/2098 2121/2121/2054
f 2121/2121/2054 2164/2164/2098 2162/2162/2096
f 2164/2164/2098 2117/2117/2050 2162/2162/2096
f 2162/2162/2096 2117/2117/2050 2119/2119/2052
f 2148/2148/2081 2068/2068/2001 2154/2154/2087
f 2154/2154/2087 2068/2068/2001 2067/2067/2000
f 2007/2007/1940 2154/2154/2087 2022/2022/1955
f 2022/2022/1955 2154/2154/2087 2067/2067/2000
f 2117/2117/2050 2164/2164/2098 2133/2133/2066
f 2133/2133/2066 2164/2164/2098 2165/2165/2099
f 2164/2164/2098 2163/2163/2097 2165/2165/2099
f 2165/2165/2099 2163/2163/2097 2166/2166/2100
f 2151/2151/2084 2058/2058/1991 2167/2167/2101
f 2167/2167/2101 2058/2058/1991 2063/2063/1996
f 2063/2063/1996 2068/2068/2001 2167/2167/2101
f 2167/2167/2101 2068/2068/2001 2147/2147/2080
f 2091/2091/2024 2090/2090/2023 2147/2147/2080
f 2147/2147/2080 2090/2090/2023 2167/2167/2101
f 2089/2089/2022 2151/2151/2084 2090/2090/2023
f 2090/2090/2023 2151/2151/2084 2167/2167/2101
f 2133/2133/2066 2165/2165/2099 2027/2027/1960
f 2027/2027/1960 2165/2165/2099 2168/2168/2102
f 2166/2166/2100 2134/2134/2067 2165/2165/2099
f 2165/2165/2099 2134/2134/2067 2168/2168/2102
f 2039/2039/1972 2038/2038/1971 2153/2153/2086
f 2153/2153/2086 2038/2038/1971 2093/2093/2026
f 2091/2091/2024 2145/2145/2078 2093/2093/2026
f 2093/2093/2026 2145/2145/2078 2153/2153/2086
f 2160/2160/2094 2025/2025/1958 2168/2168/2102
f 2168/2168/2102 2025/2025/1958 2027/2027/1960
f 2158/2158/2092 2109/2109/2042 2169/2169/2103
f 2169/2169/2103 2109/2109/2042 2111/2111/2044
f 2082/2082/2015 2094/2094/2027 2111/2111/2044
f 2111/2111/2044 2094/2094/2027 2169/2169/2103
f 2094/2094/2027 2038/2038/1971 2169/2169/2103
f 2169/2169/2103 2038/2038/1971 2037/2037/1970
f 2035/2035/1968 2158/2158/2092 2037/2037/1970
f 2037/2037/1970 2158/2158/2092 2169/2169/2103
f 2029/2029/1962 2130/2130/2063 2030/2030/1963
f 2030/2030/1963 2130/2130/2063 2131/2131/2064
f 1985/1985/1919 2004/2004/1937 1983/1983/1917
f 1983/1983/1917 2004/2004/1937 1988/1988/2104
f 2022/2022/1955 2066/2066/1999 2023/2023/1956
f 2023/2023/1956 2066/2066/1999 2161/2161/2095
f 2065/2065/1998 2161/2161/2095 2066/2066/1999
f 2074/2074/2007 1982/1982/1916 2069/2069/2002
f 2069/2069/2002 1982/1982/1916 2170/2170/2105
f 1982/1982/1916 1980/1980/1914 2170/2170/2105
f 1980/1980/1914 1981/1981/1915 2170/2170/2105
f 2041/2041/1974 2040/2040/1973 2170/2170/2105
f 2170/2170/2105 2040/2040/1973 2069/2069/2002
f 2139/2139/2072 2138/2138/2071 2171/2171/2106
f 2171/2171/2106 2138/2138/2071 2157/2157/2091
f 2096/2096/2029 2095/2095/2028 2157/2157/2091
f 2157/2157/2091 2095/2095/2028 2171/2171/2106
f 2095/2095/2028 2077/2077/2010 2171/2171/2106
f 2171/2171/2106 2077/2077/2010 2150/2150/2083
f 2056/2056/1989 2139/2139/2072 2150/2150/2083
f 2150/2150/2083 2139/2139/2072 2171/2171/2106
f 2078/2078/2011 2145/2145/2078 2149/2149/2082
f 2149/2149/2082 2145/2145/2078 2146/2146/2079
f 2148/2148/2081 2055/2055/1988 2146/2146/2079
f 2146/2146/2079 2055/2055/1988 2149/2149/2082
f 2046/2046/1979 2066/2066/1999 2057/2057/1990
f 2057/2057/1990 2066/2066/1999 2064/2064/1997
f 2046/2046/1979 2057/2057/1990 2042/2042/1975
f 2042/2042/1975 2057/2057/1990 2059/2059/1992
f 2163/2163/2097 2124/2124/2057 2166/2166/2100
f 2166/2166/2100 2124/2124/2057 2134/2134/2067
f 2124/2124/2057 2163/2163/2097 2122/2122/2055
f 2122/2122/2055 2163/2163/2097 2121/2121/2054
f 2134/2134/2067 2135/2135/2068 2168/2168/2102
f 2168/2168/2102 2135/2135/2068 2160/2160/2094
f 2048/2048/1981 2049/2049/1982 2122/2122/2055
f 2122/2122/2055 2049/2049/1982 2123/2123/2056
f 2050/2050/1983 2049/2049/1982 2047/2047/1980
f 2047/2047/1980 2049/2049/1982 2048/2048/1981
f 2047/2047/1980 1975/1975/1909 2050/2050/1983
f 2050/2050/1983 1975/1975/1909 1979/1979/1913
f 1973/1973/1907 1978/1978/1912 1975/1975/1909
f 1975/1975/1909 1978/1978/1912 1979/1979/1913
f 1981/1981/1915 1978/1978/1912 2044/2044/1977
f 2044/2044/1977 1978/1978/1912 1973/1973/1907
f 2170/2170/2105 1981/1981/1915 2041/2041/1974
f 2041/2041/1974 1981/1981/1915 2044/2044/1977
f 2172/2172/2107 2173/2173/2108 1546/1546/2107
f 1546/1546/2107 2173/2173/2108 1544/1544/1478
f 1767/1767/1701 2173/2173/2108 1971/1971/1905
f 1971/1971/1905 2173/2173/2108 2174/2174/2109
f 1971/1971/1905 1970/1970/1904 1767/1767/1701
f 1767/1767/1701 1970/1970/1904 1766/1766/1700
f 1970/1970/1904 1765/1765/1699 1766/1766/1700
f 1766/1766/1700 1765/1765/1699 1764/1764/1698
f 1088/1088/1023 1091/1091/1026 1764/1764/1698
f 1764/1764/1698 1091/1091/1026 1766/1766/1700
f 2175/2175/2110 2176/2176/2110 2177/2177/2111
f 2177/2177/2111 2176/2176/2110 2178/2178/2112
f 1758/1758/1692 1969/1969/1903 2179/2179/2113
f 2179/2179/2113 1969/1969/1903 2178/2178/2112
f 2180/2180/2114 2181/2181/2115 2182/2182/2114
f 2182/2182/2114 2181/2181/2115 2183/2183/2116
f 1762/1762/1696 2184/2184/2117 1560/1560/1491
f 1560/1560/1491 2184/2184/2117 1558/1558/1489
f 1971/1971/1905 2174/2174/2109 1968/1968/1902
f 1968/1968/1902 2174/2174/2109 2177/2177/2111
f 1758/1758/1692 2179/2179/2113 1757/1757/1691
f 1757/1757/1691 2179/2179/2113 2183/2183/2116
f 2003/2003/1936 2010/2010/1943 2155/2155/2118
f 2155/2155/2118 2010/2010/1943 2185/2185/2118
f 1991/1991/1924 1992/1992/2119 2013/2013/1946
f 2013/2013/1946 1992/1992/2119 2186/2186/2119
f 1759/1759/1693 2181/2181/2115 1760/1760/1694
f 1760/1760/1694 2181/2181/2115 2187/2187/2120
f 2185/2185/2121 2010/2010/1943 2186/2186/2121
f 2186/2186/2121 2010/2010/1943 2013/2013/1946
f 1093/1093/1028 1544/1544/1478 1767/1767/1701
f 1767/1767/1701 1544/1544/1478 2173/2173/2108
f 1565/1565/2122 1558/1558/1489 2188/2188/2122
f 2188/2188/2122 1558/1558/1489 2184/2184/2117
f 2172/2172/2123 2189/2189/2123 2173/2173/2108
f 2173/2173/2108 2189/2189/2123 2174/2174/2109
f 2189/2189/2124 2175/2175/2124 2174/2174/2109
f 2174/2174/2109 2175/2175/2124 2177/2177/2111
f 1969/1969/1903 1968/1968/1902 2178/2178/2112
f 2178/2178/2112 1968/1968/1902 2177/2177/2111
f 2190/2190/2125 2179/2179/2113 2176/2176/2125
f 2176/2176/2125 2179/2179/2113 2178/2178/2112
f 2182/2182/2126 2183/2183/2116 2190/2190/2126
f 2190/2190/2126 2183/2183/2116 2179/2179/2113
f 1757/1757/1691 2183/2183/2116 1759/1759/1693
f 1759/1759/1693 2183/2183/2116 2181/2181/2115
f 2191/2191/2127 2187/2187/2120 2180/2180/2127
f 2180/2180/2127 2187/2187/2120 2181/2181/2115
f 2188/2188/2128 2184/2184/2117 2191/2191/2128
f 2191/2191/2128 2184/2184/2117 2187/2187/2120
f 2192/2192/2129 2161/2161/2095 2120/2120/2053
f 2120/2120/2053 2161/2161/2095 2119/2119/2052
f 2192/2192/2129 2120/2120/2053 2015/2015/1948
f 2015/2015/1948 2120/2120/2053 2114/2114/2047
f 2192/2192/2129 2015/2015/1948 2193/2193/2130
f 2193/2193/2130 2015/2015/1948 2012/2012/1945
f 2023/2023/1956 2161/2161/2095 2024/2024/1957
f 2024/2024/1957 2161/2161/2095 2192/2192/2129
f 2024/2024/1957 2192/2192/2129 2156/2156/2089
f 2156/2156/2089 2192/2192/2129 2193/2193/2130
f 2010/2010/1943 2156/2156/2089 2013/2013/1946
f 2013/2013/1946 2156/2156/2089 2193/2193/2130
f 2013/2013/1946 2193/2193/2130 2012/2012/1945
f 2008/2008/1941 2024/2024/1957 2009/2009/1942
f 2009/2009/1942 2024/2024/1957 2156/2156/2089
f 1760/1760/1694 2187/2187/2120 1762/1762/1696
f 1762/1762/1696 2187/2187/2120 2184/2184/2117
f 1607/1607/1541 1608/1608/1542 1591/1591/1525
f 1591/1591/1525 1608/1608/1542 1593/1593/1527
f 1620/1620/1554 1621/1621/1555 1607/1607/1541
f 1607/1607/1541 1621/1621/1555 1608/1608/1542
f 1633/1633/1567 1634/1634/1568 1620/1620/1554
f 1620/1620/1554 1634/1634/1568 1621/1621/1555
f 1646/1646/1580 1647/1647/1581 1633/1633/1567
f 1633/1633/1567 1647/1647/1581 1634/1634/1568
f 1646/1646/1580 1659/1659/1593 1647/1647/1581
f 1647/1647/1581 1659/1659/1593 856/856/791
f 1671/1671/1605 859/859/794 1659/1659/1593
f 1659/1659/1593 859/859/794 856/856/791
f 1742/1742/1676 1763/1763/1697 872/872/807
f 1748/1748/1682 1754/1754/1688 1763/1763/1697
f 1763/1763/1697 1754/1754/1688 1761/1761/1695
f 1171/1171/1106 1156/1156/1091 1172/1172/1107
f 1172/1172/1107 1156/1156/1091 1158/1158/1093
f 1157/1157/1092 1177/1177/1112 1159/1159/1094
f 1159/1159/1094 1177/1177/1112 1162/1162/1097
f 1161/1161/1096 1173/1173/1108 1159/1159/1094
f 1159/1159/1094 1173/1173/1108 1158/1158/1093
f 1174/1174/1109 1167/1167/1102 1172/1172/1107
f 1172/1172/1107 1167/1167/1102 1169/1169/1104
f 1179/1179/1114 1160/1160/1095 1176/1176/1111
f 1176/1176/1111 1160/1160/1095 1162/1162/1097
f 1164/1164/1099 1170/1170/1105 1166/1166/1101
f 1166/1166/1101 1170/1170/1105 1169/1169/1104
f 1175/1175/1110 1181/1181/1116 1176/1176/1111
f 1176/1176/1111 1181/1181/1116 1180/1180/1115
f 1168/1168/1103 1215/1215/1150 1166/1166/1101
f 1166/1166/1101 1215/1215/1150 1165/1165/1100
f 1184/1184/1119 1178/1178/1113 1183/1183/1118
f 1183/1183/1118 1178/1178/1113 1180/1180/1115
f 1163/1163/1098 1165/1165/1100 1211/1211/1146
f 1211/1211/1146 1165/1165/1100 1212/1212/1147
f 1192/1192/1127 1186/1186/1121 1182/1182/1117
f 1182/1182/1117 1186/1186/1121 1183/1183/1118
f 1209/1209/1144 1210/1210/1145 1214/1214/1149
f 1214/1214/1149 1210/1210/1145 1212/1212/1147
f 1185/1185/1120 1186/1186/1121 1187/1187/1122
f 1187/1187/1122 1186/1186/1121 1188/1188/1123
f 1213/1213/1148 1210/1210/1145 1205/1205/1140
f 1205/1205/1140 1210/1210/1145 1206/1206/1141
f 1195/1195/1130 1190/1190/1125 1191/1191/1126
f 1191/1191/1126 1190/1190/1125 1188/1188/1123
f 1203/1203/1138 1204/1204/1139 1208/1208/1143
f 1208/1208/1143 1204/1204/1139 1206/1206/1141
f 1189/1189/1124 1190/1190/1125 1196/1196/1131
f 1196/1196/1131 1190/1190/1125 1194/1194/1129
f 1207/1207/1142 1204/1204/1139 1199/1199/1134
f 1199/1199/1134 1204/1204/1139 1200/1200/1135
f 1201/1201/1136 1198/1198/1133 1193/1193/1128
f 1193/1193/1128 1198/1198/1133 1194/1194/1129
f 1197/1197/1132 1198/1198/1133 1202/1202/1137
f 1202/1202/1137 1198/1198/1133 1200/1200/1135
f 1830/1830/1764 1831/1831/1765 1848/1848/1782
f 1848/1848/1782 1831/1831/1765 1833/1833/1767
f 1843/1843/1777 1844/1844/1778 1828/1828/1762
f 1828/1828/1762 1844/1844/1778 1829/1829/1763
f 1834/1834/1768 1831/1831/1765 1845/1845/1779
f 1845/1845/1779 1831/1831/1765 1829/1829/1763
f 1852/1852/1786 1849/1849/1783 1832/1832/1766
f 1832/1832/1766 1849/1849/1783 1833/1833/1767
f 1846/1846/1780 1844/1844/1778 1839/1839/1773
f 1839/1839/1773 1844/1844/1778 1840/1840/1774
f 1847/1847/1781 1849/1849/1783 1853/1853/1787
f 1853/1853/1787 1849/1849/1783 1851/1851/1785
f 1837/1837/1771 1838/1838/1772 1842/1842/1776
f 1842/1842/1776 1838/1838/1772 1840/1840/1774
f 1856/1856/1790 1855/1855/1789 1850/1850/1784
f 1850/1850/1784 1855/1855/1789 1851/1851/1785
f 1841/1841/1775 1838/1838/1772 1887/1887/1821
f 1887/1887/1821 1838/1838/1772 1836/1836/1770
f 1864/1864/1798 1854/1854/1788 1858/1858/1792
f 1858/1858/1792 1854/1854/1788 1855/1855/1789
f 1835/1835/1769 1883/1883/1817 1836/1836/1770
f 1836/1836/1770 1883/1883/1817 1885/1885/1819
f 1857/1857/1791 1859/1859/1793 1858/1858/1792
f 1858/1858/1792 1859/1859/1793 1861/1861/1795
f 1881/1881/1815 1886/1886/1820 1882/1882/1816
f 1882/1882/1816 1886/1886/1820 1885/1885/1819
f 1866/1866/1800 1863/1863/1797 1862/1862/1796
f 1862/1862/1796 1863/1863/1797 1861/1861/1795
f 1884/1884/1818 1877/1877/1811 1882/1882/1816
f 1882/1882/1816 1877/1877/1811 1879/1879/1813
f 1860/1860/1794 1868/1868/1802 1862/1862/1796
f 1862/1862/1796 1868/1868/1802 1867/1867/1801
f 1875/1875/1809 1880/1880/1814 1876/1876/1810
f 1876/1876/1810 1880/1880/1814 1879/1879/1813
f 1872/1872/1806 1865/1865/1799 1870/1870/1804
f 1870/1870/1804 1865/1865/1799 1867/1867/1801
f 1878/1878/1812 1871/1871/1805 1876/1876/1810
f 1876/1876/1810 1871/1871/1805 1873/1873/1807
f 1869/1869/1803 1874/1874/1808 1870/1870/1804
f 1870/1870/1804 1874/1874/1808 1873/1873/1807
f 612/612/573 733/733/676 610/610/571
f 610/610/571 733/733/676 2194/2194/2131
f 546/546/513 707/707/654 540/540/507
f 540/540/507 707/707/654 733/733/676
f 2194/2194/2131 733/733/676 785/785/724
f 785/785/724 733/733/676 707/707/654
f 667/667/621 666/666/620 835/835/772
f 835/835/772 666/666/620 836/836/773
f 677/677/631 834/834/771 670/670/624
f 670/670/624 834/834/771 835/835/772
f 675/675/629 673/673/627 833/833/770
f 833/833/770 673/673/627 834/834/771
f 718/718/665 831/831/768 678/678/632
f 678/678/632 831/831/768 833/833/770
f 718/718/665 760/760/701 831/831/768
f 831/831/768 760/760/701 832/832/769
f 751/751/694 830/830/767 804/804/743
f 804/804/743 830/830/767 828/828/765
f 592/592/556 826/826/763 590/590/554
f 590/590/554 826/826/763 827/827/764
f 682/682/636 826/826/763 683/683/637
f 683/683/637 826/826/763 825/825/762
f 609/609/570 824/824/761 595/595/559
f 595/595/559 824/824/761 825/825/762
f 692/692/643 824/824/761 693/693/644
f 693/693/644 824/824/761 823/823/760
f 607/607/568 730/730/673 823/823/760
f 823/823/760 730/730/673 822/822/759
f 701/701/650 700/700/649 821/821/758
f 821/821/758 700/700/649 822/822/759
f 794/794/733 796/796/735 819/819/756
f 819/819/756 796/796/735 820/820/757
f 1715/1715/1649 1726/1726/1660 866/866/801
f 866/866/801 1726/1726/1660 867/867/802
f 1704/1704/1638 1715/1715/1649 864/864/799
f 864/864/799 1715/1715/1649 866/866/801
f 1693/1693/1627 1704/1704/1638 863/863/798
f 863/863/798 1704/1704/1638 864/864/799
f 1682/1682/1616 1693/1693/1627 860/860/795
f 860/860/795 1693/1693/1627 863/863/798
f 869/869/804 867/867/802 1734/1734/1668
f 1734/1734/1668 867/867/802 1726/1726/1660
f 872/872/807 869/869/804 1742/1742/1676
f 1742/1742/1676 869/869/804 1734/1734/1668
f 872/872/807 1763/1763/1697 471/471/438
f 471/471/438 1763/1763/1697 1086/1086/1021
f 471/471/438 1086/1086/1021 406/406/376
f 406/406/376 1086/1086/1021 1087/1087/1022
f 859/859/794 1671/1671/1605 860/860/795
f 860/860/795 1671/1671/1605 1682/1682/1616
f 2195/2195/2132 1596/1596/1530 2196/2196/2133
f 2196/2196/2133 1596/1596/1530 1595/1595/1529
f 856/856/791 470/470/437 1647/1647/1581
f 1647/1647/1581 470/470/437 1648/1648/1582
f 2197/2197/2134 2196/2196/2133 1609/1609/1543
f 1609/1609/1543 2196/2196/2133 1595/1595/1529
f 2198/2198/2135 2197/2197/2134 1622/1622/1556
f 1622/1622/1556 2197/2197/2134 1609/1609/1543
f 2198/2198/2135 1622/1622/1556 2199/2199/2136
f 2199/2199/2136 1622/1622/1556 1635/1635/1569
f 1660/1660/1594 2199/2199/2136 1648/1648/1582
f 1648/1648/1582 2199/2199/2136 1635/1635/1569
f 444/444/413 445/445/414 846/846/782
f 846/846/782 445/445/414 2200/2200/423
f 115/115/112 117/117/114 441/441/410
f 441/441/410 117/117/114 443/443/412
f 1042/1042/977 401/401/371 1051/1051/986
f 1051/1051/986 401/401/371 404/404/374
f 1042/1042/977 1030/1030/965 401/401/371
f 401/401/371 1030/1030/965 399/399/369
f 898/898/833 897/897/832 902/902/837
f 902/902/837 897/897/832 901/901/836
f 390/390/360 391/391/361 2201/2201/2137
f 2201/2201/2137 391/391/361 958/958/893
f 2202/2202/2138 916/916/851 900/900/835
f 900/900/835 916/916/851 902/902/837
f 2203/2203/2139 930/930/865 2202/2202/2138
f 2202/2202/2138 930/930/865 916/916/851
f 2204/2204/2140 944/944/879 2203/2203/2139
f 2203/2203/2139 944/944/879 930/930/865
f 2201/2201/2137 958/958/893 2204/2204/2140
f 2204/2204/2140 958/958/893 944/944/879
f 994/994/929 982/982/917 396/396/366
f 396/396/366 982/982/917 395/395/365
f 396/396/366 398/398/368 994/994/929
f 994/994/929 398/398/368 1006/1006/941
f 1006/1006/941 398/398/368 1018/1018/953
f 1018/1018/953 398/398/368 399/399/369
f 1030/1030/965 1018/1018/953 399/399/369
f 406/406/376 1087/1087/1022 2205/2205/2141
f 2205/2205/2141 404/404/374 406/406/376
f 1762/1762/1696 1560/1560/1491 1761/1761/1695
f 1761/1761/1695 1560/1560/1491 1085/1085/1020
f 1083/1083/1018 1085/1085/1020 1084/1084/1019
f 1084/1084/1019 1085/1085/1020 1560/1560/1491
f 2/2/2 2206/2206/2142 4/4/4
f 4/4/4 2206/2206/2142 2207/2207/2143
f 5/5/5 2208/2208/2144 2/2/2
f 2/2/2 2208/2208/2144 2206/2206/2142
f 8/8/8 2209/2209/2145 5/5/5
f 5/5/5 2209/2209/2145 2208/2208/2144
f 9/9/9 2210/2210/2146 8/8/8
f 8/8/8 2210/2210/2146 2209/2209/2145
f 193/193/180 192/192/179 2211/2211/2147
f 2211/2211/2147 192/192/179 2212/2212/2148
f 195/195/182 194/194/181 2213/2213/2149
f 2213/2213/2149 194/194/181 2214/2214/2150
f 192/192/179 195/195/182 2212/2212/2148
f 2212/2212/2148 195/195/182 2213/2213/2149
f 4/4/4 2207/2207/2143 198/198/185
f 198/198/185 2207/2207/2143 2215/2215/2151
f 200/200/187 193/193/180 2216/2216/2152
f 2216/2216/2152 193/193/180 2211/2211/2147
f 198/198/185 2215/2215/2151 364/364/334
f 364/364/334 2215/2215/2151 2217/2217/2153
f 382/382/352 200/200/187 2218/2218/2154
f 2218/2218/2154 200/200/187 2216/2216/2152
f 364/364/334 2217/2217/2153 194/194/181
f 194/194/181 2217/2217/2153 2214/2214/2150
f 2210/2210/2146 9/9/9 2219/2219/2155
f 2219/2219/2155 9/9/9 408/408/378
f 382/382/352 2218/2218/2154 466/466/433
f 466/466/433 2218/2218/2154 2220/2220/2156
f 475/475/442 476/476/443 2221/2221/2157
f 2221/2221/2157 476/476/443 2222/2222/2158
f 478/478/445 475/475/442 2223/2223/2159
f 2223/2223/2159 475/475/442 2221/2221/2157
f 480/480/447 478/478/445 2224/2224/2160
f 2224/2224/2160 478/478/445 2223/2223/2159
f 480/480/447 2224/2224/2160 482/482/449
f 482/482/449 2224/2224/2160 2225/2225/2161
f 664/664/618 2226/2226/2162 665/665/619
f 665/665/619 2226/2226/2162 2227/2227/2163
f 668/668/622 2228/2228/2164 666/666/620
f 666/666/620 2228/2228/2164 2229/2229/2165
f 665/665/619 2227/2227/2163 668/668/622
f 668/668/622 2227/2227/2163 2228/2228/2164
f 476/476/443 671/671/625 2222/2222/2158
f 2222/2222/2158 671/671/625 2230/2230/2166
f 672/672/626 2231/2231/2167 664/664/618
f 664/664/618 2231/2231/2167 2226/2226/2162
f 671/671/625 836/836/773 2230/2230/2166
f 2230/2230/2166 836/836/773 2232/2232/2168
f 482/482/449 2225/2225/2161 838/838/775
f 838/838/775 2225/2225/2161 2233/2233/2169
f 466/466/433 2220/2220/2156 672/672/626
f 672/672/626 2220/2220/2156 2231/2231/2167
f 836/836/773 666/666/620 2232/2232/2168
f 2232/2232/2168 666/666/620 2229/2229/2165
f 2207/2207/2143 2206/2206/2142 2234/2234/2170
f 2206/2206/2142 2208/2208/2144 2234/2234/2170
f 2208/2208/2144 2209/2209/2145 2234/2234/2170
f 2209/2209/2145 2210/2210/2146 2234/2234/2170
f 2211/2211/2147 2212/2212/2148 2234/2234/2170
f 2213/2213/2149 2214/2214/2150 2234/2234/2170
f 2212/2212/2148 2213/2213/2149 2234/2234/2170
f 2215/2215/2151 2207/2207/2143 2234/2234/2170
f 2216/2216/2152 2211/2211/2147 2234/2234/2170
f 2217/2217/2153 2215/2215/2151 2234/2234/2170
f 2218/2218/2154 2216/2216/2152 2234/2234/2170
f 2214/2214/2150 2217/2217/2153 2234/2234/2170
f 2210/2210/2146 2219/2219/2155 2234/2234/2170
f 2219/2219/2155 2233/2233/2169 2234/2234/2170
f 2220/2220/2156 2218/2218/2154 2234/2234/2170
f 2221/2221/2157 2222/2222/2158 2234/2234/2170
f 2223/2223/2159 2221/2221/2157 2234/2234/2170
f 2224/2224/2160 2223/2223/2159 2234/2234/2170
f 2225/2225/2161 2224/2224/2160 2234/2234/2170
f 2227/2227/2163 2226/2226/2162 2234/2234/2170
f 2229/2229/2165 2228/2228/2164 2234/2234/2170
f 2228/2228/2164 2227/2227/2163 2234/2234/2170
f 2222/2222/2158 2230/2230/2166 2234/2234/2170
f 2226/2226/2162 2231/2231/2167 2234/2234/2170
f 2230/2230/2166 2232/2232/2168 2234/2234/2170
f 2233/2233/2169 2225/2225/2161 2234/2234/2170
f 2231/2231/2167 2220/2220/2156 2234/2234/2170
f 2232/2232/2168 2229/2229/2165 2234/2234/2170
f 1087/1087/1022 1068/1068/1003 2205/2205/2141
f 2205/2205/2141 1068/1068/1003 1061/1061/996
f 1051/1051/986 404/404/374 1061/1061/996
f 1061/1061/996 404/404/374 2205/2205/2141
f 1742/1742/1676 1748/1748/1682 1763/1763/1697
f 2233/2233/2169 2219/2219/2155 838/838/775
f 838/838/775 2219/2219/2155 408/408/378
f 90/90/88 2235/2235/407 88/88/87
f 88/88/87 2235/2235/407 2236/2236/404
f 839/839/776 837/837/774 410/410/380
f 410/410/380 837/837/774 409/409/379
f 837/837/774 838/838/775 409/409/379
f 409/409/379 838/838/775 408/408/378
f 840/840/777 839/839/776 411/411/381
f 411/411/381 839/839/776 410/410/380
f 840/840/777 411/411/381 845/845/781
f 845/845/781 411/411/381 441/441/410
f 845/845/781 441/441/410 442/442/411
f 442/442/411 441/441/410 443/443/412
f 117/117/114 131/131/125 443/443/412
f 443/443/412 131/131/125 445/445/414
f 131/131/125 133/133/127 445/445/414
f 445/445/414 133/133/127 2200/2200/423
f 847/847/782 2237/2237/423 848/848/783
f 848/848/783 2237/2237/423 2238/2238/424
f 848/848/783 2238/2238/424 849/849/784
f 849/849/784 2238/2238/424 2239/2239/425
f 849/849/784 2239/2239/425 850/850/785
f 850/850/785 2239/2239/425 2240/2240/426
f 850/850/785 2240/2240/426 843/843/779
f 843/843/779 2240/2240/426 2241/2241/408
f 844/844/780 843/843/779 2242/2242/409
f 2242/2242/409 843/843/779 2241/2241/408
f 841/841/778 844/844/780 2243/2243/403
f 2243/2243/403 844/844/780 2242/2242/409
f 841/841/778 2243/2243/403 842/842/405
f 842/842/405 2243/2243/403 2244/2244/404
f 2235/2235/407 90/90/88 2245/2245/421
f 2245/2245/421 90/90/88 164/164/155
f 150/150/141 2246/2246/417 164/164/155
f 164/164/155 2246/2246/417 2245/2245/421
f 149/149/136 2247/2247/415 150/150/141
f 150/150/141 2247/2247/415 2246/2246/417
f 142/142/136 78/78/78 450/450/415
f 450/450/415 78/78/78 427/427/397
f 76/76/76 425/425/395 78/78/78
f 78/78/78 425/425/395 427/427/397
f 79/79/79 429/429/399 76/76/76
f 76/76/76 429/429/399 425/425/395
f 79/79/79 82/82/82 429/429/399
f 429/429/399 82/82/82 431/431/401
f 82/82/82 384/384/354 431/431/401
f 431/431/401 384/384/354 462/462/429
f 384/384/354 386/386/356 462/462/429
f 462/462/429 386/386/356 464/464/431
f 389/389/359 467/467/434 386/386/356
f 386/386/356 467/467/434 464/464/431
f 390/390/360 469/469/436 389/389/359
f 389/389/359 469/469/436 467/467/434
f 2201/2201/2137 1660/1660/1594 390/390/360
f 390/390/360 1660/1660/1594 469/469/436
f 2204/2204/2140 2199/2199/2136 2201/2201/2137
f 2201/2201/2137 2199/2199/2136 1660/1660/1594
f 2204/2204/2140 2203/2203/2139 2199/2199/2136
f 2199/2199/2136 2203/2203/2139 2198/2198/2135
f 2203/2203/2139 2202/2202/2138 2198/2198/2135
f 2198/2198/2135 2202/2202/2138 2197/2197/2134
f 2202/2202/2138 900/900/835 2197/2197/2134
f 2197/2197/2134 900/900/835 2196/2196/2133
f 900/900/835 899/899/834 2196/2196/2133
f 2196/2196/2133 899/899/834 2195/2195/2132
f 1095/1095/1030 2195/2195/2132 899/899/834
f 1596/1596/1530 2195/2195/2132 1095/1095/1030
f 1095/1095/1030 901/901/836 897/897/832
f 319/319/291 2248/2248/133 321/321/293
f 321/321/293 2248/2248/133 2249/2249/289
f 325/325/297 2250/2250/377 323/323/295
f 323/323/295 2250/2250/377 2251/2251/135
f 323/323/295 2251/2251/135 319/319/291
f 319/319/291 2251/2251/135 2248/2248/133
f 269/269/245 266/266/242 2252/2252/246
f 2252/2252/246 266/266/242 2253/2253/238
f 267/267/243 275/275/251 2254/2254/239
f 2254/2254/239 275/275/251 2255/2255/247
f 266/266/242 267/267/243 2253/2253/238
f 2253/2253/238 267/267/243 2254/2254/239
f 290/290/264 269/269/245 2256/2256/262
f 2256/2256/262 269/269/245 2252/2252/246
f 321/321/293 2249/2249/289 276/276/252
f 276/276/252 2249/2249/289 2257/2257/248
f 275/275/251 276/276/252 2255/2255/247
f 2255/2255/247 276/276/252 2257/2257/248
f 284/284/258 277/277/253 286/286/260
f 286/286/260 277/277/253 287/287/261
f 358/358/328 2258/2258/329 280/280/256
f 280/280/256 2258/2258/329 2259/2259/254
f 280/280/256 2259/2259/254 282/282/258
f 282/282/258 2259/2259/254 2260/2260/253
f 286/286/260 287/287/261 293/293/267
f 293/293/267 287/287/261 291/291/265
f 358/358/328 290/290/264 2258/2258/329
f 2258/2258/329 290/290/264 2256/2256/262
f 293/293/267 291/291/265 295/295/269
f 295/295/269 291/291/265 296/296/270
f 295/295/269 296/296/270 299/299/273
f 299/299/273 296/296/270 297/297/271
f 301/301/275 299/299/273 302/302/276
f 302/302/276 299/299/273 297/297/271
f 316/316/288 301/301/275 314/314/286
f 314/314/286 301/301/275 302/302/276
f 311/311/284 312/312/281 2261/2261/285
f 2261/2261/285 312/312/281 2262/2262/277
f 308/308/282 316/316/288 304/304/278
f 304/304/278 316/316/288 314/314/286
f 307/307/281 308/308/282 303/303/277
f 303/303/277 308/308/282 304/304/278
f 325/325/297 311/311/284 2250/2250/377
f 2250/2250/377 311/311/284 2261/2261/285
f 797/797/736 795/795/734 2263/2263/2131
f 2263/2263/2131 795/795/734 2264/2264/571
f 792/792/731 793/793/732 2265/2265/572
f 2265/2265/572 793/793/732 2266/2266/728
f 795/795/734 792/792/731 2264/2264/571
f 2264/2264/571 792/792/731 2265/2265/572
f 739/739/682 2267/2267/677 746/746/689
f 746/746/689 2267/2267/677 2268/2268/687
f 741/741/684 2269/2269/685 737/737/680
f 737/737/680 2269/2269/685 2270/2270/678
f 737/737/680 2270/2270/678 739/739/682
f 739/739/682 2270/2270/678 2267/2267/677
f 762/762/703 2271/2271/701 741/741/684
f 741/741/684 2271/2271/701 2269/2269/685
f 793/793/732 748/748/691 2266/2266/728
f 2266/2266/728 748/748/691 2272/2272/686
f 746/746/689 2268/2268/687 748/748/691
f 748/748/691 2268/2268/687 2272/2272/686
f 829/829/766 753/753/696 2273/2273/769
f 2273/2273/769 753/753/696 2274/2274/693
f 757/757/697 758/758/699 749/749/692
f 749/749/692 758/758/699 759/759/700
f 753/753/696 754/754/697 2274/2274/693
f 2274/2274/693 754/754/697 2275/2275/692
f 758/758/699 765/765/706 759/759/700
f 759/759/700 765/765/706 763/763/704
f 829/829/766 2273/2273/769 762/762/703
f 762/762/703 2273/2273/769 2271/2271/701
f 765/765/706 767/767/708 763/763/704
f 763/763/704 767/767/708 768/768/709
f 767/767/708 771/771/712 768/768/709
f 768/768/709 771/771/712 769/769/710
f 773/773/714 774/774/715 771/771/712
f 771/771/712 774/774/715 769/769/710
f 788/788/727 786/786/725 773/773/714
f 773/773/714 786/786/725 774/774/715
f 780/780/721 775/775/716 788/788/727
f 788/788/727 775/775/716 786/786/725
f 782/782/723 2276/2276/724 784/784/719
f 784/784/719 2276/2276/724 2277/2277/717
f 778/778/719 776/776/717 780/780/721
f 780/780/721 776/776/717 775/775/716
f 797/797/736 2263/2263/2131 782/782/723
f 782/782/723 2263/2263/2131 2276/2276/724
f 2044/2044/1977 1973/1973/1907 1972/1972/1906
f 1302/1302/1237 1301/1301/1236 1304/1304/1239
# Vertices: 2277, normals: 2170, texture coordinates: 2277, faces: 4212

